1,147,odRemuON9tc-zdALojUaHqp_GXkQ,游戏券,万达影城200元储值卡,2017-11-15 14:49:39.309402,32872,13501705443,2060170929000062,20600006110,黎莉莉,,皖A666666,
2,9149,odRemuNPoh8ObEIK4WscpIR5CDqM,游戏券,鞋带报警器,2017-11-15 23:51:20.258754,2562,13816743704,2060170508000020,20600002772,杨君兰,,,
3,146,odRemuBqMNwP_j6QKYcGC0dmCt_Q,游戏券,单杯热饮兑换券,2017-11-16 00:21:45.528841,95,15221577928,2060170113000003,20600000224,李成涛,,鲁V7L692,
4,17442,odRemuBmQCk2lJALB-9ji6IPsAEo,游戏券,单杯热饮兑换券,2017-11-16 00:35:48.990098,8871,17721469640,2060170911000004,20600005883,谷田雨,,,
5,207,odRemuCrUDyuQYjFU0IAJ_Hvm1HQ,游戏券,鞋带报警器,2017-11-16 00:46:38.330600,3423,15605318282,2060170521000087,20600004283,米米,,鲁AB510E,
6,49402,odRemuJ925vFDwxQDW_RHTymqIPQ,游戏券,鞋带报警器,2017-11-16 00:54:33.996836,9193,15853118159,2060170926000010,20600005210,赵,,鲁A5H298,
7,50464,odRemuDnPeugq9gjmEZW4oO__Tls,游戏券,鞋带报警器,2017-11-16 01:01:25.389869,8908,18653085205,2060170914000005,20600007228,李哲,,,
8,220,odRemuMOM9Q5FlmUoWxMQQrWR-9Y,游戏券,单杯热饮兑换券,2017-11-16 01:02:23.342574,407,13176441752,2060170124000011,20600000488,许静,,,
9,68908,odRemuMBhKjVP8WczEpj7wobX_N4,游戏券,鞋带报警器,2017-11-16 01:02:52.936595,33836,13869150297,2060171004000017,20600005868,黄艳红,,,
10,264,odRemuHxDk4Q1Cjs_LecafWjjTqE,游戏券,单杯热饮兑换券,2017-11-16 01:04:58.660720,148,15666011397,2060170118000039,20600000905,李娟,,,
11,5301,odRemuKS_I3Ei9AKPDSLD1cVvQXg,游戏券,单杯热饮兑换券,2017-11-16 01:18:51.277739,1617,15866606920,2060170324000001,20600001473,王梦熙,,,
12,4099,odRemuOnL77t_4rRNx1DtwUa7whU,游戏券,单杯热饮兑换券,2017-11-16 01:25:51.777975,39338,13954139996,2060171110000057,20600017153,Laura,,,
13,90818,odRemuNW5Ger73OZqQ0J5oEl-ukY,游戏券,单杯热饮兑换券,2017-11-16 01:27:12.225947,40677,15864792272,2060171116000006,20600020789,赵彩羽,,,
14,89567,odRemuFgurdzSaCQzGLsjd1HwBUc,游戏券,单杯热饮兑换券,2017-11-16 01:41:36.213770,40263,13808927552,2060171112000318,20600018537,任冬雪,,,
15,326,odRemuBX4OZ1KnDI6paIlNrJvjDk,游戏券,万达影城200元储值卡,2017-11-16 02:04:32.249674,200,15866640793,2060170118000090,20600001059,高南南,,,
16,6059,odRemuFRbdjrE7c6bFXHq7rbPbaE,游戏券,单杯热饮兑换券,2017-11-16 02:05:59.856622,1768,15866622277,2060170411000010,20600002183,宁,,,
17,256,odRemuKPhhVch8L3BqzK5Ar4LPOI,游戏券,鞋带报警器,2017-11-16 02:07:50.711232,142,18560112090,2060170118000033,20600000532,梁震,,,
18,52965,odRemuL6bbHvMzbxMZd_ZemtR6GI,游戏券,单杯热饮兑换券,2017-11-16 02:23:49.925615,36349,18763996935,2060171025000033,20600016133,蔡娜,,,
19,4207,odRemuD1IH9yDj9_aQxyIKiUVG98,游戏券,鞋带报警器,2017-11-16 02:25:54.046880,1760,15910086929,2060170411000002,20600002480,付剑桥,,,
20,2637,odRemuJ8F3RE8QblXRr8lDu7W9ns,游戏券,鞋带报警器,2017-11-16 02:26:12.257301,3011,15253181168,2060170516000013,20600002552,方喆,,鲁AF930Z,
21,72324,odRemuF8V2SMGBbkkYbwU63HCOg8,游戏券,鞋带报警器,2017-11-16 02:41:34.896576,34410,13853154455,2060171010000033,20600005531,诸葛征南,,,
22,5354,odRemuIiYFiMlEl8z_R0NnUo4it4,游戏券,单杯热饮兑换券,2017-11-16 02:41:36.222458,1620,15069155001,2060170325000001,20600000200,王丽,,,
23,49352,odRemuLr5ESLPmC_tpPOfIcAHeYg,游戏券,单杯热饮兑换券,2017-11-16 02:41:42.339236,33351,18678779153,2060170930000474,20600007641,田玲,,鲁AWP662,
24,78166,odRemuOQLG5KTuGcrp1vXkgU85b8,游戏券,单杯热饮兑换券,2017-11-16 02:41:42.668322,36234,13583198111,2060171023000021,20600007611,夏女士,,,
25,65582,odRemuNxa4l5lfvYbDlw0fRz0NUA,游戏券,单杯热饮兑换券,2017-11-16 02:41:52.968487,32779,13963421222,2060170928000012,20600004835,媛媛,,,
26,88450,odRemuHkGRlUxesNdttYtnwR6PhY,游戏券,单杯热饮兑换券,2017-11-16 02:41:55.616951,39799,18560111706,2060171111000404,20600018371,徐帆,,,
27,1854,odRemuGlwP65RvYfRWSRLNv3YcNQ,游戏券,DEKREI保湿喷雾,2017-11-16 02:41:57.575654,3076,18663775643,2060170517000042,20600003662,邱宁,,,
28,88228,odRemuJ1STF0ecWbiSn-EZ2sYKuI,游戏券,鞋带报警器,2017-11-16 02:41:58.707948,39675,17801091019,2060171111000281,20600017649,赵玺,,,
29,31955,odRemuIqOmPsilXG2WNAU7gPArqg,游戏券,鞋带报警器,2017-11-16 02:41:59.984954,37547,15665701717,2060171031000016,20600016465,孙,,,
30,88674,odRemuKRP_6ZWdWBIblPhxVLb0cc,游戏券,鞋带报警器,2017-11-16 02:42:23.983650,39921,15668402971,2060171111000522,20600017468,潘悦,,,
31,88451,odRemuD669SLDA7uCYNrtYYXmSo0,游戏券,鞋带报警器,2017-11-16 02:42:26.671578,39801,18866850315,2060171111000406,20600018381,姚春暖,,,
32,65570,odRemuPkXZinXlDkq_vqPLpwY3w8,游戏券,单杯热饮兑换券,2017-11-16 02:42:34.044344,32776,15589952608,2060170928000009,20600006349,刘雪芹,,,
33,87285,odRemuFP1vlhoq5fUFsvp18KhI1U,游戏券,万达影城200元储值卡,2017-11-16 02:42:36.080843,39951,18624095275,2060171112000006,20600015271,孙云超,,,
34,79059,odRemuDoNe99r8yldXT8zfZRJHP0,游戏券,鞋带报警器,2017-11-16 02:42:36.675917,36468,15552566900,2060171026000046,20600008824,刘小燕,,,
35,89408,odRemuMtBisvmWpyNcOJUi0eg8t0,游戏券,DEKREI保湿喷雾,2017-11-16 02:42:41.529648,40198,17865193710,2060171112000253,20600017670,聂婧,,,
36,79704,odRemuOMN88nxnPtgP9GyBNnnrDo,游戏券,鞋带报警器,2017-11-16 02:42:44.423282,36850,15169081615,2060171027000268,20600016594,丁玲玲,,,
37,76027,odRemuENh706856ZtNMky7rsDBdg,游戏券,万达影城200元储值卡,2017-11-16 02:43:07.703977,35248,15168865161,2060171020000052,20600015507,许佳涵,,,
38,78589,odRemuAiD-05NwPR3rcd8_mEyBgs,游戏券,鞋带报警器,2017-11-16 02:43:10.089081,36319,18854167763,2060171025000006,20600016505,赵伟,,鲁AK9B13,
39,89925,odRemuN4nzWSg9ZBQlDk_PRatqOU,游戏券,鞋带报警器,2017-11-16 02:43:35.092984,40361,18364166068,2060171113000076,20600017223,宋国栋,,,
40,84467,odRemuFSfwAdX6ykyN3FJWlAjOq4,游戏券,单杯热饮兑换券,2017-11-16 02:43:37.215359,38315,15288853450,2060171105000039,20600019422,王亚文,,,
41,9193,odRemuGnE35pk2G67yCDonZFqo_E,游戏券,鞋带报警器,2017-11-16 02:43:42.237080,2564,15628869221,2060170508000022,20600001910,张瑜璇,,,
42,81137,odRemuIjNWWYjjA__D-bjvT5n-hs,游戏券,单杯热饮兑换券,2017-11-16 02:44:13.892905,37339,15069591920,2060171029000146,20600008885,李文慧,,,
43,77505,odRemuH0-MYmcQMdnRt5HYGpruRc,游戏券,万达影城200元储值卡,2017-11-16 02:44:22.833330,36002,13365406446,2060171022000187,20600100845,谌颖,,,
44,88076,odRemuBZrkIDLBx8IwPyGwX2m1Ic,游戏券,单杯热饮兑换券,2017-11-16 02:44:29.165326,39590,17865161336,2060171111000196,20600017465,张琦,,,
45,87983,odRemuCcGrL-9xMjGwckE09HPgo0,游戏券,单杯热饮兑换券,2017-11-16 02:44:38.606908,39547,17864115749,2060171111000153,20600018833,秦闯闯,,,
46,82145,odRemuBvzJGDYG4D331y56KE-fNM,游戏券,单杯热饮兑换券,2017-11-16 02:44:40.293830,37595,15553125527,2060171031000064,20600019330,贾贺岚,,,
47,79355,odRemuGedQqed7ZaGy23sgAtxZqQ,游戏券,单杯热饮兑换券,2017-11-16 02:45:03.046157,39844,15550003359,2060171111000447,20600018438,韩成,,鲁AV2T73,
48,88291,odRemuK6TCgnpjGyw60awYh68kQk,游戏券,单杯热饮兑换券,2017-11-16 02:45:12.907181,39712,15064073073,2060171111000319,20600017575,张素连,,,
49,79044,odRemuPnhcw7WacgzPu_Bhi0Zk-M,游戏券,屈臣氏骨胶原滋养紧致霜,2017-11-16 02:45:14.912877,36456,13075300089,2060171026000034,20600016963,周娜,,,
50,88263,odRemuAOGyKD18wuQY_df7zONQyw,游戏券,单杯热饮兑换券,2017-11-16 02:45:23.607617,39693,15165030665,2060171111000300,20600018631,杜美辰,,,
51,90018,odRemuNP3-Hv5kJJZq0B2Sjl91SA,游戏券,单杯热饮兑换券,2017-11-16 02:45:34.894643,40402,18735684415,2060171114000037,20600015567,马园方,,,
52,86643,odRemuHca5i_u6s7KSvpldJVhO-g,游戏券,鞋带报警器,2017-11-16 02:45:43.461554,39141,13758595735,2060171109000015,20600017085,钱依文,,,
53,73673,odRemuOPFzPrI9zx1keVbLdYkE4U,游戏券,鞋带报警器,2017-11-16 02:45:54.128592,34816,17853132241,2060171014000160,20600015197,韩美华,,,
54,88490,odRemuHqkYWKzuNMkUBX0MEZRHec,游戏券,单杯热饮兑换券,2017-11-16 02:46:27.668283,39819,13064038886,2060170929000004,20600005084,李彩卫,,,
55,65895,odRemuA5vM_43NDsarStrIINWaiU,游戏券,单杯热饮兑换券,2017-11-16 02:46:34.401773,32848,15169156805,2060170929000039,20600004717,刘芹,,,
56,81193,odRemuOiWxVcowsbBAnn2doKqwlA,游戏券,鞋带报警器,2017-11-16 02:46:42.139615,37369,15288847131,2060171029000172,20600016169,田林,,,
57,88900,odRemuL7TGb4yFIeixvHYvSBA0QE,游戏券,单杯热饮兑换券,2017-11-16 02:47:01.058615,39982,15288865104,2060171112000037,20600017671,曹静,,,
58,31890,odRemuI2cMveBFUOy5MBeuO-NMq8,游戏券,单杯热饮兑换券,2017-11-16 02:47:17.039145,9081,15562680319,2060170922000017,20600005370,曾子琪,,,
59,79470,odRemuFxKXLGZmVcd-YKjl1-pr0w,游戏券,单杯热饮兑换券,2017-11-16 02:48:33.007023,36694,13165136555,2060171027000112,20600015797,张丽,,苏B621NA,
60,12188,odRemuFp_65GRZ2qIR-JUXRnYs2k,游戏券,鞋带报警器,2017-11-16 02:49:23.808346,3638,13864100100,2060170527000021,20600004157,张冰冰,,,
61,85254,odRemuPtuLyIvFuRKnmgL94aKDl8,游戏券,单杯热饮兑换券,2017-11-16 02:51:20.995873,39746,18615579526,2060171111000352,20600018303,王宇尘,,,
62,44879,odRemuP7e_Qvsd7vlLVy4KlXh6Tw,游戏券,屈臣氏骨胶原滋养紧致霜,2017-11-16 02:51:27.238232,36710,15552899394,2060171027000128,20600016228,亓文静,,,
63,87739,odRemuI_VY_ng9jEZGr6XH4rfVnM,游戏券,鞋带报警器,2017-11-16 02:52:25.732392,39433,15552855932,2060171111000039,20600018621,孔凡兰,,,
64,78011,odRemuPKiPV3qfUhwkPNhnfjfnVs,游戏券,鞋带报警器,2017-11-16 02:53:12.971335,36195,18753157698,2060171022000377,20600100876,高艺峻,,,
65,65959,odRemuB-KUGlt_ZbHfjdxgIv4EM0,游戏券,单杯热饮兑换券,2017-11-16 02:53:46.763488,32860,15621897858,2060170929000051,20600006056,周勇,,鲁AU1L79,
66,66197,odRemuGFrQEbkhT7BlxPLROKilyo,游戏券,鞋带报警器,2017-11-16 02:54:23.229633,32891,18254125567,2060170930000017,20600005639,刘玉晓,,,
67,87307,odRemuFCqnJvMbCPTyn2dkF2dVpQ,游戏券,单杯热饮兑换券,2017-11-16 02:55:53.636559,39823,15098781980,2060171111000426,20600019287,魏晓燕,,,
68,87866,odRemuIFGw73pLKr3XcOtB9V_2N4,游戏券,单杯热饮兑换券,2017-11-16 02:57:23.508288,39497,17854195466,2060171111000103,20600016869,张悦,,,
69,88410,odRemuL8zflFjbtd8psLqQylpy70,游戏券,单杯热饮兑换券,2017-11-16 02:57:36.796342,39774,18906442655,2060171111000379,20600017835,张雪,,,
70,87035,odRemuJz2f8Djl1FHfQ7a0uz0ELI,游戏券,鞋带报警器,2017-11-16 02:59:50.099703,40280,15169035503,2060171112000335,20600018117,张云红,,,
71,75062,odRemuMM_ISxzCU1vdGa2D_5hjJw,游戏券,单杯热饮兑换券,2017-11-16 03:01:56.164659,35048,18678897802,2060171017000029,20600015051,秦晓欢,,,
72,87477,odRemuCsZgW63N3iifrr2HaBE030,游戏券,单杯热饮兑换券,2017-11-16 03:02:53.168760,39360,17615866090,2060171110000076,20600019888,杨艳,,,
73,88904,odRemuBG2nZMz8NGoH1E_PjuwQao,游戏券,鞋带报警器,2017-11-16 03:08:42.914716,39986,15153773979,2060171112000041,20600018699,张歆儒,,,
74,82115,odRemuFAsTcSHDCQbzu9w8DAl-Eo,游戏券,单杯热饮兑换券,2017-11-16 03:09:31.937129,37589,18615578063,2060171031000058,20600016975,宋开碧,,,
75,17842,odRemuGbiLrC2DUnrDYjvI74m9E8,游戏券,DEKREI保湿喷雾,2017-11-16 03:12:33.280788,4684,18753112409,2060170619000022,20600003388,季小含,,,
76,17079,odRemuOQF_gm5ALUFjz-YFb0lDHk,游戏券,单杯热饮兑换券,2017-11-16 03:13:13.802373,4542,18615538113,2060170618000001,20600007655,孙光山,,鲁A15W25,
77,5388,odRemuO8VhCawvsgF7FHaqeaxYLc,游戏券,鞋带报警器,2017-11-16 03:14:31.461416,1633,18668928280,2060170325000014,20600001849,田颖,,,
78,77846,odRemuCyEdCTRQoYGYl9niVB5cB8,游戏券,鞋带报警器,2017-11-16 03:14:59.833113,36156,13964093203,2060171022000338,20600100317,卡卡,,,
79,65642,odRemuPN5iIlcVHVYvH9f-ntzn1I,游戏券,单杯热饮兑换券,2017-11-16 03:23:33.116171,32792,15698001487,2060170928000024,20600004955,刘阳,,,
80,4047,odRemuKyzBzZklioZwDFuD8WbZa0,游戏券,鞋带报警器,2017-11-16 03:31:16.241501,1811,18660134060,2060170418000002,20600000268,姜姝晗,,,
81,88157,odRemuKPMVXn_w-RWI9OYDNXUhFo,游戏券,万达影城200元储值卡,2017-11-16 03:34:48.362389,39632,18560129282,2060171111000238,20600018066,秦素香,,,
82,88945,odRemuCFR4zrL4LNXMbrNpwGJrZo,游戏券,鞋带报警器,2017-11-16 03:38:35.463166,40000,13854168209,2060171112000055,20600018011,吴睿,,,
83,66925,odRemuB1wmV5SCZNitPYQVo0POhQ,游戏券,单杯热饮兑换券,2017-11-16 03:45:09.316456,33534,18766173335,2060170123000002,20600000158,张新龙,,,
84,55902,odRemuEvZK3Im9gYdJ0_plFQlJmE,游戏券,单杯热饮兑换券,2017-11-16 03:45:24.632301,39833,18560093227,2060171111000436,20600017266,宋娟,,,
85,88550,odRemuFEyhb634oILv8AJaC5Ells,游戏券,鞋带报警器,2017-11-16 03:46:01.088343,39852,18615507261,2060171111000455,20600019132,顾凯,,,
86,88623,odRemuILSYOFvcnbjQMg9AHVtSqU,游戏券,单杯热饮兑换券,2017-11-16 03:47:28.316475,39894,13066007477,2060171111000497,20600018450,张照虎,,,
87,87085,odRemuDV1xGG64IOiYLbDdZDrNo8,游戏券,鞋带报警器,2017-11-16 03:53:45.580791,39317,17615842542,2060171110000038,20600016481,夏旭,,,
88,76325,odRemuP24IHss7yqiOqU4C_ZtDmw,游戏券,单杯热饮兑换券,2017-11-16 03:55:15.978708,35369,15165042922,2060171021000083,20600100402,孙文双,,,
89,72708,odRemuJF9pcLRxahAfBxdUabUMe4,游戏券,屈臣氏骨胶原滋养紧致霜,2017-11-16 03:56:15.835353,34491,18753108568,2060171012000003,20600009029,张莉莉,,,
90,34650,odRemuH7N5xOK96820EHD0K2A8kc,游戏券,鞋带报警器,2017-11-16 03:56:45.955309,8062,13405311992,2060170812000008,20600005278,牛先生,,鲁B1U32K,
91,89473,odRemuK91xBh85u7AtLw6wiQT9Mc,游戏券,鞋带报警器,2017-11-16 03:57:09.987861,40230,18766129117,2060171112000285,20600017540,徐先生,,,
92,69166,odRemuPIv-kxuD4hjJ3wwvbrb0G8,游戏券,美吉姆200元储值卡,2017-11-16 04:01:35.405808,33867,15169191001,2060171004000041,20600008655,徐静,,,
93,18077,odRemuMzFwWVw9huXwNDkbG9u0XE,游戏券,单杯热饮兑换券,2017-11-16 04:21:49.687348,32811,13064038886,2060170929000004,20600005084,李彩卫,,,
94,66497,odRemuKBKjN9N8zh1zqLVoBwMdfE,游戏券,单杯热饮兑换券,2017-11-16 04:26:57.202288,33405,13075398996,2060170930000527,20600006939,李雯,,,
95,89513,odRemuMJn9kORI-zZddNTpEYC_dc,游戏券,美吉姆200元储值卡,2017-11-16 04:27:34.248800,40245,13031712505,2060171112000300,20600018298,魏佳,,,
96,27975,odRemuJb4xFrdLLisUb_swM4JcoM,游戏券,单杯热饮兑换券,2017-11-16 04:34:10.984704,39724,15054198656,2060171111000331,20600018324,刘广燕,,,
97,17959,odRemuA5mjLONpbZg8DKn0S79tNY,游戏券,DEKREI保湿喷雾,2017-11-16 04:37:11.656444,4707,13305414315,2060170620000006,20600007289,刘书蕊,,,
98,87053,odRemuDpVmZinNz9_v3ngfZyEf-I,游戏券,鞋带报警器,2017-11-16 04:41:13.709340,40275,15866627307,2060171112000330,20600017973,王雁,,,
99,89128,odRemuK5bKhWBd2fmNVMUh8Hy3ug,游戏券,鞋带报警器,2017-11-16 04:43:22.478791,40066,13220591235,2060171112000121,20600018120,陈云兰,,,
100,24231,odRemuK8dMhBo9zEen4Kt-RRh1BI,游戏券,单杯热饮兑换券,2017-11-16 04:49:26.647406,6585,15552858196,2060170714000007,20600007520,汲玲玲,,,
101,79695,odRemuHwyuyaGeWimQgN0nQgMIck,游戏券,鞋带报警器,2017-11-16 05:00:49.212688,36841,15165093596,2060171027000259,20600015510,李青青,,,
102,90919,odRemuNTCTdd_HBGdmvyF7PcL4HI,游戏券,鞋带报警器,2017-11-16 05:15:31.930043,40696,18396806571,2060171116000025,20600018543,刘冰,,,
103,89127,odRemuOgw2_HAHMositFNDzHOkMo,游戏券,单杯热饮兑换券,2017-11-16 05:25:53.655101,40068,13589107518,2060171112000123,20600019383,郭兆全,,,
104,88477,odRemuKT3O8yZXvXLdSmx2TmEsTg,游戏券,单杯热饮兑换券,2017-11-16 05:32:31.109490,39812,15562290365,2060171111000417,20600017312,周大围,,,
105,46122,odRemuIxIDkeF4ZXkjCWZTTpNaMw,游戏券,鞋带报警器,2017-11-16 05:34:24.004705,8548,15806671192,2060170828000001,20600008022,柳静,,,
106,72608,odRemuNRzQ3twTJMxtAqcybWyKsU,游戏券,鞋带报警器,2017-11-16 05:46:24.941021,34470,18678341892,2060171011000040,20600009057,张,,,
107,76539,odRemuNK4ib3-p92AChqA9hag5F0,游戏券,单杯热饮兑换券,2017-11-16 05:50:16.490364,35517,13589771911,2060171021000231,20600100799,孙惠惠,,,
108,71392,odRemuPVm-RLUkR__tOperPoEWzI,游戏券,单杯热饮兑换券,2017-11-16 05:59:43.992817,34248,17625070328,2060171008000037,20600008278,施冠程,,,
109,69064,odRemuOq-rFcxbi0lh_XWg8nmsZo,游戏券,自然乐园面膜,2017-11-16 06:16:49.588801,33853,13001722023,2060171004000029,20600007215,范立萌,,,
110,51490,odRemuMMvP0kuW4JXdSaw_95gtUo,游戏券,鞋带报警器,2017-11-16 06:21:34.211807,8939,13589009633,2060170916000004,20600006806,张德涛,,,
111,87906,odRemuFRoqRm5lhRMWcCD3E_ZJ5s,游戏券,鞋带报警器,2017-11-16 06:23:34.367278,39511,15588820212,2060171111000117,20600018201,邓羽含,,,
112,89437,odRemuJFPkrXxNVg4FUwPj-QzIDg,游戏券,鞋带报警器,2017-11-16 06:26:24.762481,40213,13698648837,2060171112000268,20600015942,白小天,,,
113,89358,odRemuHeraib6gdl6TihfIlH6Kck,游戏券,单杯热饮兑换券,2017-11-16 06:50:46.582213,40178,15966676600,2060171112000233,20600018136,于坤玉,,,
114,30670,odRemuKh15Y21_O7wjxSh3OBlKkI,游戏券,单杯热饮兑换券,2017-11-16 06:55:09.374262,7979,13065020261,2060170808000009,20600005698,王玥,,PC150,
115,79741,odRemuFBCgunsVKeiuEHVBVosRUc,游戏券,单杯热饮兑换券,2017-11-16 07:15:48.902039,36874,15866750645,2060171027000292,20600005117,我,,,
116,89914,odRemuFolQwBk1Dw-C_sbyfCRkmU,游戏券,鞋带报警器,2017-11-16 07:19:31.507706,40359,18254178367,2060171113000074,20600017319,李悦,,,
117,329,odRemuGdaKbfcDFd1kPMaGB8x3U4,游戏券,鞋带报警器,2017-11-16 07:23:38.582378,269,15562689725,2060170122000057,20600001072,王宇,,,
118,90998,odRemuAKHAns7LXYyq3qNjZFvQss,游戏券,鞋带报警器,2017-11-16 07:26:45.652610,40726,13065036543,2060171116000054,20600017980,林,,,
119,14912,odRemuAt37qXEw-CW56JyAlcb0VA,游戏券,单杯热饮兑换券,2017-11-16 07:27:10.994620,4111,15169159667,2060170610000001,20600004922,聂媛媛,,,
120,45419,odRemuAjwrzwsqLziEcMlelanQ_I,游戏券,DEKREI保湿喷雾,2017-11-16 07:34:49.073131,40183,18888290502,2060171112000238,20600018548,祝玉婷,,,
121,90564,odRemuNJEkW1ii9xSFCo3I2zPkPo,游戏券,鞋带报警器,2017-11-16 07:37:06.522209,40608,18668932360,2060171115000083,20600017965,周,,,
122,187,odRemuD-tNxVUULhBotXN0y_dju4,游戏券,鞋带报警器,2017-11-16 08:08:38.605701,149,18916639707,2060170118000040,20600000275,郑荣喆,,,
123,88343,odRemuJtNDFDhihR51MPxr6q_Btg,游戏券,单杯热饮兑换券,2017-11-16 08:23:18.392669,39739,18953107687,2060171111000345,20600017268,李妍妍,,,
124,20050,odRemuEmyQnhPgh4fVEiSvNJbrOc,游戏券,鞋带报警器,2017-11-16 08:26:37.296900,5489,15275414888,2060170628000018,20600004698,段成章,,,
125,77053,odRemuP2Yv7VENoKz9MtL-qKzwcM,游戏券,单杯热饮兑换券,2017-11-16 08:38:20.345463,35794,18766153039,2060171021000507,20600101529,韩飞,,,
126,24842,odRemuGMWuWZHPf_k2dZCKRYQ7YU,游戏券,单杯热饮兑换券,2017-11-16 08:40:19.988386,6823,18678772243,2060170715000049,20600001459,戴伟,,鲁AS9L16,
127,44916,odRemuOA-2T761Km8hpMakWSG37I,游戏券,单杯热饮兑换券,2017-11-16 08:48:16.435676,8469,15153133305,2060170826000001,20600005312,王震涛,,,
128,25304,odRemuAiKFTRH2-roOHwxq-5Qzpc,游戏券,鞋带报警器,2017-11-16 09:18:20.153368,7003,18253106736,2060170716000026,20600007986,刘,,,
129,241,odRemuP773nBJg0W-oFrs1TBRJSs,游戏券,单杯热饮兑换券,2017-11-16 10:02:12.724280,130,18888363567,2060170118000021,20600000709,Ayuki,,,
130,90179,odRemuNUTbAjIGDiZSe58q9H4VLw,游戏券,单杯热饮兑换券,2017-11-16 10:14:31.283679,40474,13761683873,2060171114000107,20600018131,古一,,,
131,87481,odRemuPsy6apKSJH-tUPeVz4B9I0,游戏券,鞋带报警器,2017-11-16 10:25:40.474128,39362,15165142553,2060171110000078,20600017622,韩蕾,,,
132,89286,odRemuGhCYuDI_Gf54FS7Jim3VYE,游戏券,鞋带报警器,2017-11-16 10:55:11.457010,40150,13515416190,2060171112000205,20600018114,张焕双,,,
133,78896,odRemuCZaiQHs9o0kyAASToZv8j0,游戏券,单杯热饮兑换券,2017-11-16 11:02:42.471951,36415,15269119590,2060171025000097,20600016748,陈思宇,,,
134,80870,odRemuPcJ0orL-zDpMmUpZzS4A2o,游戏券,单杯热饮兑换券,2017-11-16 11:37:36.377822,37246,18363034703,2060171029000054,20600016886,王一辰,,,
135,91121,odRemuFbIpXnCH6sOOoBsVzLjrTo,游戏券,鞋带报警器,2017-11-16 11:41:55.660529,40772,18560000608,2060171116000099,20600020017,苏言文,,,
136,88346,odRemuNDbM_qNNEFCs7uo_57fHEc,游戏券,鞋带报警器,2017-11-16 12:59:05.043185,39744,13791037125,2060171111000350,20600015503,位学玲,,,
137,3643,odRemuAHv4RFfDhC3N59dw6n5TF0,游戏券,单杯热饮兑换券,2017-11-16 13:01:05.805450,1191,13256188154,2060170211000040,20600000798,许莹,,,
138,32281,odRemuGoEH0mS9C3TNcDl8iHVixY,游戏券,鞋带报警器,2017-11-16 13:01:47.340497,40432,15969709775,2060171114000065,20600016603,朱烨,,,
139,91189,odRemuCZzUz5pZfGy5EqzuJJ2S4E,游戏券,单杯热饮兑换券,2017-11-16 13:09:39.324483,40792,18765315580,2060171116000119,20600017726,周天林,,,
140,10742,odRemuKQiA5caCTqvhq5Y-qehbiM,游戏券,鞋带报警器,2017-11-16 13:10:31.989483,3138,15053121633,2060170519000017,20600001185,李健,,,
141,11157,odRemuKYH69PFeMy9Zop39-voSXA,游戏券,鞋带报警器,2017-11-16 14:11:35.323305,35271,15168890531,2060170507000058,20600002962,吕博,,,
142,90791,odRemuDQQy2ofeLTOPRW4KTFtueo,游戏券,鞋带报警器,2017-11-16 15:54:08.834330,40669,17663753950,2060171115000140,20600021215,洪亮,,,
148,152,odRemuMd7ebqKCPUnNIrzNHt3HbU,游戏券,U形枕,2017-12-09 14:50:03.548248,1371,13918045754,2060170225000016,20600001883,高雅,,,
149,49402,odRemuJ925vFDwxQDW_RHTymqIPQ,游戏券,火烈鸟靠枕,2017-12-09 22:01:53.558053,9193,15853118159,2060170926000010,20600005210,赵,,鲁A5H298,
150,49402,odRemuJ925vFDwxQDW_RHTymqIPQ,游戏券,U形枕,2017-12-09 22:07:26.416596,9193,15853118159,2060170926000010,20600005210,赵,,鲁A5H298,
151,207,odRemuCrUDyuQYjFU0IAJ_Hvm1HQ,游戏券,火烈鸟靠枕,2017-12-09 23:52:33.612159,3423,15605318282,2060170521000087,20600004283,米米,,鲁AB510E,
153,65871,odRemuIm5S_JFQ9kg-0Yzd3O2ubU,游戏券,万达影城200元卡,2017-12-09 23:56:11.395463,36342,13688617399,2060171025000026,20600008733,姜海利,,,
154,65667,odRemuKdlloOZjRX4GKcM60m1J2g,游戏券,万达影城200元卡,2017-12-10 00:14:41.597432,32798,18363093100,2060170928000031,20600005229,田军,,鲁AA76G8,
157,307,odRemuBg_0JT2AFX4AYrC-EgRwh0,游戏券,U形枕,2017-12-10 00:38:46.599593,190,13210535013,2060170118000080,20600000388,孙娟,,,
159,264,odRemuHxDk4Q1Cjs_LecafWjjTqE,游戏券,U形枕,2017-12-10 00:45:05.678110,148,15666011397,2060170118000039,20600000905,李娟,,,
160,815,odRemuNu2ham4qEfzKK5jcjSgfX0,游戏券,香蕉抱枕,2017-12-10 00:58:06.435586,490,18396883922,2060170125000026,20600000590,刘悦,,,
163,110701,odRemuEU34O3CTlHIVlSG33hjj90,游戏券,U形枕,2017-12-10 01:07:09.465252,44402,15806628260,2060171209000085,20600021740,孟祥云,,,
165,241,odRemuP773nBJg0W-oFrs1TBRJSs,游戏券,Costa饮品券,2017-12-10 01:19:27.185062,130,18888363567,2060170118000021,20600000709,Ayuki,,,
176,65570,odRemuPkXZinXlDkq_vqPLpwY3w8,游戏券,U形枕,2017-12-10 02:00:51.082990,32776,15589952608,2060170928000009,20600006349,刘雪芹,,,
177,77846,odRemuCyEdCTRQoYGYl9niVB5cB8,游戏券,火烈鸟靠枕,2017-12-10 02:26:44.593700,36156,13964093203,2060171022000338,20600100317,卡卡,,,
180,66304,odRemuNQ63vu5OsOHPX4KPEfytWE,游戏券,Costa饮品券,2017-12-10 02:32:22.549029,33843,13583118382,2060170514000065,20600003767,李铁,,,
181,110596,odRemuFmD3bHi1_5VQkaA1DYsDzA,游戏券,U形枕,2017-12-10 03:07:26.455400,44390,13793133248,2060171209000073,20600023847,罗一名,,,
186,44879,odRemuP7e_Qvsd7vlLVy4KlXh6Tw,游戏券,耳罩,2017-12-10 04:03:41.856125,36710,15552899394,2060171027000128,20600016228,亓文静,,,
188,1282,odRemuJqAJ4Src7NDUmIgRSneqOw,游戏券,Costa饮品券,2017-12-10 04:14:06.491453,664,13853163331,2060170127000019,20600000747,李卡,,,
189,1282,odRemuJqAJ4Src7NDUmIgRSneqOw,游戏券,U形枕,2017-12-10 04:14:54.933591,664,13853163331,2060170127000019,20600000747,李卡,,,
190,11770,odRemuAWUos1JsEl4V1kTss0K4uQ,游戏券,Costa饮品券,2017-12-10 04:23:29.479251,3519,13336309350,2060170524000018,20600003746,曾盼,,,
191,72758,odRemuDr8z-XDk_pEKC_utaME__g,游戏券,U形枕,2017-12-10 04:23:53.607589,34502,18953188926,2060171012000014,20600005714,李洁,,,
194,237,odRemuIKIwIgCnM9g3SmGKkLylkA,游戏券,U形枕,2017-12-10 06:02:05.370032,5006,15165012297,2060170624000009,20600003894,满满,,,
195,237,odRemuIKIwIgCnM9g3SmGKkLylkA,游戏券,火烈鸟靠枕,2017-12-10 06:02:15.744088,5006,15165012297,2060170624000009,20600003894,满满,,,
196,326,odRemuBX4OZ1KnDI6paIlNrJvjDk,游戏券,香蕉抱枕,2017-12-10 06:14:49.861352,200,15866640793,2060170118000090,20600001059,高南南,,,
198,442,odRemuKF8Id1pk_r6asZL4DATRjA,游戏券,U形枕,2017-12-10 06:20:28.658604,263,15865294300,2060170122000051,20600000742,刘秀,,,
199,111623,odRemuGdXw8i0EmPJxbL2ggvX5yI,游戏券,U形枕,2017-12-10 06:20:39.098157,44566,15098820561,2060171210000048,20600021196,马玥鹏,,,
200,111623,odRemuGdXw8i0EmPJxbL2ggvX5yI,游戏券,Costa饮品券,2017-12-10 06:21:04.139906,44566,15098820561,2060171210000048,20600021196,马玥鹏,,,
202,4207,odRemuD1IH9yDj9_aQxyIKiUVG98,游戏券,U形枕,2017-12-10 06:58:05.573521,1760,15910086929,2060170411000002,20600002480,付剑桥,,,
210,91508,odRemuE4I__uIkYhEZjQ1Yn4QK8E,游戏券,Costa饮品券,2017-12-10 07:39:12.238878,43449,15098712696,2060171125000174,20600021136,刘文燕,,,
212,5242,odRemuEWuhpT8MnsHj2JNix-P7A0,游戏券,U形枕,2017-12-10 08:33:54.231231,1606,15106960639,2060170321000002,20600002141,冯,,,
214,104545,odRemuPTzO1w6kYcENLdJtxHFk1U,游戏券,U形枕,2017-12-10 08:35:10.501995,44072,15969701673,2060171206000023,20600021674,韩晓,,,
215,104545,odRemuPTzO1w6kYcENLdJtxHFk1U,游戏券,香蕉抱枕,2017-12-10 08:35:39.624447,44072,15969701673,2060171206000023,20600021674,韩晓,,,
216,7117,odRemuGxqhPaFssnMg5s5a3NCUrQ,游戏券,Costa饮品券,2017-12-10 09:03:12.664700,3469,15588882279,2060170523000003,20600003944,张雨,,,
218,111866,odRemuATv0WUmO_SdqHV0puDPZCM,游戏券,U形枕,2017-12-10 09:12:29.655028,44607,15806419555,2060171210000087,20600022776,陈凤,,,
219,111875,odRemuHbMf03GlPeTeJe3YfdbMTk,游戏券,万达影城200元卡,2017-12-10 09:14:57.042133,44609,18366158891,2060171210000089,20600024093,赵,,,
220,94630,odRemuA-4QjW0XiBykkSGGjNSzrI,游戏券,耳罩,2017-12-10 09:50:06.923541,42639,15562618351,2060171119000990,20600022460,郑应时,,,
221,11933,odRemuBK6gGCJsRC1Np1B9eK0wlI,游戏券,U形枕,2017-12-10 11:19:27.658428,3576,15650073035,2060170525000027,20600004449,宋晓东,,,
222,112073,odRemuBprWNgAS_8Rv2JJkHTWLjY,游戏券,火烈鸟靠枕,2017-12-10 11:24:08.807002,44637,18560152567,2060171210000117,20600022924,赫兰超,,,
223,66928,odRemuIU0cKI-kRAfjY_JT7FGCdg,游戏券,U形枕,2017-12-10 11:30:39.496502,33525,18615280883,2060171001000086,20600005177,梁亚君,,,
226,66925,odRemuB1wmV5SCZNitPYQVo0POhQ,游戏券,Costa饮品券,2017-12-10 11:32:13.367736,33534,18766173335,2060170123000002,20600000158,张新龙,,,
232,3627,odRemuAXibhCdkhCRR4WCx_MvQD4,游戏券,U形枕,2017-12-10 12:39:06.739282,1184,15053105061,2060170211000033,20600002025,蔡晓童,,,
233,3627,odRemuAXibhCdkhCRR4WCx_MvQD4,游戏券,Costa饮品券,2017-12-10 12:40:04.217948,1184,15053105061,2060170211000033,20600002025,蔡晓童,,,
234,80077,odRemuH00aU2KFwMBg7GttXaoPQ4,游戏券,菠萝暖手,2017-12-10 12:59:53.738333,36978,15098757273,2060171028000035,20600016295,王勇,,,
239,66681,odRemuIKAJWahMBfg01toM4wWpCA,游戏券,宏图三胞按摩器,2017-12-10 13:59:03.275608,33456,15628889299,2060171001000019,20600006108,李秀薇,,,
240,66681,odRemuIKAJWahMBfg01toM4wWpCA,游戏券,Costa饮品券,2017-12-10 13:59:40.730811,33456,15628889299,2060171001000019,20600006108,李秀薇,,,
243,53984,odRemuP0XzoqEWc24G0COhCD46kU,游戏券,U形枕,2017-12-10 16:34:06.604813,39097,15169041298,2060171108000072,20600019603,温晓敏,,,
247,68908,odRemuMBhKjVP8WczEpj7wobX_N4,游戏券,U形枕,2017-12-10 22:56:20.441590,33836,13869150297,2060171004000017,20600005868,黄艳红,,,
249,81434,odRemuE7AQb45HvUeQx7gKpQv5Pg,游戏券,U形枕,2017-12-10 23:00:47.277998,37450,18615263352,2060171029000253,20600009102,赵利,,,
250,81434,odRemuE7AQb45HvUeQx7gKpQv5Pg,游戏券,万达影城200元卡,2017-12-10 23:01:13.672498,37450,18615263352,2060171029000253,20600009102,赵利,,,
252,307,odRemuBg_0JT2AFX4AYrC-EgRwh0,游戏券,万达影城200元卡,2017-12-10 23:49:58.435544,190,13210535013,2060170118000080,20600000388,孙娟,,,
253,94630,odRemuA-4QjW0XiBykkSGGjNSzrI,游戏券,万达影城200元卡,2017-12-11 00:31:31.597431,42639,15562618351,2060171119000990,20600022460,郑应时,,,
255,6450,odRemuIn2cOhdeYUaBe0ydPoy2rc,游戏券,U形枕,2017-12-11 00:56:01.828803,44642,13854127222,2060171210000122,20600023817,马芬,,,
256,237,odRemuIKIwIgCnM9g3SmGKkLylkA,游戏券,U形枕,2017-12-11 01:22:12.011183,5006,15165012297,2060170624000009,20600003894,满满,,,
258,66925,odRemuB1wmV5SCZNitPYQVo0POhQ,游戏券,Costa饮品券,2017-12-11 01:51:05.954941,33534,18766173335,2060170123000002,20600000158,张新龙,,,
261,207,odRemuCrUDyuQYjFU0IAJ_Hvm1HQ,游戏券,U形枕,2017-12-11 02:08:00.739466,3423,15605318282,2060170521000087,20600004283,米米,,鲁AB510E,
262,110596,odRemuFmD3bHi1_5VQkaA1DYsDzA,游戏券,U形枕,2017-12-11 02:09:05.780576,44390,13793133248,2060171209000073,20600023847,罗一名,,,
265,5242,odRemuEWuhpT8MnsHj2JNix-P7A0,游戏券,Costa饮品券,2017-12-11 02:33:55.476577,1606,15106960639,2060170321000002,20600002141,冯,,,
267,5242,odRemuEWuhpT8MnsHj2JNix-P7A0,游戏券,耳罩,2017-12-11 02:34:39.131622,1606,15106960639,2060170321000002,20600002141,冯,,,
268,8789,odRemuNo9uRgnjLRR1-SpTebxHU4,游戏券,U形枕,2017-12-11 02:38:12.773663,2442,18805319026,2060170506000024,20600002875,李庆华,,,
270,76578,odRemuIT46IeoNy26Gx_fQ8PXy_0,游戏券,U形枕,2017-12-11 02:54:35.934568,35539,15153166553,2060171021000253,20600100106,夏飞,,,
271,76578,odRemuIT46IeoNy26Gx_fQ8PXy_0,游戏券,Costa饮品券,2017-12-11 02:54:49.234139,35539,15153166553,2060171021000253,20600100106,夏飞,,,
272,80077,odRemuH00aU2KFwMBg7GttXaoPQ4,游戏券,U形枕,2017-12-11 02:59:16.708863,36978,15098757273,2060171028000035,20600016295,王勇,,,
275,81688,odRemuAAsbuIF3Bv65SgnEgxFkAQ,游戏券,U形枕,2017-12-11 03:06:27.845891,37508,15098757372,2060171030000042,20600019969,蔡红,,,
277,74762,odRemuFORmnFIlN6g1NL8bMduxJM,游戏券,U形枕,2017-12-11 03:13:49.276889,36695,15064030695,2060171027000113,20600016041,金慧敏,,,
279,3627,odRemuAXibhCdkhCRR4WCx_MvQD4,游戏券,火烈鸟靠枕,2017-12-11 03:25:59.391833,1184,15053105061,2060170211000033,20600002025,蔡晓童,,,
281,1282,odRemuJqAJ4Src7NDUmIgRSneqOw,游戏券,耳罩,2017-12-11 03:44:16.146696,664,13853163331,2060170127000019,20600000747,李卡,,,
283,65570,odRemuPkXZinXlDkq_vqPLpwY3w8,游戏券,Costa饮品券,2017-12-11 03:45:03.844791,32776,15589952608,2060170928000009,20600006349,刘雪芹,,,
285,4207,odRemuD1IH9yDj9_aQxyIKiUVG98,游戏券,Costa饮品券,2017-12-11 03:58:40.195652,1760,15910086929,2060170411000002,20600002480,付剑桥,,,
286,112354,odRemuABHm97s7LrT5gnl_-LWLn0,游戏券,U形枕,2017-12-11 04:03:54.249689,44689,15194112557,2060171211000007,20600022578,叶丽丽,,,
287,104545,odRemuPTzO1w6kYcENLdJtxHFk1U,游戏券,Costa饮品券,2017-12-11 04:34:17.540335,44072,15969701673,2060171206000023,20600021674,韩晓,,,
288,104545,odRemuPTzO1w6kYcENLdJtxHFk1U,游戏券,火烈鸟靠枕,2017-12-11 04:34:49.690744,44072,15969701673,2060171206000023,20600021674,韩晓,,,
291,109404,odRemuH13RuyUcpmHWMuOfaVGpuo,游戏券,万达影城200元卡,2017-12-11 05:13:35.809897,44233,15588832186,2060171208000040,20600023421,冯德英,,,
293,96759,odRemuNCChkpXZCUi8Omc7GDf1N8,游戏券,万达影城200元卡,2017-12-11 05:18:37.509187,43256,18560033113,2060171124000070,20600023480,李红,,,
297,12217,odRemuF_D61qUQLT52-kYuYpx5ho,游戏券,Costa饮品券,2017-12-11 05:38:52.366659,3648,18366199100,2060170527000031,20600003695,管鑫,,,
298,12217,odRemuF_D61qUQLT52-kYuYpx5ho,游戏券,Costa饮品券,2017-12-11 05:39:47.130396,3648,18366199100,2060170527000031,20600003695,管鑫,,,
300,5836,odRemuPKzGFGsMWkIBF8tAtyPeok,游戏券,Costa饮品券,2017-12-11 07:00:38.080763,1687,15689859158,2060170407000003,20600002301,崔新程,,,
302,91508,odRemuE4I__uIkYhEZjQ1Yn4QK8E,游戏券,火烈鸟靠枕,2017-12-11 07:13:13.176582,43449,15098712696,2060171125000174,20600021136,刘文燕,,,
304,329,odRemuGdaKbfcDFd1kPMaGB8x3U4,游戏券,耳罩,2017-12-11 07:50:31.858866,269,15562689725,2060170122000057,20600001072,王宇,,,
310,87325,odRemuKG3Ou7xXiKRuCSHU5G8Rxs,游戏券,U形枕,2017-12-11 08:13:53.989059,43261,15949700719,2060171124000075,20600023464,丰宇,,,
311,91507,odRemuEu2lvnHXcnEOTLqsOWaSXk,游戏券,Costa饮品券,2017-12-11 08:25:00.464827,42710,18363209561,2060171119001061,20600015405,刘文芳,,,
312,91507,odRemuEu2lvnHXcnEOTLqsOWaSXk,游戏券,万达影城200元卡,2017-12-11 08:25:13.186616,42710,18363209561,2060171119001061,20600015405,刘文芳,,,
313,112073,odRemuBprWNgAS_8Rv2JJkHTWLjY,游戏券,U形枕,2017-12-11 08:25:30.859317,44637,18560152567,2060171210000117,20600022924,赫兰超,,,
315,112073,odRemuBprWNgAS_8Rv2JJkHTWLjY,游戏券,万达影城200元卡,2017-12-11 08:25:39.749448,44637,18560152567,2060171210000117,20600022924,赫兰超,,,
317,75198,odRemuLdnrQNQy2TULp2Yj3edmXc,游戏券,U形枕,2017-12-11 09:46:09.679097,35065,15154151139,2060171017000046,20600015652,刘凯,,,
319,54891,odRemuHiI7OlzoSDVC3Z3HepmafI,游戏券,U形枕,2017-12-11 10:08:20.920036,34976,15589906401,2060171016000015,20600015139,刘龙,,鲁AD7A91,
320,54891,odRemuHiI7OlzoSDVC3Z3HepmafI,游戏券,Costa饮品券,2017-12-11 10:09:02.375224,34976,15589906401,2060171016000015,20600015139,刘龙,,鲁AD7A91,
323,112532,odRemuAcQx4ZFpumqJTpWS1K8SPk,游戏券,U形枕,2017-12-11 10:28:14.195019,44726,13906345181,2060171211000044,20600023844,高玉阁,,,
324,112532,odRemuAcQx4ZFpumqJTpWS1K8SPk,游戏券,耳罩,2017-12-11 10:29:05.555219,44726,13906345181,2060171211000044,20600023844,高玉阁,,,
325,96659,odRemuJ5l2NtWnNd5HaDpALkTiNo,游戏券,万达影城200元卡,2017-12-11 10:53:09.833958,43220,15820098132,2060171124000034,20600019527,李娜,,,
326,96659,odRemuJ5l2NtWnNd5HaDpALkTiNo,游戏券,火烈鸟靠枕,2017-12-11 10:53:46.088933,43220,15820098132,2060171124000034,20600019527,李娜,,,
327,241,odRemuP773nBJg0W-oFrs1TBRJSs,游戏券,U形枕,2017-12-11 12:37:39.518903,130,18888363567,2060170118000021,20600000709,Ayuki,,,
328,241,odRemuP773nBJg0W-oFrs1TBRJSs,游戏券,火烈鸟靠枕,2017-12-11 12:38:21.896221,130,18888363567,2060170118000021,20600000709,Ayuki,,,
330,11157,odRemuKYH69PFeMy9Zop39-voSXA,游戏券,U形枕,2017-12-11 12:40:12.320473,35271,15168890531,2060170507000058,20600002962,吕博,,,
331,66681,odRemuIKAJWahMBfg01toM4wWpCA,游戏券,U形枕,2017-12-11 13:00:57.000363,33456,15628889299,2060171001000019,20600006108,李秀薇,,,
335,108480,odRemuMfxnEHMqR7rrzGvrEWBcb8,游戏券,万达影城200元卡,2017-12-11 13:32:57.788777,44163,15866675611,2060171207000023,20600022281,宋建亭,,,
336,108480,odRemuMfxnEHMqR7rrzGvrEWBcb8,游戏券,万达影城200元卡,2017-12-11 13:33:54.673467,44163,15866675611,2060171207000023,20600022281,宋建亭,,,
337,81694,odRemuBZX-hcLJ5iVXjBO1-XGq84,游戏券,U形枕,2017-12-11 13:42:53.081589,44344,13969127925,2060171209000032,20600022134,周茜,,,
338,85599,odRemuBrRrDQOcJvZgn7h-AnbIuI,游戏券,耳罩,2017-12-11 14:06:43.533101,44176,13361012000,2060171207000033,20600023913,来永梅,,,
339,110633,odRemuLlAGXASGuTKW719I0B6zY4,游戏券,Costa饮品券,2017-12-11 15:57:26.018659,44394,13031718831,2060171209000077,20600023374,马超群,,,
341,11157,odRemuKYH69PFeMy9Zop39-voSXA,游戏券,Costa饮品券,2017-12-11 16:01:37.136774,35271,15168890531,2060170507000058,20600002962,吕博,,,
344,11933,odRemuBK6gGCJsRC1Np1B9eK0wlI,游戏券,Costa饮品券,2017-12-11 16:02:58.498335,3576,15650073035,2060170525000027,20600004449,宋晓东,,,
345,91507,odRemuEu2lvnHXcnEOTLqsOWaSXk,游戏券,香蕉抱枕,2017-12-11 16:19:06.823091,42710,18363209561,2060171119001061,20600015405,刘文芳,,,
346,91507,odRemuEu2lvnHXcnEOTLqsOWaSXk,游戏券,U形枕,2017-12-11 16:19:26.737815,42710,18363209561,2060171119001061,20600015405,刘文芳,,,
347,88359,odRemuJIYGreA4jkrkSdi3_NPz64,游戏券,Costa饮品券,2017-12-11 17:00:53.433104,39751,18866100732,2060171111000357,20600017727,李连明,,,
349,74762,odRemuFORmnFIlN6g1NL8bMduxJM,游戏券,U形枕,2017-12-11 17:09:08.356350,36695,15064030695,2060171027000113,20600016041,金慧敏,,,
353,81434,odRemuE7AQb45HvUeQx7gKpQv5Pg,游戏券,U形枕,2017-12-11 22:52:57.908615,37450,18615263352,2060171029000253,20600009102,赵利,,,
357,81620,odRemuIX9keF7dMkptAGyEE8Mv8Y,游戏券,火烈鸟靠枕,2017-12-11 23:16:30.668340,37492,15588882152,2060171030000026,20600008875,于雪梅,,鲁AZ8C80,
361,112629,odRemuEAZSRBNycLReO5-AFukyTg,游戏券,U形枕,2017-12-12 00:06:13.844512,44750,18363069055,2060171211000067,20600023944,秦政,,,
363,207,odRemuCrUDyuQYjFU0IAJ_Hvm1HQ,游戏券,U形枕,2017-12-12 00:27:54.023631,3423,15605318282,2060170521000087,20600004283,米米,,鲁AB510E,
370,80077,odRemuH00aU2KFwMBg7GttXaoPQ4,游戏券,U形枕,2017-12-12 01:15:28.224106,36978,15098757273,2060171028000035,20600016295,王勇,,,
373,237,odRemuIKIwIgCnM9g3SmGKkLylkA,游戏券,U形枕,2017-12-12 01:48:57.321559,5006,15165012297,2060170624000009,20600003894,满满,,,
375,96759,odRemuNCChkpXZCUi8Omc7GDf1N8,游戏券,U形枕,2017-12-12 01:58:57.014803,43256,18560033113,2060171124000070,20600023480,李红,,,
376,111763,odRemuGrIrYT_lBwPClUH4hjtOvQ,游戏券,U形枕,2017-12-12 02:01:31.028857,44594,18560011637,2060171210000076,20600023277,杨阳,,,
378,96759,odRemuNCChkpXZCUi8Omc7GDf1N8,游戏券,U形枕,2017-12-12 02:04:35.557454,43256,18560033113,2060171124000070,20600023480,李红,,,
380,96659,odRemuJ5l2NtWnNd5HaDpALkTiNo,游戏券,U形枕,2017-12-12 02:05:50.733986,43220,15820098132,2060171124000034,20600019527,李娜,,,
382,326,odRemuBX4OZ1KnDI6paIlNrJvjDk,游戏券,Costa饮品券,2017-12-12 02:44:06.692690,200,15866640793,2060170118000090,20600001059,高南南,,,
384,110701,odRemuEU34O3CTlHIVlSG33hjj90,游戏券,Costa饮品券,2017-12-12 02:52:36.399513,44402,15806628260,2060171209000085,20600021740,孟祥云,,,
385,110701,odRemuEU34O3CTlHIVlSG33hjj90,游戏券,万达影城200元卡,2017-12-12 02:52:47.920370,44402,15806628260,2060171209000085,20600021740,孟祥云,,,
386,3627,odRemuAXibhCdkhCRR4WCx_MvQD4,游戏券,Costa饮品券,2017-12-12 03:06:28.434697,1184,15053105061,2060170211000033,20600002025,蔡晓童,,,
387,3627,odRemuAXibhCdkhCRR4WCx_MvQD4,游戏券,Costa饮品券,2017-12-12 03:07:05.962277,1184,15053105061,2060170211000033,20600002025,蔡晓童,,,
389,66304,odRemuNQ63vu5OsOHPX4KPEfytWE,游戏券,香蕉抱枕,2017-12-12 03:07:17.273282,33843,13583118382,2060170514000065,20600003767,李铁,,,
390,815,odRemuNu2ham4qEfzKK5jcjSgfX0,游戏券,火烈鸟靠枕,2017-12-12 04:30:07.883172,490,18396883922,2060170125000026,20600000590,刘悦,,,
394,442,odRemuKF8Id1pk_r6asZL4DATRjA,游戏券,U形枕,2017-12-12 05:24:53.775192,263,15865294300,2060170122000051,20600000742,刘秀,,,
396,108480,odRemuMfxnEHMqR7rrzGvrEWBcb8,游戏券,U形枕,2017-12-12 05:47:05.085201,44163,15866675611,2060171207000023,20600022281,宋建亭,,,
397,108480,odRemuMfxnEHMqR7rrzGvrEWBcb8,游戏券,火烈鸟靠枕,2017-12-12 05:47:52.064157,44163,15866675611,2060171207000023,20600022281,宋建亭,,,
399,104545,odRemuPTzO1w6kYcENLdJtxHFk1U,游戏券,Costa饮品券,2017-12-12 05:57:47.834829,44072,15969701673,2060171206000023,20600021674,韩晓,,,
400,104545,odRemuPTzO1w6kYcENLdJtxHFk1U,游戏券,万达影城200元卡,2017-12-12 05:58:02.569485,44072,15969701673,2060171206000023,20600021674,韩晓,,,
401,78166,odRemuOQLG5KTuGcrp1vXkgU85b8,游戏券,U形枕,2017-12-12 06:02:25.696702,36234,13583198111,2060171023000021,20600007611,夏女士,,,
403,66925,odRemuB1wmV5SCZNitPYQVo0POhQ,游戏券,U形枕,2017-12-12 06:16:35.451871,33534,18766173335,2060170123000002,20600000158,张新龙,,,
404,66925,odRemuB1wmV5SCZNitPYQVo0POhQ,游戏券,Costa饮品券,2017-12-12 06:16:46.247259,33534,18766173335,2060170123000002,20600000158,张新龙,,,
405,88676,odRemuDCHhNVcJ_YckO8pRkrMzZA,游戏券,U形枕,2017-12-12 06:21:13.745920,39929,13176443137,2060171111000530,20600018194,商和芹,,,
406,88676,odRemuDCHhNVcJ_YckO8pRkrMzZA,游戏券,U形枕,2017-12-12 06:21:32.228699,39929,13176443137,2060171111000530,20600018194,商和芹,,,
408,81622,odRemuEq2l1Fiu7JHKa1Sy4MqBz4,游戏券,U形枕,2017-12-12 06:22:16.742223,37497,15689700991,2060171030000031,20600015112,庞小姐,,,
409,66928,odRemuIU0cKI-kRAfjY_JT7FGCdg,游戏券,U形枕,2017-12-12 06:22:20.181381,33525,18615280883,2060171001000086,20600005177,梁亚君,,,
411,88713,odRemuOlsA6DHHWT1_XOq1dUNe8U,游戏券,耳罩,2017-12-12 06:24:40.001068,40342,15106931119,2060171113000057,20600018509,赵风铃,,,
413,307,odRemuBg_0JT2AFX4AYrC-EgRwh0,游戏券,Costa饮品券,2017-12-12 07:15:28.718932,190,13210535013,2060170118000080,20600000388,孙娟,,,
416,87237,odRemuOsAGgMdtfcHrVgD3RV6CdQ,游戏券,U形枕,2017-12-12 07:19:24.491164,39321,15253101562,2060171110000042,20600018343,刘凤珠,,,
418,87325,odRemuKG3Ou7xXiKRuCSHU5G8Rxs,游戏券,U形枕,2017-12-12 07:19:33.616258,43261,15949700719,2060171124000075,20600023464,丰宇,,,
427,72403,odRemuHX98rhQP6yHYe-mXo48bvA,游戏券,万达影城200元卡,2017-12-12 09:40:40.295478,34430,18005319533,2060171010000053,20600009120,吕,,,
431,196,odRemuIwmHeuQAKUEduGWxEeDTCs,游戏券,耳罩,2017-12-12 10:40:17.837047,1089,13688609306,2060170207000008,20600000767,李超,,,
433,264,odRemuHxDk4Q1Cjs_LecafWjjTqE,游戏券,U形枕,2017-12-12 10:42:48.757722,148,15666011397,2060170118000039,20600000905,李娟,,,
434,264,odRemuHxDk4Q1Cjs_LecafWjjTqE,游戏券,U形枕,2017-12-12 10:43:18.270887,148,15666011397,2060170118000039,20600000905,李娟,,,
436,109765,odRemuF926LRF8oiuTfxC_SP_umk,游戏券,耳罩,2017-12-12 11:14:00.915917,44309,18660411810,2060171208000111,20600023608,王志强,,,
437,112339,odRemuPoas33VfQ15PwB9gbMiGXo,游戏券,耳罩,2017-12-12 12:16:42.641569,44877,13287726518,2060171212000106,20600024500,唐三彩,,,
441,113057,odRemuP4aEpzwYhc6UZL6olwW4vA,游戏券,Costa饮品券,2017-12-12 12:29:06.848212,44899,15106919630,2060171212000128,20600024809,闻雁,,,
443,113028,odRemuJ1bXcGDPvRXhjFzohJsxig,游戏券,U形枕,2017-12-12 12:38:31.363497,44887,13791093950,2060171212000116,20600021588,刘万超,,,
444,112339,odRemuPoas33VfQ15PwB9gbMiGXo,游戏券,U形枕,2017-12-12 13:28:27.692768,44877,13287726518,2060171212000106,20600024500,唐三彩,,,
446,5836,odRemuPKzGFGsMWkIBF8tAtyPeok,游戏券,U形枕,2017-12-12 13:48:07.534027,1687,15689859158,2060170407000003,20600002301,崔新程,,,
447,68995,odRemuLRKfmNRWo0eyo6l8iDMXDM,游戏券,U形枕,2017-12-12 15:09:26.100339,33855,18754170539,2060171004000031,20600008446,李铁,,,
449,76578,odRemuIT46IeoNy26Gx_fQ8PXy_0,游戏券,万达影城200元卡,2017-12-12 15:22:01.321291,35539,15153166553,2060171021000253,20600100106,夏飞,,,
450,76578,odRemuIT46IeoNy26Gx_fQ8PXy_0,游戏券,U形枕,2017-12-12 15:22:31.229142,35539,15153166553,2060171021000253,20600100106,夏飞,,,
452,91507,odRemuEu2lvnHXcnEOTLqsOWaSXk,游戏券,U形枕,2017-12-12 16:16:24.549463,42710,18363209561,2060171119001061,20600015405,刘文芳,,,
453,91507,odRemuEu2lvnHXcnEOTLqsOWaSXk,游戏券,U形枕,2017-12-12 16:16:44.781898,42710,18363209561,2060171119001061,20600015405,刘文芳,,,
457,110087,odRemuDHwHRrfHNwccePLGkx9_rc,游戏券,火烈鸟靠枕,2017-12-12 16:25:46.169095,44337,13969116375,2060171209000026,20600023950,杨妍,,,
458,113113,odRemuJjLP4wEKpGpYDv55WIsTWQ,游戏券,U形枕,2017-12-12 16:42:35.897095,44920,18663336390,2060171212000147,20600021774,胡云潇,,,
461,237,odRemuIKIwIgCnM9g3SmGKkLylkA,游戏券,Costa饮品券,2017-12-13 00:49:37.982405,5006,15165012297,2060170624000009,20600003894,满满,,,
466,87211,odRemuLmE97PjHR3kbEnez6WJNAc,游戏券,U形枕,2017-12-13 02:41:53.400780,39318,13188884354,2060171110000039,20600016441,赵胜楠,,,
467,307,odRemuBg_0JT2AFX4AYrC-EgRwh0,游戏券,U形枕,2017-12-13 03:03:47.395073,190,13210535013,2060170118000080,20600000388,孙娟,,,
470,207,odRemuCrUDyuQYjFU0IAJ_Hvm1HQ,游戏券,万达影城200元卡,2017-12-13 03:04:59.129520,3423,15605318282,2060170521000087,20600004283,米米,,鲁AB510E,
471,109284,odRemuK8-1jGdmo15Fl2HPFCta0w,游戏券,Costa饮品券,2017-12-13 03:15:23.183705,44214,15020002129,2060171208000022,20600021175,赵茗钰,,,
472,109284,odRemuK8-1jGdmo15Fl2HPFCta0w,游戏券,U形枕,2017-12-13 03:16:49.138411,44214,15020002129,2060171208000022,20600021175,赵茗钰,,,
475,88676,odRemuDCHhNVcJ_YckO8pRkrMzZA,游戏券,U形枕,2017-12-13 04:04:56.638374,39929,13176443137,2060171111000530,20600018194,商和芹,,,
476,91508,odRemuE4I__uIkYhEZjQ1Yn4QK8E,游戏券,U形枕,2017-12-13 04:59:02.103137,43449,15098712696,2060171125000174,20600021136,刘文燕,,,
479,65570,odRemuPkXZinXlDkq_vqPLpwY3w8,游戏券,Costa饮品券,2017-12-13 05:07:57.040918,32776,15589952608,2060170928000009,20600006349,刘雪芹,,,
480,104545,odRemuPTzO1w6kYcENLdJtxHFk1U,游戏券,Costa饮品券,2017-12-13 05:13:50.130696,44072,15969701673,2060171206000023,20600021674,韩晓,,,
488,94630,odRemuA-4QjW0XiBykkSGGjNSzrI,游戏券,Costa饮品券,2017-12-13 06:52:10.176773,42639,15562618351,2060171119000990,20600022460,郑应时,,,
489,1284,odRemuMw41ZEIKSnNMipOlUe50EA,游戏券,万达影城200元卡,2017-12-13 06:52:36.868261,665,15966654268,2060170127000020,20600001129,张暖,,,
494,112339,odRemuPoas33VfQ15PwB9gbMiGXo,游戏券,Costa饮品券,2017-12-13 08:20:19.989123,44877,13287726518,2060171212000106,20600024500,唐三彩,,,
495,310,odRemuJsJjIDkTeVw8TzavrnOCZw,游戏券,U形枕,2017-12-13 08:21:20.577389,193,15066671667,2060170118000083,20600000062,姜风,,,
499,4165,odRemuFCDd4ab_ZLJx3OTcxuKb1o,游戏券,U形枕,2017-12-13 08:40:20.164823,1652,13675418668,2060170330000001,20600000192,李红,,,
502,19885,odRemuP5KCxhFytWC1_wrfhAjk1c,游戏券,万达影城200元卡,2017-12-13 09:54:01.320313,5438,15562648000,2060170627000009,20600007694,刘觐灏文,,,
503,66219,odRemuFtlg5Z9AsmzL0IWAhBOIa8,游戏券,U形枕,2017-12-13 09:55:15.401713,32899,15588884702,2060170930000025,20600006010,宫世豪,,,
504,18166,odRemuOia66kxFBIbkfGyx2eGNIM,游戏券,U形枕,2017-12-13 09:55:19.361669,35085,15666419036,2060170627000007,20600003690,姜岩,,鲁AB1S10,
505,8376,odRemuJpFQWu-Ln8mEproHFZOeFY,游戏券,U形枕,2017-12-13 09:55:27.149971,5474,15588809598,2060170628000003,20600006937,陈国栋,,,
506,8376,odRemuJpFQWu-Ln8mEproHFZOeFY,游戏券,Costa饮品券,2017-12-13 09:56:38.200798,5474,15588809598,2060170628000003,20600006937,陈国栋,,,
509,113395,odRemuBGOwW47PwzacaH3K2hu72U,游戏券,火烈鸟靠枕,2017-12-13 10:00:00.702961,45005,15688885187,2060171213000047,20600024431,申靖,,,
510,113395,odRemuBGOwW47PwzacaH3K2hu72U,游戏券,Costa饮品券,2017-12-13 10:00:13.113431,45005,15688885187,2060171213000047,20600024431,申靖,,,
511,65903,odRemuP4r0Equ4aICMTws2Nh4qP4,游戏券,U形枕,2017-12-13 10:07:31.956866,32850,15066667579,2060170929000041,20600004695,朱彤绯,,,
512,113402,odRemuFnGM-tmxzsVIBUSsBNP9dg,游戏券,U形枕,2017-12-13 10:25:11.696970,45008,17854112922,2060171213000050,20600018483,李晓璐,,,
513,113402,odRemuFnGM-tmxzsVIBUSsBNP9dg,游戏券,耳罩,2017-12-13 10:26:53.243383,45008,17854112922,2060171213000050,20600018483,李晓璐,,,
514,113426,odRemuAL3Ag9nIEw9V0z6siYeoEY,游戏券,耳罩,2017-12-13 11:02:12.471259,45014,18353100235,2060171213000056,20600022857,冯威,,,
515,113426,odRemuAL3Ag9nIEw9V0z6siYeoEY,游戏券,U形枕,2017-12-13 11:02:29.147636,45014,18353100235,2060171213000056,20600022857,冯威,,,
516,81434,odRemuE7AQb45HvUeQx7gKpQv5Pg,游戏券,耳罩,2017-12-13 11:40:23.020729,37450,18615263352,2060171029000253,20600009102,赵利,,,
517,81434,odRemuE7AQb45HvUeQx7gKpQv5Pg,游戏券,U形枕,2017-12-13 11:40:47.210945,37450,18615263352,2060171029000253,20600009102,赵利,,,
523,81688,odRemuAAsbuIF3Bv65SgnEgxFkAQ,游戏券,万达影城200元卡,2017-12-13 13:19:58.887363,37508,15098757372,2060171030000042,20600019969,蔡红,,,
525,80077,odRemuH00aU2KFwMBg7GttXaoPQ4,游戏券,耳罩,2017-12-13 13:20:34.438214,36978,15098757273,2060171028000035,20600016295,王勇,,,
526,3627,odRemuAXibhCdkhCRR4WCx_MvQD4,游戏券,U形枕,2017-12-13 13:22:54.474117,1184,15053105061,2060170211000033,20600002025,蔡晓童,,,
527,3627,odRemuAXibhCdkhCRR4WCx_MvQD4,游戏券,火烈鸟靠枕,2017-12-13 13:23:01.827978,1184,15053105061,2060170211000033,20600002025,蔡晓童,,,
529,11157,odRemuKYH69PFeMy9Zop39-voSXA,游戏券,U形枕,2017-12-13 13:26:09.744780,35271,15168890531,2060170507000058,20600002962,吕博,,,
531,241,odRemuP773nBJg0W-oFrs1TBRJSs,游戏券,U形枕,2017-12-13 13:27:42.638771,130,18888363567,2060170118000021,20600000709,Ayuki,,,
533,11668,odRemuJFo25OEQ3ZZcxhyL1kd3Qw,游戏券,Costa饮品券,2017-12-13 13:38:39.871579,3487,18866409765,2060170523000021,20600003724,苏蒋伟健,,,
535,82587,odRemuALolY3b5CFWet5RAsPrwSw,游戏券,Costa饮品券,2017-12-13 13:43:56.115429,37649,18678398539,2060171102000004,20600016836,李,,,
537,104547,odRemuGKfs-rN45XP5jZ3vyEeyZo,游戏券,U形枕,2017-12-13 13:51:01.442652,44070,18866612156,2060171206000021,20600020279,王女士,,,
538,113558,odRemuDlcODv-rdXefphA9s-lXXI,游戏券,万达影城200元卡,2017-12-13 14:03:11.156901,45062,15726110030,2060171213000104,20600024243,丁丁,,,
540,91598,odRemuOMzV3zJ9I8XvEiZLTJtti0,游戏券,宏图三胞双人毯,2017-12-13 14:05:42.583850,40930,18615570540,2060171117000123,20600021283,卢海涛,,,
542,104544,odRemuP17Pnde2vz3vhcGngI22cw,游戏券,Costa饮品券,2017-12-13 14:14:05.758495,44069,17805317179,2060171206000020,20600022204,王吉超,,,
543,104544,odRemuP17Pnde2vz3vhcGngI22cw,游戏券,火烈鸟靠枕,2017-12-13 14:15:17.460359,44069,17805317179,2060171206000020,20600022204,王吉超,,,
545,8789,odRemuNo9uRgnjLRR1-SpTebxHU4,游戏券,Costa饮品券,2017-12-13 14:42:05.879376,2442,18805319026,2060170506000024,20600002875,李庆华,,,
546,113580,odRemuHolSsiQDkP_n4KvQzrZMT4,游戏券,U形枕,2017-12-13 15:09:08.517962,45064,18753194325,2060171213000106,20600023044,王媛,,,
547,20917,odRemuCaYjCWTsDvClm7yu7dGWfk,游戏券,Costa饮品券,2017-12-13 15:10:12.331613,37021,15650023969,2060171028000078,20600015623,张文彬,,,
550,111623,odRemuGdXw8i0EmPJxbL2ggvX5yI,游戏券,U形枕,2017-12-13 15:52:45.197117,44566,15098820561,2060171210000048,20600021196,马玥鹏,,,
559,91507,odRemuEu2lvnHXcnEOTLqsOWaSXk,游戏券,U形枕,2017-12-13 16:10:57.720635,42710,18363209561,2060171119001061,20600015405,刘文芳,,,
561,113558,odRemuDlcODv-rdXefphA9s-lXXI,游戏券,U形枕,2017-12-13 16:13:55.013824,45062,15726110030,2060171213000104,20600024243,丁丁,,,
565,241,odRemuP773nBJg0W-oFrs1TBRJSs,游戏券,U形枕,2017-12-13 16:16:18.075832,130,18888363567,2060170118000021,20600000709,Ayuki,,,
566,207,odRemuCrUDyuQYjFU0IAJ_Hvm1HQ,游戏券,U形枕,2017-12-13 16:25:10.491304,3423,15605318282,2060170521000087,20600004283,米米,,鲁AB510E,
567,207,odRemuCrUDyuQYjFU0IAJ_Hvm1HQ,游戏券,耳罩,2017-12-13 16:25:21.892749,3423,15605318282,2060170521000087,20600004283,米米,,鲁AB510E,
569,1284,odRemuMw41ZEIKSnNMipOlUe50EA,游戏券,U形枕,2017-12-13 16:46:35.915064,665,15966654268,2060170127000020,20600001129,张暖,,,
570,6450,odRemuIn2cOhdeYUaBe0ydPoy2rc,游戏券,U形枕,2017-12-13 18:33:27.373121,44642,13854127222,2060171210000122,20600023817,马芬,,,
571,68908,odRemuMBhKjVP8WczEpj7wobX_N4,游戏券,U形枕,2017-12-13 22:25:04.884944,33836,13869150297,2060171004000017,20600005868,黄艳红,,,
572,81434,odRemuE7AQb45HvUeQx7gKpQv5Pg,游戏券,宏图三胞按摩器,2017-12-13 22:25:21.470178,37450,18615263352,2060171029000253,20600009102,赵利,,,
573,81434,odRemuE7AQb45HvUeQx7gKpQv5Pg,游戏券,Costa饮品券,2017-12-13 22:26:19.823552,37450,18615263352,2060171029000253,20600009102,赵利,,,
575,80077,odRemuH00aU2KFwMBg7GttXaoPQ4,游戏券,Costa饮品券,2017-12-13 23:22:04.275854,36978,15098757273,2060171028000035,20600016295,王勇,,,
577,113028,odRemuJ1bXcGDPvRXhjFzohJsxig,游戏券,U形枕,2017-12-13 23:44:44.802342,44887,13791093950,2060171212000116,20600021588,刘万超,,,
578,96759,odRemuNCChkpXZCUi8Omc7GDf1N8,游戏券,耳罩,2017-12-14 00:15:21.198847,43256,18560033113,2060171124000070,20600023480,李红,,,
579,53984,odRemuP0XzoqEWc24G0COhCD46kU,游戏券,火烈鸟靠枕,2017-12-14 00:22:03.666465,39097,15169041298,2060171108000072,20600019603,温晓敏,,,
581,112532,odRemuAcQx4ZFpumqJTpWS1K8SPk,游戏券,U形枕,2017-12-14 00:23:04.120778,44726,13906345181,2060171211000044,20600023844,高玉阁,,,
588,1282,odRemuJqAJ4Src7NDUmIgRSneqOw,游戏券,U形枕,2017-12-14 01:39:36.724594,664,13853163331,2060170127000019,20600000747,李卡,,,
589,1282,odRemuJqAJ4Src7NDUmIgRSneqOw,游戏券,Costa饮品券,2017-12-14 01:40:26.626889,664,13853163331,2060170127000019,20600000747,李卡,,,
591,104547,odRemuGKfs-rN45XP5jZ3vyEeyZo,游戏券,Costa饮品券,2017-12-14 01:42:36.478997,44070,18866612156,2060171206000021,20600020279,王女士,,,
592,76302,odRemuDxtF0hItrQgVk8VKRrH03k,游戏券,Costa饮品券,2017-12-14 01:43:00.841854,35366,15668328066,2060171021000080,20600100049,静静,,,
593,104547,odRemuGKfs-rN45XP5jZ3vyEeyZo,游戏券,U形枕,2017-12-14 01:43:07.182089,44070,18866612156,2060171206000021,20600020279,王女士,,,
595,79041,odRemuFzAPyJ_waJ_6y3-3Mpq6S0,游戏券,U形枕,2017-12-14 01:46:06.119573,36454,13854612519,2060171026000032,20600008884,经国红,,,
597,104544,odRemuP17Pnde2vz3vhcGngI22cw,游戏券,U形枕,2017-12-14 02:03:55.057886,44069,17805317179,2060171206000020,20600022204,王吉超,,,
599,199,odRemuGBsgtmTVLFsL3jpiximxiY,游戏券,U形枕,2017-12-14 02:15:26.846793,35236,18560009905,2060171020000040,20600009189,王妍,,,
601,66198,odRemuDAEzNaGtYZepEekfkmXdGI,游戏券,宏图三胞按摩器,2017-12-14 02:49:20.648368,32893,15554135704,2060170930000019,20600006203,刘雨晨,,,
607,68995,odRemuLRKfmNRWo0eyo6l8iDMXDM,游戏券,U形枕,2017-12-14 03:10:05.471010,33855,18754170539,2060171004000031,20600008446,李铁,,,
613,66925,odRemuB1wmV5SCZNitPYQVo0POhQ,游戏券,万达影城200元卡,2017-12-14 03:37:49.403077,33534,18766173335,2060170123000002,20600000158,张新龙,,,
614,66928,odRemuIU0cKI-kRAfjY_JT7FGCdg,游戏券,U形枕,2017-12-14 03:38:27.733869,33525,18615280883,2060171001000086,20600005177,梁亚君,,,
615,66928,odRemuIU0cKI-kRAfjY_JT7FGCdg,游戏券,菠萝暖手,2017-12-14 03:38:37.843446,33525,18615280883,2060171001000086,20600005177,梁亚君,,,
616,88713,odRemuOlsA6DHHWT1_XOq1dUNe8U,游戏券,U形枕,2017-12-14 03:42:14.086823,40342,15106931119,2060171113000057,20600018509,赵风铃,,,
619,9138,odRemuIuITf4BQVI1-unbyjemuD0,游戏券,耳罩,2017-12-14 03:51:24.612321,3571,13708920626,2060170525000022,20600002250,王,,,
620,108480,odRemuMfxnEHMqR7rrzGvrEWBcb8,游戏券,Costa饮品券,2017-12-14 04:02:01.624740,44163,15866675611,2060171207000023,20600022281,宋建亭,,,
621,108480,odRemuMfxnEHMqR7rrzGvrEWBcb8,游戏券,火烈鸟靠枕,2017-12-14 04:03:00.041589,44163,15866675611,2060171207000023,20600022281,宋建亭,,,
623,3627,odRemuAXibhCdkhCRR4WCx_MvQD4,游戏券,Costa饮品券,2017-12-14 04:16:55.580483,1184,15053105061,2060170211000033,20600002025,蔡晓童,,,
624,104545,odRemuPTzO1w6kYcENLdJtxHFk1U,游戏券,耳罩,2017-12-14 04:21:10.521054,44072,15969701673,2060171206000023,20600021674,韩晓,,,
634,419,odRemuLyeAIkGV0JpgE6tJpzHX7c,游戏券,耳罩,2017-12-14 05:08:10.524788,244,13287766990,2060170122000032,20600000547,荆佳慧,,,
638,81688,odRemuAAsbuIF3Bv65SgnEgxFkAQ,游戏券,U形枕,2017-12-14 05:16:35.562988,37508,15098757372,2060171030000042,20600019969,蔡红,,,
640,89438,odRemuEnwFT8uYlCUZ5nm9-0k8hI,游戏券,U形枕,2017-12-14 06:28:50.494252,40214,15805375217,2060171112000269,20600019007,孙静,,,
641,259,odRemuOOKmZBbc3iavG_LMyBl1kM,游戏券,U形枕,2017-12-14 06:29:38.576284,143,18678842554,2060170118000034,20600000945,田鹏,,,
642,259,odRemuOOKmZBbc3iavG_LMyBl1kM,游戏券,Costa饮品券,2017-12-14 06:29:56.694792,143,18678842554,2060170118000034,20600000945,田鹏,,,
650,69469,odRemuCVwjci8a16CSwDYfOA4Xos,游戏券,Costa饮品券,2017-12-14 06:36:15.068325,33908,15853124719,2060171005000004,20600006719,周广鑫,,,
652,65983,odRemuD3PqONUfuY3Or-lE_I4eBQ,游戏券,Costa饮品券,2017-12-14 06:42:46.697366,32863,15098886821,2060170929000053,20600005099,郭*英子,,,
653,92783,odRemuCbGhEQDeRzbPBf6TKd7uIM,游戏券,万达影城200元卡,2017-12-14 06:46:36.001369,41557,13355410604,2060171118000546,20600020505,张辉,,,
654,89803,odRemuC-7vivBdjBbLN_WsqwB9pw,游戏券,火烈鸟靠枕,2017-12-14 06:46:38.779897,40325,18864977504,2060171113000040,20600017761,张焕双,,,
655,89803,odRemuC-7vivBdjBbLN_WsqwB9pw,游戏券,Costa饮品券,2017-12-14 06:47:10.314990,40325,18864977504,2060171113000040,20600017761,张焕双,,,
656,92783,odRemuCbGhEQDeRzbPBf6TKd7uIM,游戏券,香蕉抱枕,2017-12-14 06:47:30.951594,41557,13355410604,2060171118000546,20600020505,张辉,,,
659,66381,odRemuB162Z2CbBOJNTVlWoCrKJM,游戏券,耳罩,2017-12-14 07:08:08.266509,33336,15806656680,2060170930000459,20600003796,菲菲菲,,,
663,113710,odRemuH3FQmJIebihwfKCKoYO2Lw,游戏券,U形枕,2017-12-14 07:13:40.392401,45095,13156132017,2060171214000027,20600021803,蒋沅诺,,,
664,113709,odRemuOae0a7a0JJPd5hkf5gaqvg,游戏券,Costa饮品券,2017-12-14 07:14:48.466595,45094,13465933335,2060171214000026,20600024697,李志彬,,,
665,113709,odRemuOae0a7a0JJPd5hkf5gaqvg,游戏券,Costa饮品券,2017-12-14 07:15:20.943454,45094,13465933335,2060171214000026,20600024697,李志彬,,,
666,66219,odRemuFtlg5Z9AsmzL0IWAhBOIa8,游戏券,U形枕,2017-12-14 07:16:33.525242,32899,15588884702,2060170930000025,20600006010,宫世豪,,,
667,66219,odRemuFtlg5Z9AsmzL0IWAhBOIa8,游戏券,万达影城200元卡,2017-12-14 07:16:47.251907,32899,15588884702,2060170930000025,20600006010,宫世豪,,,
668,1134,odRemuINS80lJPUul3pMLnHxxC2Y,游戏券,U形枕,2017-12-14 07:17:09.837792,618,15266606521,2060170126000052,20600001253,于双双,,,
671,25275,odRemuNrXbHcRdgG0GJ0KvEPe1z4,游戏券,耳罩,2017-12-14 07:17:46.111253,6987,13864133615,2060170716000022,20600004466,汪,,,
673,79470,odRemuFxKXLGZmVcd-YKjl1-pr0w,游戏券,U形枕,2017-12-14 07:18:28.145775,36694,13165136555,2060171027000112,20600015797,张丽,,苏B621NA,
676,389,odRemuH9595adLD6SlQA8uHkadEY,游戏券,Costa饮品券,2017-12-14 07:25:20.150615,219,15168827520,2060170122000007,20600000920,徐坦,,,
678,1134,odRemuINS80lJPUul3pMLnHxxC2Y,游戏券,U形枕,2017-12-14 07:29:54.972829,618,15266606521,2060170126000052,20600001253,于双双,,,
679,87237,odRemuOsAGgMdtfcHrVgD3RV6CdQ,游戏券,U形枕,2017-12-14 07:30:17.032000,39321,15253101562,2060171110000042,20600018343,刘凤珠,,,
685,69154,odRemuEeE3Xnh35pWyIWenh0a7d0,游戏券,万达影城200元卡,2017-12-14 07:36:38.526653,33865,15689696331,2060171004000039,20600008730,孟宪巍,,,
686,69154,odRemuEeE3Xnh35pWyIWenh0a7d0,游戏券,火烈鸟靠枕,2017-12-14 07:37:07.459286,33865,15689696331,2060171004000039,20600008730,孟宪巍,,,
688,12035,odRemuGzSprRKwJDSWQ36r3g3jQU,游戏券,U形枕,2017-12-14 07:43:26.402158,45101,18769721238,2060171214000033,20600023715,孙芳,,,
690,113426,odRemuAL3Ag9nIEw9V0z6siYeoEY,游戏券,耳罩,2017-12-14 07:48:23.678307,45014,18353100235,2060171213000056,20600022857,冯威,,,
691,7649,odRemuGZahG-Qdq5OxuewqUV4dDE,游戏券,耳罩,2017-12-14 07:49:09.891842,1998,18888364981,2060170430000001,20600001590,徐乃琪,,,
692,54891,odRemuHiI7OlzoSDVC3Z3HepmafI,游戏券,耳罩,2017-12-14 07:50:16.228731,34976,15589906401,2060171016000015,20600015139,刘龙,,鲁AD7A91,
694,76578,odRemuIT46IeoNy26Gx_fQ8PXy_0,游戏券,Costa饮品券,2017-12-14 07:59:35.288821,35539,15153166553,2060171021000253,20600100106,夏飞,,,
699,72758,odRemuDr8z-XDk_pEKC_utaME__g,游戏券,U形枕,2017-12-14 08:23:49.088154,34502,18953188926,2060171012000014,20600005714,李洁,,,
700,8826,odRemuND7ybYmZI1AwAttCEEILYs,游戏券,Costa饮品券,2017-12-14 08:23:58.925316,2461,15689696330,2060170506000043,20600002642,孟莎莎,,,
701,8826,odRemuND7ybYmZI1AwAttCEEILYs,游戏券,U形枕,2017-12-14 08:24:16.750562,2461,15689696330,2060170506000043,20600002642,孟莎莎,,,
702,112339,odRemuPoas33VfQ15PwB9gbMiGXo,游戏券,Costa饮品券,2017-12-14 08:27:59.269196,44877,13287726518,2060171212000106,20600024500,唐三彩,,,
705,67338,odRemuPyt0IVioIAU1dCOqMFs7Cg,游戏券,Costa饮品券,2017-12-14 08:38:58.456173,44392,18668937884,2060171209000075,20600023967,孙永喜,,,
708,65981,odRemuO8gbX1bf7qujsgZdQ8DMns,游戏券,U形枕,2017-12-14 08:50:02.140350,45111,18678543227,2060171214000043,20600024257,张总,,,
710,90853,odRemuJW0hCFBTWaFNzZZe9k-5C8,游戏券,U形枕,2017-12-14 08:53:38.538081,42642,15168829051,2060171119000993,20600022128,张颖,,,
711,113765,odRemuL5_AYtJJFMWSoi8Fvnrc28,游戏券,耳罩,2017-12-14 08:57:25.922757,45114,15266606521,2060170126000052,20600001253,于双双,,,
712,113765,odRemuL5_AYtJJFMWSoi8Fvnrc28,游戏券,耳罩,2017-12-14 08:57:43.267034,45114,15266606521,2060170126000052,20600001253,于双双,,,
717,326,odRemuBX4OZ1KnDI6paIlNrJvjDk,游戏券,U形枕,2017-12-14 09:12:16.057349,200,15866640793,2060170118000090,20600001059,高南南,,,
718,326,odRemuBX4OZ1KnDI6paIlNrJvjDk,游戏券,火烈鸟靠枕,2017-12-14 09:14:08.669193,200,15866640793,2060170118000090,20600001059,高南南,,,
719,113755,odRemuI7fbwQgZwaOwZ_Ahc93LJI,游戏券,火烈鸟靠枕,2017-12-14 09:17:18.452329,45110,15628993991,2060171214000042,20600024248,李文省,,,
720,6059,odRemuFRbdjrE7c6bFXHq7rbPbaE,游戏券,香蕉抱枕,2017-12-14 09:22:04.071501,1768,15866622277,2060170411000010,20600002183,宁,,,
726,110596,odRemuFmD3bHi1_5VQkaA1DYsDzA,游戏券,耳罩,2017-12-14 11:24:27.048831,44390,13793133248,2060171209000073,20600023847,罗一名,,,
728,65667,odRemuKdlloOZjRX4GKcM60m1J2g,游戏券,万达影城200元卡,2017-12-14 11:25:26.636449,32798,18363093100,2060170928000031,20600005229,田军,,鲁AA76G8,
729,65667,odRemuKdlloOZjRX4GKcM60m1J2g,游戏券,U形枕,2017-12-14 11:27:29.286566,32798,18363093100,2060170928000031,20600005229,田军,,鲁AA76G8,
732,113844,odRemuLGvig4k5Ix7p_ljbqUYQFI,游戏券,宏图三胞按摩器,2017-12-14 12:03:27.219542,45132,18615599559,2060171214000063,20600024239,张乐,,,
733,113844,odRemuLGvig4k5Ix7p_ljbqUYQFI,游戏券,Costa饮品券,2017-12-14 12:04:08.363937,45132,18615599559,2060171214000063,20600024239,张乐,,,
742,94875,odRemuDwE5OUxt47uAi_Yh5DNUpM,游戏券,万达影城200元卡,2017-12-14 13:03:16.647469,42754,13006587076,2060171119001103,20600021005,王士栋,,,
744,12167,odRemuAdS0wFEnqu3_d_XqdCFH9M,游戏券,万达影城200元卡,2017-12-14 13:15:03.642662,3633,18766136506,2060170527000016,20600004490,耿心,,,
745,112977,odRemuNZIu1H6_nlIQ_9C2NeGpyA,游戏券,U形枕,2017-12-14 13:26:40.910023,45142,18866130096,2060171214000072,20600024455,李慧珍,,,
747,91386,odRemuCfZrxaTF-kcfrszj8loBlg,游戏券,U形枕,2017-12-14 13:27:53.651690,40855,18554004257,2060171117000048,20600018692,赵雪,,,
749,91386,odRemuCfZrxaTF-kcfrszj8loBlg,游戏券,火烈鸟靠枕,2017-12-14 13:28:07.235370,40855,18554004257,2060171117000048,20600018692,赵雪,,,
750,79040,odRemuL0PFppWIJoXq2NGgdwCDto,游戏券,火烈鸟靠枕,2017-12-14 13:28:08.514847,40841,15066132200,2060171117000034,20600018545,邢瑞瑞,,,
751,113301,odRemuCRZfQ5d9pl6PCPFME3oAWI,游戏券,火烈鸟靠枕,2017-12-14 13:32:48.986792,44983,15562456756,2060171213000027,20600023355,李学辉,,,
756,81622,odRemuEq2l1Fiu7JHKa1Sy4MqBz4,游戏券,U形枕,2017-12-14 13:36:45.375207,37497,15689700991,2060171030000031,20600015112,庞小姐,,,
758,91371,odRemuCkgUGzu8r3n3kFEBVrjZIU,游戏券,Costa饮品券,2017-12-14 14:02:00.123320,40848,15628818158,2060171117000041,20600015439,曹东川,,,
759,91371,odRemuCkgUGzu8r3n3kFEBVrjZIU,游戏券,U形枕,2017-12-14 14:02:29.578109,40848,15628818158,2060171117000041,20600015439,曹东川,,,
760,264,odRemuHxDk4Q1Cjs_LecafWjjTqE,游戏券,U形枕,2017-12-14 14:06:46.961797,148,15666011397,2060170118000039,20600000905,李娟,,,
761,264,odRemuHxDk4Q1Cjs_LecafWjjTqE,游戏券,U形枕,2017-12-14 14:07:14.571434,148,15666011397,2060170118000039,20600000905,李娟,,,
762,66381,odRemuB162Z2CbBOJNTVlWoCrKJM,游戏券,U形枕,2017-12-14 14:07:39.557917,33336,15806656680,2060170930000459,20600003796,菲菲菲,,,
763,90818,odRemuNW5Ger73OZqQ0J5oEl-ukY,游戏券,U形枕,2017-12-14 14:16:26.445400,40677,15864792272,2060171116000006,20600020789,赵彩羽,,,
767,36501,odRemuHD58AmH-u-qVpQQh781UWs,游戏券,U形枕,2017-12-14 14:27:16.800037,8223,13066008163,2060170817000019,20600007588,秦秀静,,鲁AXT221,
768,36501,odRemuHD58AmH-u-qVpQQh781UWs,游戏券,万达影城200元卡,2017-12-14 14:27:28.232926,8223,13066008163,2060170817000019,20600007588,秦秀静,,鲁AXT221,
774,90314,odRemuA1Ure5FKx4JQn9GAsM_nOI,游戏券,U形枕,2017-12-14 14:35:44.236490,40523,18769731226,2060171114000153,20600017663,武利红,,,
775,81077,odRemuL3zNTNPGt1DO50y_SoNxjY,游戏券,U形枕,2017-12-14 14:53:15.675574,39945,15563353113,2060171111000546,20600018079,梁奇奇,,,
776,81077,odRemuL3zNTNPGt1DO50y_SoNxjY,游戏券,万达影城200元卡,2017-12-14 14:53:39.716732,39945,15563353113,2060171111000546,20600018079,梁奇奇,,,
781,65579,odRemuPDttyG8jT-GcLimueehEjo,游戏券,U形枕,2017-12-14 15:47:36.024693,32778,18866808781,2060170928000011,20600005706,王先生,,鲁AE03X2,
785,8789,odRemuNo9uRgnjLRR1-SpTebxHU4,游戏券,耳罩,2017-12-14 15:48:44.533369,2442,18805319026,2060170506000024,20600002875,李庆华,,,
787,8789,odRemuNo9uRgnjLRR1-SpTebxHU4,游戏券,U形枕,2017-12-14 15:55:26.202643,2442,18805319026,2060170506000024,20600002875,李庆华,,,
789,8789,odRemuNo9uRgnjLRR1-SpTebxHU4,游戏券,U形枕,2017-12-14 15:57:37.670282,2442,18805319026,2060170506000024,20600002875,李庆华,,,
798,89286,odRemuGhCYuDI_Gf54FS7Jim3VYE,游戏券,耳罩,2017-12-15 00:10:15.006224,40150,13515416190,2060171112000205,20600018114,张焕双,,,
800,66925,odRemuB1wmV5SCZNitPYQVo0POhQ,游戏券,Costa饮品券,2017-12-15 00:58:18.089292,33534,18766173335,2060170123000002,20600000158,张新龙,,,
803,113709,odRemuOae0a7a0JJPd5hkf5gaqvg,游戏券,Costa饮品券,2017-12-15 01:35:28.283278,45094,13465933335,2060171214000026,20600024697,李志彬,,,
810,163,odRemuLf9bDXP1Budf8cfYjB1t4U,游戏券,50元美食通用券,2017-12-21 05:33:57.392235,106,13482508139,2060170116000003,20600000058,徐俊,,鲁ASK667,
812,114033,odRemuKROdg0xywl0hx3vgPbj4s8,游戏券,50元美食通用券,2017-12-21 09:03:49.015554,45181,18866825125,2060171215000014,20600022030,李树鹏,,,
814,114033,odRemuKROdg0xywl0hx3vgPbj4s8,游戏券,50元美食通用券,2017-12-21 09:04:02.597304,45181,18866825125,2060171215000014,20600022030,李树鹏,,,
817,96650,odRemuAwWdltRsrTAmwmLo2ciTGE,游戏券,50元美食通用券,2017-12-21 09:47:33.450217,43217,18363076938,2060171124000031,20600020276,徐宝利,,,
820,89889,odRemuLBM7gpln9WWMIVsPN0zErY,游戏券,50元美食通用券,2017-12-21 11:09:06.154262,40357,13006578841,2060171113000072,20600017146,张辉,,,
821,89889,odRemuLBM7gpln9WWMIVsPN0zErY,游戏券,50元美食通用券,2017-12-21 11:09:16.117075,40357,13006578841,2060171113000072,20600017146,张辉,,,
824,88676,odRemuDCHhNVcJ_YckO8pRkrMzZA,游戏券,50元美食通用券,2017-12-21 13:24:24.163960,39929,13176443137,2060171111000530,20600018194,商和芹,,,
825,8486,odRemuKi0GUuJ1uCJbnH5DM8UCnE,游戏券,50元美食通用券,2017-12-21 13:25:02.578676,2338,18653158921,2060170503000017,20600002544,杨昆,,,
828,89694,odRemuNZdnf4VOD8PeGhghJIKJkw,游戏券,50元美食通用券,2017-12-21 13:26:16.007315,40300,13256122722,2060171113000015,20600018149,郭佳佳,,,
829,114070,odRemuGge_ZPt99l6Bl3nL4IpQjA,游戏券,50元美食通用券,2017-12-21 13:37:13.047484,45189,18663756880,2060171215000022,20600024634,王丽丽,,,
830,114070,odRemuGge_ZPt99l6Bl3nL4IpQjA,游戏券,50元美食通用券,2017-12-21 13:38:02.925904,45189,18663756880,2060171215000022,20600024634,王丽丽,,,
831,96630,odRemuCI_RoQslwu1mAuiOrrLQb8,游戏券,50元美食通用券,2017-12-21 13:39:47.619122,43213,13864064208,2060171124000027,20600023645,王城,,,
834,12613,odRemuAOuAcgcvVOCutsFrbwPCZY,游戏券,50元美食通用券,2017-12-21 15:14:03.630883,3751,15866624979,2060170528000074,20600004295,周末,,,
841,114070,odRemuGge_ZPt99l6Bl3nL4IpQjA,游戏券,50元美食通用券,2017-12-21 22:40:29.780072,45189,18663756880,2060171215000022,20600024634,王丽丽,,,
842,114070,odRemuGge_ZPt99l6Bl3nL4IpQjA,游戏券,50元美食通用券,2017-12-21 22:40:51.070195,45189,18663756880,2060171215000022,20600024634,王丽丽,,,
845,237,odRemuIKIwIgCnM9g3SmGKkLylkA,游戏券,50元美食通用券,2017-12-22 00:51:45.295643,5006,15165012297,2060170624000009,20600003894,满满,,,
847,96659,odRemuJ5l2NtWnNd5HaDpALkTiNo,游戏券,50元美食通用券,2017-12-22 02:23:27.398371,43220,15820098132,2060171124000034,20600019527,李娜,,,
848,69154,odRemuEeE3Xnh35pWyIWenh0a7d0,游戏券,50元美食通用券,2017-12-22 03:05:56.314754,33865,15689696331,2060171004000039,20600008730,孟宪巍,,,
849,69154,odRemuEeE3Xnh35pWyIWenh0a7d0,游戏券,50元美食通用券,2017-12-22 03:06:08.790593,33865,15689696331,2060171004000039,20600008730,孟宪巍,,,
850,77975,odRemuIjAS_6Cpr8Z2cT6--0ZKCk,游戏券,50元美食通用券,2017-12-22 04:00:56.926755,36190,15562600512,2060171022000372,20600101701,杨小浪,,,
851,77975,odRemuIjAS_6Cpr8Z2cT6--0ZKCk,游戏券,50元美食通用券,2017-12-22 04:01:08.227879,36190,15562600512,2060171022000372,20600101701,杨小浪,,,
853,114771,odRemuMIRQ2A3gZjH_23vWwU9ms8,游戏券,50元美食通用券,2017-12-22 04:12:37.277478,45354,15106910573,2060171216000062,20600020506,赵帅,,,
856,66925,odRemuB1wmV5SCZNitPYQVo0POhQ,游戏券,50元美食通用券,2017-12-22 04:33:00.768592,33534,18766173335,2060170123000002,20600000158,张新龙,,,
859,207,odRemuCrUDyuQYjFU0IAJ_Hvm1HQ,游戏券,50元美食通用券,2017-12-22 05:36:41.337447,3423,15605318282,2060170521000087,20600004283,米米,,鲁AB510E,
863,109404,odRemuH13RuyUcpmHWMuOfaVGpuo,游戏券,50元美食通用券,2017-12-22 07:20:39.574769,44233,15588832186,2060171208000040,20600023421,冯德英,,,
864,94630,odRemuA-4QjW0XiBykkSGGjNSzrI,游戏券,50元美食通用券,2017-12-22 07:54:47.364048,42639,15562618351,2060171119000990,20600022460,郑应时,,,
865,94630,odRemuA-4QjW0XiBykkSGGjNSzrI,游戏券,50元美食通用券,2017-12-22 07:54:58.944468,42639,15562618351,2060171119000990,20600022460,郑应时,,,
867,8486,odRemuKi0GUuJ1uCJbnH5DM8UCnE,游戏券,50元美食通用券,2017-12-22 09:25:41.725328,2338,18653158921,2060170503000017,20600002544,杨昆,,,
873,9193,odRemuGnE35pk2G67yCDonZFqo_E,游戏券,50元美食通用券,2017-12-22 13:59:08.277757,2564,15628869221,2060170508000022,20600001910,张瑜璇,,,
876,112739,odRemuMXPyL4YpsGViXJrGzx3ttM,游戏券,50元美食通用券,2017-12-22 14:56:19.199842,44775,15169123900,2060171212000006,20600022984,张振菊,,,
877,112739,odRemuMXPyL4YpsGViXJrGzx3ttM,游戏券,50元美食通用券,2017-12-22 14:56:47.413307,44775,15169123900,2060171212000006,20600022984,张振菊,,,
880,3093,odRemuEzPVAfje9U1SKGTJoqsFDA,游戏券,50元美食通用券,2017-12-22 15:06:17.644856,1065,18764080336,2060170206000044,20600001962,张,,,
881,91508,odRemuE4I__uIkYhEZjQ1Yn4QK8E,游戏券,50元美食通用券,2017-12-22 15:13:13.365496,43449,15098712696,2060171125000174,20600021136,刘文燕,,,
882,91508,odRemuE4I__uIkYhEZjQ1Yn4QK8E,游戏券,50元美食通用券,2017-12-22 15:13:31.959546,43449,15098712696,2060171125000174,20600021136,刘文燕,,,
890,237,odRemuIKIwIgCnM9g3SmGKkLylkA,游戏券,50元美食通用券,2017-12-22 16:05:15.147649,5006,15165012297,2060170624000009,20600003894,满满,,,
892,77975,odRemuIjAS_6Cpr8Z2cT6--0ZKCk,游戏券,50元美食通用券,2017-12-22 16:13:50.800313,36190,15562600512,2060171022000372,20600101701,杨小浪,,,
894,212,odRemuL6i4cd1IbWW19RO344IkMo,游戏券,50元美食通用券,2017-12-22 16:25:50.198916,3428,13698620811,2060170522000002,20600004281,于凌飞,,鲁azr265,
899,104545,odRemuPTzO1w6kYcENLdJtxHFk1U,游戏券,50元美食通用券,2017-12-22 19:08:51.420185,44072,15969701673,2060171206000023,20600021674,韩晓,,,
901,114042,odRemuCT5LXFAU8_d_fnXrL7HxOs,游戏券,50元美食通用券,2017-12-22 20:04:20.408534,45186,15965129169,2060171215000019,20600022016,孙浩良,,,
903,91508,odRemuE4I__uIkYhEZjQ1Yn4QK8E,游戏券,50元美食通用券,2017-12-22 23:41:51.644263,43449,15098712696,2060171125000174,20600021136,刘文燕,,,
905,66925,odRemuB1wmV5SCZNitPYQVo0POhQ,游戏券,50元美食通用券,2017-12-22 23:50:33.830844,33534,18766173335,2060170123000002,20600000158,张新龙,,,
906,66925,odRemuB1wmV5SCZNitPYQVo0POhQ,游戏券,50元美食通用券,2017-12-22 23:50:47.845671,33534,18766173335,2060170123000002,20600000158,张新龙,,,
909,110596,odRemuFmD3bHi1_5VQkaA1DYsDzA,游戏券,50元美食通用券,2017-12-23 00:48:24.602776,44390,13793133248,2060171209000073,20600023847,罗一名,,,
911,10767,odRemuFiZcCxRkz7qpkEqZZDPFcc,游戏券,50元美食通用券,2017-12-23 01:22:44.742725,3145,18769791993,2060170519000024,20600003425,郝宗旭,,,
914,96650,odRemuAwWdltRsrTAmwmLo2ciTGE,游戏券,50元美食通用券,2017-12-23 01:33:20.843339,43217,18363076938,2060171124000031,20600020276,徐宝利,,,
925,109404,odRemuH13RuyUcpmHWMuOfaVGpuo,游戏券,50元美食通用券,2017-12-23 02:31:40.855743,44233,15588832186,2060171208000040,20600023421,冯德英,,,
927,119835,odRemuMRY9iuscaSl5zGn_2OX6s0,游戏券,50元美食通用券,2017-12-23 02:42:04.363334,46334,15288845119,2060171223000023,20600026604,侯妞,,,
930,19938,odRemuIZ_xgfHQ8uIr-DhfIoJBAU,游戏券,50元美食通用券,2017-12-23 02:47:15.226322,5458,15806664547,2060170627000027,20600006969,陈,,,
931,19938,odRemuIZ_xgfHQ8uIr-DhfIoJBAU,游戏券,50元美食通用券,2017-12-23 02:47:29.098093,5458,15806664547,2060170627000027,20600006969,陈,,,
932,8390,odRemuDZDSN3QBG16LpjhBPx0vIs,游戏券,50元美食通用券,2017-12-23 02:52:50.606467,2313,18678833993,2060170502000016,20600001525,刘延明,,,
938,89120,odRemuIeNQp7gQ1ZG49-271KHpbg,游戏券,50元美食通用券,2017-12-23 03:08:13.714625,40067,15335411783,2060171112000122,20600018134,朱婷婷,,,
940,66381,odRemuB162Z2CbBOJNTVlWoCrKJM,游戏券,50元美食通用券,2017-12-23 03:17:26.347622,33336,15806656680,2060170930000459,20600003796,菲菲菲,,,
941,119849,odRemuHY1CVcu6YeMtcGPFasG2yc,游戏券,50元美食通用券,2017-12-23 03:32:55.119156,46344,15866672693,2060171223000033,20600025635,赵梁,,,
942,69045,odRemuMyg3WtCZizNX7z62ogT4zE,游戏券,50元美食通用券,2017-12-23 03:50:27.287725,33850,13156121237,2060171004000026,20600006361,。,,,
943,96759,odRemuNCChkpXZCUi8Omc7GDf1N8,游戏券,50元美食通用券,2017-12-23 03:50:54.392881,43256,18560033113,2060171124000070,20600023480,李红,,,
948,68908,odRemuMBhKjVP8WczEpj7wobX_N4,游戏券,50元美食通用券,2017-12-23 04:19:42.871279,33836,13869150297,2060171004000017,20600005868,黄艳红,,,
951,116263,odRemuOBh1LW0EyLboBTpcb3kWz8,游戏券,50元美食通用券,2017-12-23 04:31:59.478997,45777,15053120102,2060171217000190,20600024604,邢茂宁,,,
955,80995,odRemuMy2yBoryjsjqbq-Pc_qvK8,游戏券,50元美食通用券,2017-12-23 04:45:57.476238,37285,18206526049,2060171029000093,20600015092,邵相,,,
959,9193,odRemuGnE35pk2G67yCDonZFqo_E,游戏券,50元美食通用券,2017-12-23 05:42:29.265822,2564,15628869221,2060170508000022,20600001910,张瑜璇,,,
963,120283,odRemuCADLlH_iQIc6A4jv-jEHn0,游戏券,50元美食通用券,2017-12-23 06:19:59.560641,46497,13355177777,2060171223000183,20600025270,魏传军,,,
969,114771,odRemuMIRQ2A3gZjH_23vWwU9ms8,游戏券,50元美食通用券,2017-12-23 07:31:08.053354,45354,15106910573,2060171216000062,20600020506,赵帅,,,
970,120457,odRemuLj_2YlPhRt6SYkyruVl0Ko,游戏券,50元美食通用券,2017-12-23 07:36:02.914387,46576,17853103673,2060171223000262,20600026116,边培铎,,,
976,24298,odRemuFhM3vnz2nS2lDX_fM9ixzc,游戏券,50元美食通用券,2017-12-23 08:02:12.428030,46613,13285312877,2060171223000299,20600026125,曹宗玲,,,
977,120609,odRemuLYpXpcUeQYqLSoftyucN1E,游戏券,50元美食通用券,2017-12-23 08:22:23.310238,46650,13668800621,2060171223000336,20600025005,苏洋,,,
978,120609,odRemuLYpXpcUeQYqLSoftyucN1E,游戏券,50元美食通用券,2017-12-23 08:22:44.258706,46650,13668800621,2060171223000336,20600025005,苏洋,,,
979,96659,odRemuJ5l2NtWnNd5HaDpALkTiNo,游戏券,50元美食通用券,2017-12-23 08:32:29.879742,43220,15820098132,2060171124000034,20600019527,李娜,,,
981,8826,odRemuND7ybYmZI1AwAttCEEILYs,游戏券,50元美食通用券,2017-12-23 08:34:26.426164,2461,15689696330,2060170506000043,20600002642,孟莎莎,,,
989,69581,odRemuCoAXIAlPGNJEd9bQEi3pJI,游戏券,50元美食通用券,2017-12-23 09:41:41.234913,35446,18560038899,2060171021000160,20600100412,格格,,,
990,120826,odRemuLQkl7DyG5PYn8Dc-nOCBW4,游戏券,50元美食通用券,2017-12-23 09:50:29.499189,46755,13573183697,2060171223000439,20600025756,郭亦玲,,,
991,120826,odRemuLQkl7DyG5PYn8Dc-nOCBW4,游戏券,50元美食通用券,2017-12-23 09:51:07.642212,46755,13573183697,2060171223000439,20600025756,郭亦玲,,,
993,233,odRemuCPBYHzaKDtdzrtz3pIDC8I,游戏券,50元美食通用券,2017-12-23 10:54:23.218143,123,15154112341,2060170118000014,20600000075,刘翠,,,
994,233,odRemuCPBYHzaKDtdzrtz3pIDC8I,游戏券,50元美食通用券,2017-12-23 10:54:40.484580,123,15154112341,2060170118000014,20600000075,刘翠,,,
995,66928,odRemuIU0cKI-kRAfjY_JT7FGCdg,游戏券,50元美食通用券,2017-12-23 11:07:50.485571,33525,18615280883,2060171001000086,20600005177,梁亚君,,,
996,66928,odRemuIU0cKI-kRAfjY_JT7FGCdg,游戏券,50元美食通用券,2017-12-23 11:08:48.948464,33525,18615280883,2060171001000086,20600005177,梁亚君,,,
999,97326,odRemuMB3ouPJmAui5M59OvsXFNY,游戏券,50元美食通用券,2017-12-23 11:46:13.598762,45417,18805316147,2060171216000125,20600024360,刘莹莹,,,
1001,35571,odRemuLcUviCzRXSyRhrgxBTMrJU,游戏券,50元美食通用券,2017-12-23 12:59:46.031820,32873,13131555293,2060170929000063,20600005407,陈磊,,,
1002,113426,odRemuAL3Ag9nIEw9V0z6siYeoEY,游戏券,50元美食通用券,2017-12-23 13:21:55.864122,45014,18353100235,2060171213000056,20600022857,冯威,,,
1003,113426,odRemuAL3Ag9nIEw9V0z6siYeoEY,游戏券,50元美食通用券,2017-12-23 13:22:05.222518,45014,18353100235,2060171213000056,20600022857,冯威,,,
1004,8907,odRemuGx4G6SAMJni7hL3du-D3uI,游戏券,50元美食通用券,2017-12-23 13:39:49.832016,34423,13969060011,2060171010000046,20600008927,杨梓,,,
1007,11544,odRemuI735dxxM8ODRFFi0WVKlbo,游戏券,50元美食通用券,2017-12-23 15:01:01.284490,3958,18553105100,2060170530000053,20600003345,王老师,,,
1008,1593,odRemuJj2cFW9giGJVwgMpLDze4U,游戏券,50元美食通用券,2017-12-23 15:09:47.831872,755,15554124224,2060170130000001,20600000041,陈莉,,,
1009,65781,odRemuBOxu1D_SZJ9tFrxFPm5omE,游戏券,50元美食通用券,2017-12-23 15:10:12.485467,32813,18615213538,2060170929000006,20600005070,刘,,,
1010,1593,odRemuJj2cFW9giGJVwgMpLDze4U,游戏券,50元美食通用券,2017-12-23 15:10:34.851653,755,15554124224,2060170130000001,20600000041,陈莉,,,
1014,9304,odRemuM_KsWiCovIB6P_qWcKN3lw,游戏券,50元美食通用券,2017-12-23 15:28:42.495214,2600,15610344552,2060170509000036,20600002894,王宗,,,
1016,9304,odRemuM_KsWiCovIB6P_qWcKN3lw,游戏券,50元美食通用券,2017-12-23 15:29:42.507293,2600,15610344552,2060170509000036,20600002894,王宗,,,
1019,12167,odRemuAdS0wFEnqu3_d_XqdCFH9M,游戏券,50元美食通用券,2017-12-23 15:36:52.968854,3633,18766136506,2060170527000016,20600004490,耿心,,,
1020,25275,odRemuNrXbHcRdgG0GJ0KvEPe1z4,游戏券,50元美食通用券,2017-12-23 15:37:47.702848,6987,13864133615,2060170716000022,20600004466,汪,,,
1025,18803,odRemuCr10hotB1b8AJPkmLjQAgk,游戏券,50元美食通用券,2017-12-23 15:42:26.441316,5012,18953176776,2060170624000015,20600007653,刘敏敬,,,
1028,118051,odRemuGyCLk_es-CjEpxiC1-2H0c,游戏券,50元美食通用券,2017-12-23 16:02:15.378755,46021,15634899135,2060171221000004,20600021962,孙瑶,,,
1029,66925,odRemuB1wmV5SCZNitPYQVo0POhQ,游戏券,50元美食通用券,2017-12-23 16:02:35.060685,33534,18766173335,2060170123000002,20600000158,张新龙,,,
1030,66925,odRemuB1wmV5SCZNitPYQVo0POhQ,游戏券,50元美食通用券,2017-12-23 16:02:44.570385,33534,18766173335,2060170123000002,20600000158,张新龙,,,
1032,89694,odRemuNZdnf4VOD8PeGhghJIKJkw,游戏券,50元美食通用券,2017-12-23 16:03:28.674797,40300,13256122722,2060171113000015,20600018149,郭佳佳,,,
1035,237,odRemuIKIwIgCnM9g3SmGKkLylkA,游戏券,50元美食通用券,2017-12-23 16:09:40.150310,5006,15165012297,2060170624000009,20600003894,满满,,,
1036,25275,odRemuNrXbHcRdgG0GJ0KvEPe1z4,游戏券,50元美食通用券,2017-12-23 16:13:12.260007,6987,13864133615,2060170716000022,20600004466,汪,,,
1038,207,odRemuCrUDyuQYjFU0IAJ_Hvm1HQ,游戏券,50元美食通用券,2017-12-23 16:15:34.636258,3423,15605318282,2060170521000087,20600004283,米米,,鲁AB510E,
1041,77975,odRemuIjAS_6Cpr8Z2cT6--0ZKCk,游戏券,50元美食通用券,2017-12-23 17:05:14.308656,36190,15562600512,2060171022000372,20600101701,杨小浪,,,
1048,94630,odRemuA-4QjW0XiBykkSGGjNSzrI,游戏券,50元美食通用券,2017-12-24 00:44:50.276125,42639,15562618351,2060171119000990,20600022460,郑应时,,,
1051,113410,odRemuHQVHiRL3g2YNKlXppf3HMI,游戏券,50元美食通用券,2017-12-24 01:16:36.355393,45013,13391904962,2060171213000055,20600022810,王女士,,,
1056,9193,odRemuGnE35pk2G67yCDonZFqo_E,游戏券,50元美食通用券,2017-12-24 02:25:29.757436,2564,15628869221,2060170508000022,20600001910,张瑜璇,,,
1057,9193,odRemuGnE35pk2G67yCDonZFqo_E,游戏券,50元美食通用券,2017-12-24 02:25:38.430541,2564,15628869221,2060170508000022,20600001910,张瑜璇,,,
1058,96659,odRemuJ5l2NtWnNd5HaDpALkTiNo,游戏券,50元美食通用券,2017-12-24 02:39:56.779588,43220,15820098132,2060171124000034,20600019527,李娜,,,
1059,96659,odRemuJ5l2NtWnNd5HaDpALkTiNo,游戏券,50元美食通用券,2017-12-24 02:40:23.739631,43220,15820098132,2060171124000034,20600019527,李娜,,,
1061,8826,odRemuND7ybYmZI1AwAttCEEILYs,游戏券,50元美食通用券,2017-12-24 02:41:18.504796,2461,15689696330,2060170506000043,20600002642,孟莎莎,,,
1062,24298,odRemuFhM3vnz2nS2lDX_fM9ixzc,游戏券,50元美食通用券,2017-12-24 03:01:12.366182,46613,13285312877,2060171223000299,20600026125,曹宗玲,,,
1063,24298,odRemuFhM3vnz2nS2lDX_fM9ixzc,游戏券,50元美食通用券,2017-12-24 03:01:31.756341,46613,13285312877,2060171223000299,20600026125,曹宗玲,,,
1067,233,odRemuCPBYHzaKDtdzrtz3pIDC8I,游戏券,50元美食通用券,2017-12-24 03:07:12.858073,123,15154112341,2060170118000014,20600000075,刘翠,,,
1068,96630,odRemuCI_RoQslwu1mAuiOrrLQb8,游戏券,50元美食通用券,2017-12-24 03:26:52.485937,43213,13864064208,2060171124000027,20600023645,王城,,,
1071,66307,odRemuP8t79hSDZD5xJJNGLTfwLg,游戏券,50元美食通用券,2017-12-24 03:47:49.307701,33166,18678811029,2060170930000289,20600006395,张钦,,,
1072,66381,odRemuB162Z2CbBOJNTVlWoCrKJM,游戏券,50元美食通用券,2017-12-24 03:55:28.494272,33336,15806656680,2060170930000459,20600003796,菲菲菲,,,
1073,66381,odRemuB162Z2CbBOJNTVlWoCrKJM,游戏券,50元美食通用券,2017-12-24 03:55:42.541615,33336,15806656680,2060170930000459,20600003796,菲菲菲,,,
1079,114033,odRemuKROdg0xywl0hx3vgPbj4s8,游戏券,50元美食通用券,2017-12-24 04:01:34.354972,45181,18866825125,2060171215000014,20600022030,李树鹏,,,
1081,65781,odRemuBOxu1D_SZJ9tFrxFPm5omE,游戏券,50元美食通用券,2017-12-24 04:22:50.479677,32813,18615213538,2060170929000006,20600005070,刘,,,
1082,80995,odRemuMy2yBoryjsjqbq-Pc_qvK8,游戏券,50元美食通用券,2017-12-24 04:42:01.361039,37285,18206526049,2060171029000093,20600015092,邵相,,,
1083,80995,odRemuMy2yBoryjsjqbq-Pc_qvK8,游戏券,50元美食通用券,2017-12-24 04:42:19.619590,37285,18206526049,2060171029000093,20600015092,邵相,,,
1085,12167,odRemuAdS0wFEnqu3_d_XqdCFH9M,游戏券,50元美食通用券,2017-12-24 04:47:02.393660,3633,18766136506,2060170527000016,20600004490,耿心,,,
1086,68908,odRemuMBhKjVP8WczEpj7wobX_N4,游戏券,50元美食通用券,2017-12-24 05:03:52.885454,33836,13869150297,2060171004000017,20600005868,黄艳红,,,
1087,68908,odRemuMBhKjVP8WczEpj7wobX_N4,游戏券,50元美食通用券,2017-12-24 05:04:04.406561,33836,13869150297,2060171004000017,20600005868,黄艳红,,,
1088,121914,odRemuPf8NRkDMbZo0mz5n449U-U,游戏券,50元美食通用券,2017-12-24 05:05:54.629839,47104,15265521280,2060171224000084,20600026208,杨瑞园,,,
1090,94694,odRemuCWxGkBhhYdVerr8ceWH8Dw,游戏券,50元美食通用券,2017-12-24 05:27:02.497245,46211,15562502269,2060171222000095,20600025774,王先生,,,
1096,88713,odRemuOlsA6DHHWT1_XOq1dUNe8U,游戏券,50元美食通用券,2017-12-24 06:29:12.285147,40342,15106931119,2060171113000057,20600018509,赵风铃,,,
1097,122329,odRemuKqIXsgKWKh64JBVEQieUZI,游戏券,50元美食通用券,2017-12-24 06:32:55.176819,47206,13675418131,2060171224000184,20600026499,禚鹏超,,,
1098,122329,odRemuKqIXsgKWKh64JBVEQieUZI,游戏券,50元美食通用券,2017-12-24 06:33:24.294308,47206,13675418131,2060171224000184,20600026499,禚鹏超,,,
1104,66304,odRemuNQ63vu5OsOHPX4KPEfytWE,游戏券,50元美食通用券,2017-12-24 07:06:49.397429,33843,13583118382,2060170514000065,20600003767,李铁,,,
1105,66304,odRemuNQ63vu5OsOHPX4KPEfytWE,游戏券,50元美食通用券,2017-12-24 07:07:18.888823,33843,13583118382,2060170514000065,20600003767,李铁,,,
1107,68995,odRemuLRKfmNRWo0eyo6l8iDMXDM,游戏券,50元美食通用券,2017-12-24 07:08:20.976010,33855,18754170539,2060171004000031,20600008446,李铁,,,
1112,89689,odRemuLnaE05nZcmo-NXXu-igdA8,游戏券,50元美食通用券,2017-12-24 07:56:33.336494,40295,18551059795,2060171113000011,20600018476,黄怡诚,,,
1113,89689,odRemuLnaE05nZcmo-NXXu-igdA8,游戏券,50元美食通用券,2017-12-24 07:56:52.278025,40295,18551059795,2060171113000011,20600018476,黄怡诚,,,
1114,122588,odRemuC5UyOCo0pj2GFnvT1OYyLw,游戏券,50元美食通用券,2017-12-24 08:04:19.468056,47333,18653173666,2060171224000311,20600027368,郝雅彬,,,
1115,122588,odRemuC5UyOCo0pj2GFnvT1OYyLw,游戏券,50元美食通用券,2017-12-24 08:04:40.914044,47333,18653173666,2060171224000311,20600027368,郝雅彬,,,
1117,122589,odRemuKfUn3vtfLe4ZIpyaUURoY8,游戏券,50元美食通用券,2017-12-24 08:10:42.607865,47330,13156445511,2060171224000308,20600026297,刘锋,,,
1120,111623,odRemuGdXw8i0EmPJxbL2ggvX5yI,游戏券,50元美食通用券,2017-12-24 08:21:39.641275,44566,15098820561,2060171210000048,20600021196,马玥鹏,,,
1122,122225,odRemuLTfHJyGgIlnC2JA5RyeMrs,游戏券,50元美食通用券,2017-12-24 08:23:04.996805,47159,17686841235,2060171224000138,20600025541,孙大来,,,
1128,121841,odRemuLT4fjCoNWJthgx0nSzCK6o,游戏券,50元美食通用券,2017-12-24 08:33:57.856382,47139,15854143804,2060171224000119,20600026402,宋艳春,,,
1130,122395,odRemuMR4g3TRskjttj8jx_Qp3Ps,游戏券,50元美食通用券,2017-12-24 08:34:27.483755,47244,18560087687,2060171224000222,20600026394,张裕萍,,,
1135,69154,odRemuEeE3Xnh35pWyIWenh0a7d0,游戏券,50元美食通用券,2017-12-24 08:47:32.005291,33865,15689696331,2060171004000039,20600008730,孟宪巍,,,
1136,69154,odRemuEeE3Xnh35pWyIWenh0a7d0,游戏券,50元美食通用券,2017-12-24 08:47:51.059618,33865,15689696331,2060171004000039,20600008730,孟宪巍,,,
1137,119835,odRemuMRY9iuscaSl5zGn_2OX6s0,游戏券,50元美食通用券,2017-12-24 08:48:36.760296,46334,15288845119,2060171223000023,20600026604,侯妞,,,
1138,119835,odRemuMRY9iuscaSl5zGn_2OX6s0,游戏券,50元美食通用券,2017-12-24 08:50:18.434671,46334,15288845119,2060171223000023,20600026604,侯妞,,,
1139,101787,odRemuAQf-8Zc5KY4d_6sY6IP2l8,游戏券,50元美食通用券,2017-12-24 08:53:08.892664,44528,18678391614,2060171210000012,20600021371,陶明昆,,,
1140,8486,odRemuKi0GUuJ1uCJbnH5DM8UCnE,游戏券,50元美食通用券,2017-12-24 08:59:35.356262,2338,18653158921,2060170503000017,20600002544,杨昆,,,
1141,8486,odRemuKi0GUuJ1uCJbnH5DM8UCnE,游戏券,50元美食通用券,2017-12-24 08:59:44.241975,2338,18653158921,2060170503000017,20600002544,杨昆,,,
1144,122801,odRemuC0EeXflhQQCAAqquCAzPwA,游戏券,50元美食通用券,2017-12-24 09:27:21.628427,47442,13355314581,2060171224000418,20600025920,杜文静,,,
1147,47159,odRemuMKk5twQWo6v6qiDowRvr7o,游戏券,50元美食通用券,2017-12-24 09:28:00.962475,8622,18953201886,2060170830000012,20600005724,刘玉清,,,
1148,100285,odRemuFqOB4xhmpzSxBLxRSZ84_U,游戏券,50元美食通用券,2017-12-24 09:31:20.647420,43766,18660846648,2060171130000005,20600023850,刘巧,,,
1149,8390,odRemuDZDSN3QBG16LpjhBPx0vIs,游戏券,50元美食通用券,2017-12-24 09:43:22.563783,2313,18678833993,2060170502000016,20600001525,刘延明,,,
1154,69045,odRemuMyg3WtCZizNX7z62ogT4zE,游戏券,50元美食通用券,2017-12-24 10:41:23.921136,33850,13156121237,2060171004000026,20600006361,。,,,
1159,113927,odRemuEaoQqIZg3hoiYU7VFTkoV8,游戏券,50元美食通用券,2017-12-24 11:30:41.549296,45158,13791092417,2060171214000088,20600022815,王,,,
1161,5301,odRemuKS_I3Ei9AKPDSLD1cVvQXg,游戏券,50元美食通用券,2017-12-24 11:35:39.906727,1617,15866606920,2060170324000001,20600001473,王梦熙,,,
1164,69581,odRemuCoAXIAlPGNJEd9bQEi3pJI,游戏券,50元美食通用券,2017-12-24 11:48:54.246253,35446,18560038899,2060171021000160,20600100412,格格,,,
1167,116012,odRemuPz42j1M2igUanab5fbR3qY,游戏券,50元美食通用券,2017-12-24 12:13:40.065188,47612,15610113081,2060171224000586,20600026309,李琳琳,,,
1168,50724,odRemuIcd_vJUiZ0l28MNyXp-bE4,游戏券,50元美食通用券,2017-12-24 12:17:02.248831,8890,18663755211,2060170913000004,20600006801,孙卫然,,,
1172,1887,odRemuCbs1S41KY6361yY3YhDqNM,游戏券,50元美食通用券,2017-12-24 12:38:17.968399,867,18660155099,2060170202000019,20600001382,孙剑锋,,,
1174,123485,odRemuMdU1Ju0EXAtgdpXn2BpzXs,游戏券,50元美食通用券,2017-12-24 13:00:28.064045,47745,15953139382,2060171224000718,20600027008,樊新欣,,,
1176,5995,odRemuMBuVlTdfzxmgpYcRrBV3qY,游戏券,50元美食通用券,2017-12-24 13:06:25.511256,1753,13006597632,2060170410000001,20600002493,孙兴梁,,,
1177,5995,odRemuMBuVlTdfzxmgpYcRrBV3qY,游戏券,50元美食通用券,2017-12-24 13:07:06.903173,1753,13006597632,2060170410000001,20600002493,孙兴梁,,,
1178,5399,odRemuPuo-QX4JNresqF_duILEiY,游戏券,50元美食通用券,2017-12-24 13:14:23.503417,1634,18553103161,2060170325000015,20600002255,张立培,,,
1182,110633,odRemuLlAGXASGuTKW719I0B6zY4,游戏券,50元美食通用券,2017-12-24 13:20:11.288525,44394,13031718831,2060171209000077,20600023374,马超群,,,
1183,3627,odRemuAXibhCdkhCRR4WCx_MvQD4,游戏券,50元美食通用券,2017-12-24 13:20:15.620799,1184,15053105061,2060170211000033,20600002025,蔡晓童,,,
1186,123776,odRemuDFTZaRis5CASys706GaDeY,游戏券,50元美食通用券,2017-12-24 13:32:19.989948,47773,15552879929,2060171224000745,20600026495,毕裕隆,,鲁AP279R,
1188,29908,odRemuG5ni9eq-VaU9INQUoNsSDA,游戏券,50元美食通用券,2017-12-24 13:38:37.876765,7664,18660192909,2060170729000039,20600008040,张静,,,
1189,123366,odRemuIfVy29Dxtu-fs1_4Mh3DVw,游戏券,50元美食通用券,2017-12-24 13:53:45.731702,47669,13361111387,2060171224000642,20600027418,马欣,,,
1193,19938,odRemuIZ_xgfHQ8uIr-DhfIoJBAU,游戏券,50元美食通用券,2017-12-24 14:16:13.094802,5458,15806664547,2060170627000027,20600006969,陈,,,
1194,19938,odRemuIZ_xgfHQ8uIr-DhfIoJBAU,游戏券,50元美食通用券,2017-12-24 14:16:24.171013,5458,15806664547,2060170627000027,20600006969,陈,,,
1195,89120,odRemuIeNQp7gQ1ZG49-271KHpbg,游戏券,50元美食通用券,2017-12-24 14:25:12.579860,40067,15335411783,2060171112000122,20600018134,朱婷婷,,,
1196,89120,odRemuIeNQp7gQ1ZG49-271KHpbg,游戏券,50元美食通用券,2017-12-24 14:25:41.826532,40067,15335411783,2060171112000122,20600018134,朱婷婷,,,
1198,4933,odRemuBwf2WntHOZEy1VxYWUt4l0,游戏券,50元美食通用券,2017-12-24 14:53:37.491982,1776,18615691165,2060170413000001,20600002307,李浩,,,
1201,113301,odRemuCRZfQ5d9pl6PCPFME3oAWI,游戏券,50元美食通用券,2017-12-24 15:49:01.129405,44983,15562456756,2060171213000027,20600023355,李学辉,,,
1207,68908,odRemuMBhKjVP8WczEpj7wobX_N4,游戏券,50元美食通用券,2017-12-24 16:07:44.942150,33836,13869150297,2060171004000017,20600005868,黄艳红,,,
1209,96759,odRemuNCChkpXZCUi8Omc7GDf1N8,游戏券,50元美食通用券,2017-12-24 23:38:43.869620,43256,18560033113,2060171124000070,20600023480,李红,,,
1215,90211,odRemuKGcbpEVg-7ISKFGXV_snDg,游戏券,50元美食通用券,2017-12-26 09:44:51.442306,40490,15650010996,2060171114000120,20600018485,孙,,,
1218,3911,odRemuFx7PGyFsOMO5jnD8g2LBy8,游戏券,50元美食通用券,2017-12-30 02:53:21.676058,1286,13176677995,2060170217000017,20600001618,裴广亮,,,
