`2017-09-28 00:04:09,`wxf19b029d8105d81a,`10035836,`0,`,`4200000005201709284649494689,`7597616ca39d11e7b9e5005056ac0260,`odRemuObVfidoY8Jf9-lebXQI3Es,`JSAPI,`SUCCESS,`CFT,`CNY,`4.50,`0.00,`0,`0,`0.00,`0.00,`,`,`世茂(济南)-停车场缴费,`世茂(济南),`0.03000,`0.60%
`2017-09-28 00:13:34,`wxf19b029d8105d81a,`10035836,`0,`,`4200000016201709284651767204,`c6d9daaea39e11e7b9e5005056ac0260,`odRemuAZkxKu1teiFu1kvrxSolEM,`JSAPI,`SUCCESS,`GDB_CREDIT,`CNY,`10.50,`0.00,`0,`0,`0.00,`0.00,`,`,`世茂(济南)-停车场缴费,`世茂(济南),`0.06000,`0.60%
`2017-09-28 00:21:18,`wxf19b029d8105d81a,`10035836,`0,`,`4200000008201709284654841925,`de5be0cca39f11e7b9e5005056ac0260,`odRemuACi_Vnt7QN1Ll9j8ZnE3f0,`JSAPI,`SUCCESS,`CMB_DEBIT,`CNY,`10.50,`0.00,`0,`0,`0.00,`0.00,`,`,`世茂(济南)-停车场缴费,`世茂(济南),`0.06000,`0.60%
`2017-09-28 10:04:42,`wxf19b029d8105d81a,`10035836,`0,`,`4200000030201709284695813071,`5fdb1caca3f111e7b9e5005056ac0260,`odRemuLf9bDXP1Budf8cfYjB1t4U,`JSAPI,`SUCCESS,`CMB_CREDIT,`CNY,`6.00,`0.00,`0,`0,`0.00,`0.00,`,`,`世茂(济南),`世茂(济南),`0.04000,`0.60%
`2017-09-28 10:08:29,`wxf19b029d8105d81a,`10035836,`0,`,`4200000003201709284695973504,`e0a649c4a3f111e7b9e5005056ac0260,`odRemuP9Eo-xrjiursWI3610LCg0,`JSAPI,`SUCCESS,`CFT,`CNY,`3.00,`0.00,`0,`0,`0.00,`0.00,`,`,`世茂(济南),`世茂(济南),`0.02000,`0.60%
`2017-09-28 10:09:30,`wxf19b029d8105d81a,`10035836,`0,`,`4200000010201709284700859860,`04d257a2a3f211e7b9e5005056ac0260,`odRemuHYcweZ9E9drGwY20KpkCps,`JSAPI,`SUCCESS,`ICBC_DEBIT,`CNY,`34.50,`0.00,`0,`0,`0.00,`0.00,`,`,`世茂(济南),`世茂(济南),`0.21000,`0.60%
`2017-09-28 10:09:54,`wxf19b029d8105d81a,`10035836,`0,`,`4200000027201709284700901404,`16894212a3f211e7b9e5005056ac0260,`odRemuPibQQqh2yAjLXOaFX7IYHI,`JSAPI,`SUCCESS,`CFT,`CNY,`6.00,`0.00,`0,`0,`0.00,`0.00,`,`,`世茂(济南),`世茂(济南),`0.04000,`0.60%
`2017-09-28 10:14:55,`wxf19b029d8105d81a,`10035836,`0,`,`4200000020201709284699137687,`c6d0af5ca3f211e7b9e5005056ac0260,`odRemuCb1E0K_dwqGx6X18riVpcI,`JSAPI,`SUCCESS,`CFT,`CNY,`28.50,`0.00,`0,`0,`0.00,`0.00,`,`,`世茂(济南),`世茂(济南),`0.17000,`0.60%
`2017-09-28 10:46:33,`wxf19b029d8105d81a,`10035836,`0,`,`4200000016201709284708420193,`f28eea56a3f611e7b9e5005056ac0260,`odRemuLf9bDXP1Budf8cfYjB1t4U,`JSAPI,`SUCCESS,`CMB_CREDIT,`CNY,`6.00,`0.00,`0,`0,`0.00,`0.00,`,`,`世茂(济南),`世茂(济南),`0.04000,`0.60%
`2017-09-28 10:46:54,`wxf19b029d8105d81a,`10035836,`0,`,`4200000019201709284704586350,`3a44d0aea3f711e7b9e5005056ac0260,`odRemuON9tc-zdALojUaHqp_GXkQ,`JSAPI,`SUCCESS,`CFT,`CNY,`6.00,`0.00,`0,`0,`0.00,`0.00,`,`,`世茂(济南),`世茂(济南),`0.04000,`0.60%
`2017-09-28 10:56:17,`wxf19b029d8105d81a,`10035836,`0,`,`4200000021201709284708871720,`94dacee6a3f811e7b9e5005056ac0260,`odRemuLf9bDXP1Budf8cfYjB1t4U,`JSAPI,`SUCCESS,`CMB_CREDIT,`CNY,`3.00,`0.00,`0,`0,`0.00,`0.00,`,`,`世茂(济南),`世茂(济南),`0.02000,`0.60%
`2017-09-28 11:13:36,`wxf19b029d8105d81a,`10035836,`0,`,`4200000001201709284705792792,`fea32bdca3fa11e7b9e5005056ac0260,`odRemuBX9vnqepI9y5MHVOUbrpoI,`JSAPI,`SUCCESS,`GDB_CREDIT,`CNY,`9.00,`0.00,`0,`0,`0.00,`0.00,`,`,`世茂(济南),`世茂(济南),`0.05000,`0.60%
`2017-09-28 11:16:35,`wxf19b029d8105d81a,`10035836,`0,`,`4200000028201709284710980135,`6a093b14a3fb11e7b9e5005056ac0260,`odRemuLf9bDXP1Budf8cfYjB1t4U,`JSAPI,`SUCCESS,`CMB_CREDIT,`CNY,`6.00,`0.00,`0,`0,`0.00,`0.00,`,`,`世茂(济南),`世茂(济南),`0.04000,`0.60%
`2017-09-28 11:20:15,`wxf19b029d8105d81a,`10035836,`0,`,`4200000011201709284709955434,`eb9f2508a3fb11e7b9e5005056ac0260,`odRemuIpCYFLm2U1ywdBrRN7i7Oo,`JSAPI,`SUCCESS,`CFT,`CNY,`6.00,`0.00,`0,`0,`0.00,`0.00,`,`,`世茂(济南),`世茂(济南),`0.04000,`0.60%
`2017-09-28 11:24:07,`wxf19b029d8105d81a,`10035836,`0,`,`4200000020201709284714343895,`6e1cd250a3fc11e7b9e5005056ac0260,`odRemuCXzhOicpAxor6SxVg-cidc,`JSAPI,`SUCCESS,`CCB_DEBIT,`CNY,`6.00,`0.00,`0,`0,`0.00,`0.00,`,`,`世茂(济南),`世茂(济南),`0.04000,`0.60%
`2017-09-28 11:24:12,`wxf19b029d8105d81a,`10035836,`0,`,`4200000004201709284714369465,`7b01f964a3fc11e7b9e5005056ac0260,`odRemuGx5vMvlz2RGap9dooEQSCs,`JSAPI,`SUCCESS,`CFT,`CNY,`3.00,`0.00,`0,`0,`0.00,`0.00,`,`,`世茂(济南),`世茂(济南),`0.02000,`0.60%
`2017-09-28 11:30:24,`wxf19b029d8105d81a,`10035836,`0,`,`4200000018201709284712723404,`569f6ccca3fd11e7b9e5005056ac0260,`odRemuHRoT94-8vx5gEkJSFBWDBk,`JSAPI,`SUCCESS,`CFT,`CNY,`3.00,`0.00,`0,`0,`0.00,`0.00,`,`,`世茂(济南),`世茂(济南),`0.02000,`0.60%
`2017-09-28 11:32:02,`wxf19b029d8105d81a,`10035836,`0,`,`4200000004201709284711741500,`7f0168faa3fd11e7b9e5005056ac0260,`odRemuIgBw9Y5f2wvgjePv1R8x0Q,`JSAPI,`SUCCESS,`CCB_DEBIT,`CNY,`6.00,`0.00,`0,`0,`0.00,`0.00,`,`,`世茂(济南),`世茂(济南),`0.04000,`0.60%
`2017-09-28 11:32:23,`wxf19b029d8105d81a,`10035836,`0,`,`4200000005201709284714724927,`9d28fc8aa3fd11e7b9e5005056ac0260,`odRemuAj1yZioV5DARO8A58NTDxE,`JSAPI,`SUCCESS,`BOC_DEBIT,`CNY,`6.00,`0.00,`0,`0,`0.00,`0.00,`,`,`世茂(济南),`世茂(济南),`0.04000,`0.60%
`2017-09-28 11:37:38,`wxf19b029d8105d81a,`10035836,`0,`,`4200000004201709284715008207,`579ec45aa3fe11e7b9e5005056ac0260,`odRemuH5w6W17JP64KvbZYZAIdLg,`JSAPI,`SUCCESS,`CFT,`CNY,`3.00,`0.00,`0,`0,`0.00,`0.00,`,`,`世茂(济南),`世茂(济南),`0.02000,`0.60%
`2017-09-28 11:50:00,`wxf19b029d8105d81a,`10035836,`0,`,`4200000030201709284717011891,`1539301ca40011e7b9e5005056ac0260,`odRemuLf9bDXP1Budf8cfYjB1t4U,`JSAPI,`SUCCESS,`CMB_CREDIT,`CNY,`3.00,`0.00,`0,`0,`0.00,`0.00,`,`,`世茂(济南),`世茂(济南),`0.02000,`0.60%
`2017-09-28 11:59:03,`wxf19b029d8105d81a,`10035836,`0,`,`4200000002201709284714157831,`583d219ca40111e7b9e5005056ac0260,`odRemuNjXp71ciABCVF_Tq_hGnhI,`JSAPI,`SUCCESS,`CFT,`CNY,`6.00,`0.00,`0,`0,`0.00,`0.00,`,`,`世茂(济南),`世茂(济南),`0.04000,`0.60%
`2017-09-28 12:00:02,`wxf19b029d8105d81a,`10035836,`0,`,`4200000029201709284718098172,`7c601da4a40111e7b9e5005056ac0260,`odRemuAhGwCZIT6WuxodhD9aLpAk,`JSAPI,`SUCCESS,`CFT,`CNY,`12.00,`0.00,`0,`0,`0.00,`0.00,`,`,`世茂(济南),`世茂(济南),`0.07000,`0.60%
`2017-09-28 12:02:13,`wxf19b029d8105d81a,`10035836,`0,`,`4200000007201709284718278323,`c27a6c4aa40111e7b9e5005056ac0260,`odRemuD3LFoE5rsUg4dx5_1Z90JI,`JSAPI,`SUCCESS,`CFT,`CNY,`12.00,`0.00,`0,`0,`0.00,`0.00,`,`,`世茂(济南),`世茂(济南),`0.07000,`0.60%
`2017-09-28 12:04:10,`wxf19b029d8105d81a,`10035836,`0,`,`4200000030201709284719676836,`06469430a40211e7b9e5005056ac0260,`odRemuLEBCRngW6IWW9EGCTMWcog,`JSAPI,`SUCCESS,`CCB_DEBIT,`CNY,`13.50,`0.00,`0,`0,`0.00,`0.00,`,`,`世茂(济南),`世茂(济南),`0.08000,`0.60%
`2017-09-28 12:15:03,`wxf19b029d8105d81a,`10035836,`0,`,`4200000014201709284723039025,`916acee0a40311e7b9e5005056ac0260,`odRemuNXQUf1jdopSrV9kmNaPfhM,`JSAPI,`SUCCESS,`HXB_CREDIT,`CNY,`6.00,`0.00,`0,`0,`0.00,`0.00,`,`,`世茂(济南),`世茂(济南),`0.04000,`0.60%
`2017-09-28 12:19:55,`wxf19b029d8105d81a,`10035836,`0,`,`4200000022201709284721347884,`3fe501b6a40411e7b9e5005056ac0260,`odRemuHSYii-8eu8IbaTQwAMaAuI,`JSAPI,`SUCCESS,`CFT,`CNY,`12.00,`0.00,`0,`0,`0.00,`0.00,`,`,`世茂(济南),`世茂(济南),`0.07000,`0.60%
`2017-09-28 12:27:05,`wxf19b029d8105d81a,`10035836,`0,`,`4200000001201709284727157849,`3b4669aaa40511e7b9e5005056ac0260,`odRemuHOeQaMqBtuHTO7LtBF4jBc,`JSAPI,`SUCCESS,`CFT,`CNY,`3.00,`0.00,`0,`0,`0.00,`0.00,`,`,`世茂(济南),`世茂(济南),`0.02000,`0.60%
`2017-09-28 12:28:39,`wxf19b029d8105d81a,`10035836,`0,`,`4200000026201709284721775175,`7a38f542a40511e7b9e5005056ac0260,`odRemuPgO0ZqaopswEUu-At6R6lw,`JSAPI,`SUCCESS,`ICBC_DEBIT,`CNY,`9.00,`0.00,`0,`0,`0.00,`0.00,`,`,`世茂(济南),`世茂(济南),`0.05000,`0.60%
`2017-09-28 12:33:25,`wxf19b029d8105d81a,`10035836,`0,`,`4200000028201709284726229657,`22f18a3ca40611e7b9e5005056ac0260,`odRemuAurwBi2w4xUFi37lkkr3WQ,`JSAPI,`SUCCESS,`CITIC_DEBIT,`CNY,`6.00,`0.00,`0,`0,`0.00,`0.00,`,`,`世茂(济南),`世茂(济南),`0.04000,`0.60%
`2017-09-28 12:37:09,`wxf19b029d8105d81a,`10035836,`0,`,`4200000011201709284722270153,`a85eef52a40611e7b9e5005056ac0260,`odRemuMQj0zS1M03dwSiDm-X9SkM,`JSAPI,`SUCCESS,`QSB_DEBIT,`CNY,`49.50,`0.00,`0,`0,`0.00,`0.00,`,`,`世茂(济南),`世茂(济南),`0.30000,`0.60%
`2017-09-28 12:37:27,`wxf19b029d8105d81a,`10035836,`0,`,`4200000029201709284722291374,`b336222ea40611e7b9e5005056ac0260,`odRemuO6F99DSnZfu9pP7jMl7XoE,`JSAPI,`SUCCESS,`CFT,`CNY,`3.00,`0.00,`0,`0,`0.00,`0.00,`,`,`世茂(济南),`世茂(济南),`0.02000,`0.60%
`2017-09-28 12:38:25,`wxf19b029d8105d81a,`10035836,`0,`,`4200000011201709284728505020,`d5f5a5e6a40611e7b9e5005056ac0260,`odRemuKU87rb86Ea4AzPw_g_Cze4,`JSAPI,`SUCCESS,`PAB_DEBIT,`CNY,`16.50,`0.00,`0,`0,`0.00,`0.00,`,`,`世茂(济南),`世茂(济南),`0.10000,`0.60%
`2017-09-28 12:39:28,`wxf19b029d8105d81a,`10035836,`0,`,`4200000018201709284727792527,`fb60e85ea40611e7b9e5005056ac0260,`odRemuHhtuUCewGe9TQcewgbtZ0U,`JSAPI,`SUCCESS,`CFT,`CNY,`6.00,`0.00,`0,`0,`0.00,`0.00,`,`,`世茂(济南),`世茂(济南),`0.04000,`0.60%
`2017-09-28 12:42:35,`wxf19b029d8105d81a,`10035836,`0,`,`4200000024201709284730674004,`6cedb880a40711e7b9e5005056ac0260,`odRemuKIHlBfdHiO5NudOL2_gnGE,`JSAPI,`SUCCESS,`ABC_CREDIT,`CNY,`6.00,`0.00,`0,`0,`0.00,`0.00,`,`,`世茂(济南),`世茂(济南),`0.04000,`0.60%
`2017-09-28 12:50:30,`wxf19b029d8105d81a,`10035836,`0,`,`4200000013201709284729074725,`766d7e6ca40811e7b9e5005056ac0260,`odRemuJOWxrjFntR7si0zwu7YfVI,`JSAPI,`SUCCESS,`CFT,`CNY,`3.00,`0.00,`0,`0,`0.00,`0.00,`,`,`世茂(济南),`世茂(济南),`0.02000,`0.60%
`2017-09-28 12:55:00,`wxf19b029d8105d81a,`10035836,`0,`,`4200000027201709284731259372,`27d4c700a40911e7b9e5005056ac0260,`odRemuOIRnpHTkPryS3BzX1UuTmI,`JSAPI,`SUCCESS,`CMB_CREDIT,`CNY,`3.00,`0.00,`0,`0,`0.00,`0.00,`,`,`世茂(济南),`世茂(济南),`0.02000,`0.60%
`2017-09-28 12:58:24,`wxf19b029d8105d81a,`10035836,`0,`,`4200000024201709284731516323,`8a9d8c82a40911e7b9e5005056ac0260,`odRemuPCOyyFKeyHVT85B6d6KiP8,`JSAPI,`SUCCESS,`CFT,`CNY,`28.50,`0.00,`0,`0,`0.00,`0.00,`,`,`世茂(济南),`世茂(济南),`0.17000,`0.60%
`2017-09-28 12:59:16,`wxf19b029d8105d81a,`10035836,`0,`,`4200000002201709284731506923,`c192c040a40911e7b9e5005056ac0260,`odRemuLMGAIlTjHk6RreAU29cfHE,`JSAPI,`SUCCESS,`CFT,`CNY,`3.00,`0.00,`0,`0,`0.00,`0.00,`,`,`世茂(济南),`世茂(济南),`0.02000,`0.60%
`2017-09-28 13:04:28,`wxf19b029d8105d81a,`10035836,`0,`,`4200000022201709284733790746,`0885adaaa40a11e7b9e5005056ac0260,`odRemuMVWxqR0krM-1_DjOOUMbH0,`JSAPI,`SUCCESS,`ABC_DEBIT,`CNY,`3.00,`0.00,`0,`0,`0.00,`0.00,`,`,`世茂(济南),`世茂(济南),`0.02000,`0.60%
`2017-09-28 13:08:05,`wxf19b029d8105d81a,`10035836,`0,`,`4200000006201709284733103584,`f74649d6a40a11e7b9e5005056ac0260,`odRemuM6iKaZ5wfGITy9DPQ1DpTg,`JSAPI,`SUCCESS,`CFT,`CNY,`6.00,`0.00,`0,`0,`0.00,`0.00,`,`,`世茂(济南),`世茂(济南),`0.04000,`0.60%
`2017-09-28 13:10:08,`wxf19b029d8105d81a,`10035836,`0,`,`4200000005201709284734178661,`440b6ee0a40b11e7b9e5005056ac0260,`odRemuDeMqKxNVwTmvi425UQB9vM,`JSAPI,`SUCCESS,`CCB_DEBIT,`CNY,`6.00,`0.00,`0,`0,`0.00,`0.00,`,`,`世茂(济南),`世茂(济南),`0.04000,`0.60%
`2017-09-28 13:13:00,`wxf19b029d8105d81a,`10035836,`0,`,`4200000018201709284734267959,`ab8b46e4a40b11e7b9e5005056ac0260,`odRemuGVIfUtkvtx8HdFDndyMvT4,`JSAPI,`SUCCESS,`CFT,`CNY,`3.00,`0.00,`0,`0,`0.00,`0.00,`,`,`世茂(济南),`世茂(济南),`0.02000,`0.60%
`2017-09-28 13:16:01,`wxf19b029d8105d81a,`10035836,`0,`,`4200000021201709284738359039,`1311a3a8a40c11e7b9e5005056ac0260,`odRemuMQJVIl14cS1K50ae7Jswh8,`JSAPI,`SUCCESS,`CFT,`CNY,`3.00,`0.00,`0,`0,`0.00,`0.00,`,`,`世茂(济南),`世茂(济南),`0.02000,`0.60%
`2017-09-28 13:16:11,`wxf19b029d8105d81a,`10035836,`0,`,`4200000026201709284738319149,`0db928cca40c11e7b9e5005056ac0260,`odRemuL9x3Q8QduaM7KWwt2rvHQw,`JSAPI,`SUCCESS,`CFT,`CNY,`3.00,`0.00,`0,`0,`0.00,`0.00,`,`,`世茂(济南),`世茂(济南),`0.02000,`0.60%
`2017-09-28 13:18:04,`wxf19b029d8105d81a,`10035836,`0,`,`4200000011201709284735744493,`61604ebaa40c11e7b9e5005056ac0260,`odRemuObcCOm-ri57l2cZKfHUK_E,`JSAPI,`SUCCESS,`CFT,`CNY,`6.00,`0.00,`0,`0,`0.00,`0.00,`,`,`世茂(济南),`世茂(济南),`0.04000,`0.60%
`2017-09-28 13:18:28,`wxf19b029d8105d81a,`10035836,`0,`,`4200000028201709284738434871,`6c0eb572a40c11e7b9e5005056ac0260,`odRemuCz6BhGJwZtLb580gAvzIjg,`JSAPI,`SUCCESS,`ICBC_DEBIT,`CNY,`3.00,`0.00,`0,`0,`0.00,`0.00,`,`,`世茂(济南),`世茂(济南),`0.02000,`0.60%
`2017-09-28 13:18:37,`wxf19b029d8105d81a,`10035836,`0,`,`4200000001201709284735747353,`6d8037e6a40c11e7b9e5005056ac0260,`odRemuE8wJI66dOWPxwRkzSODJUI,`JSAPI,`SUCCESS,`CCB_DEBIT,`CNY,`3.00,`0.00,`0,`0,`0.00,`0.00,`,`,`世茂(济南),`世茂(济南),`0.02000,`0.60%
`2017-09-28 13:19:44,`wxf19b029d8105d81a,`10035836,`0,`,`4200000014201709284738536018,`9c6b692ca40c11e7b9e5005056ac0260,`odRemuL1EHx4zokTzp7doGLPsDG8,`JSAPI,`SUCCESS,`CMB_CREDIT,`CNY,`12.00,`0.00,`0,`0,`0.00,`0.00,`,`,`世茂(济南),`世茂(济南),`0.07000,`0.60%
`2017-09-28 13:20:20,`wxf19b029d8105d81a,`10035836,`0,`,`4200000018201709284740474498,`a4d995fca40c11e7b9e5005056ac0260,`odRemuCnfLuRhvXQ07mRy1nyubTI,`JSAPI,`SUCCESS,`CCB_DEBIT,`CNY,`3.00,`0.00,`0,`0,`0.00,`0.00,`,`,`世茂(济南),`世茂(济南),`0.02000,`0.60%
`2017-09-28 13:22:07,`wxf19b029d8105d81a,`10035836,`0,`,`4200000012201709284736687156,`c5becb16a40c11e7b9e5005056ac0260,`odRemuB48tYzWcxNRO-NA6SOq2TA,`JSAPI,`SUCCESS,`CFT,`CNY,`6.00,`0.00,`0,`0,`0.00,`0.00,`,`,`世茂(济南),`世茂(济南),`0.04000,`0.60%
`2017-09-28 13:22:33,`wxf19b029d8105d81a,`10035836,`0,`,`4200000019201709284740573682,`01a58df4a40d11e7b9e5005056ac0260,`odRemuDFrKU4iTBLNA8nuAMkH6bU,`JSAPI,`SUCCESS,`CFT,`CNY,`3.00,`0.00,`0,`0,`0.00,`0.00,`,`,`世茂(济南),`世茂(济南),`0.02000,`0.60%
`2017-09-28 13:27:15,`wxf19b029d8105d81a,`10035836,`0,`,`4200000024201709284740747103,`a4a635a8a40d11e7b9e5005056ac0260,`odRemuO29Ehzof5vBr-12o27jdzw,`JSAPI,`SUCCESS,`CCB_DEBIT,`CNY,`6.00,`0.00,`0,`0,`0.00,`0.00,`,`,`世茂(济南),`世茂(济南),`0.04000,`0.60%
`2017-09-28 13:29:01,`wxf19b029d8105d81a,`10035836,`0,`,`4200000007201709284737047709,`e8d21166a40d11e7b9e5005056ac0260,`odRemuA__RECsy8QwBacT0Tf7Q6Q,`JSAPI,`SUCCESS,`CFT,`CNY,`12.00,`0.00,`0,`0,`0.00,`0.00,`,`,`世茂(济南),`世茂(济南),`0.07000,`0.60%
`2017-09-28 13:29:37,`wxf19b029d8105d81a,`10035836,`0,`,`4200000018201709284736264550,`f8b2f7f8a40d11e7b9e5005056ac0260,`odRemuIdFOnHtNL3wuQTJzfDa7oc,`JSAPI,`SUCCESS,`CFT,`CNY,`3.00,`0.00,`0,`0,`0.00,`0.00,`,`,`世茂(济南),`世茂(济南),`0.02000,`0.60%
`2017-09-28 13:33:03,`wxf19b029d8105d81a,`10035836,`0,`,`4200000027201709284739034127,`7a713edaa40e11e7b9e5005056ac0260,`odRemuFy8PsvKfocyFYr4IZ31-pM,`JSAPI,`SUCCESS,`ABC_DEBIT,`CNY,`9.00,`0.00,`0,`0,`0.00,`0.00,`,`,`世茂(济南),`世茂(济南),`0.05000,`0.60%
`2017-09-28 13:33:09,`wxf19b029d8105d81a,`10035836,`0,`,`4200000023201709284737225169,`7cb47dc4a40e11e7b9e5005056ac0260,`odRemuHPZpt_JGEzGHmjSx9V9oaQ,`JSAPI,`SUCCESS,`CFT,`CNY,`9.00,`0.00,`0,`0,`0.00,`0.00,`,`,`世茂(济南),`世茂(济南),`0.05000,`0.60%
`2017-09-28 13:37:38,`wxf19b029d8105d81a,`10035836,`0,`,`4200000003201709284737477474,`169da7f8a40f11e7b9e5005056ac0260,`odRemuANecRIBG_4bqaD9BMi9ZJ0,`JSAPI,`SUCCESS,`CFT,`CNY,`9.00,`0.00,`0,`0,`0.00,`0.00,`,`,`世茂(济南),`世茂(济南),`0.05000,`0.60%
`2017-09-28 13:40:12,`wxf19b029d8105d81a,`10035836,`0,`,`4200000025201709284742704258,`72b9080ca40f11e7b9e5005056ac0260,`odRemuC-aeIVZR2xBnuF9ShuWfzA,`JSAPI,`SUCCESS,`CCB_CREDIT,`CNY,`9.00,`0.00,`0,`0,`0.00,`0.00,`,`,`世茂(济南),`世茂(济南),`0.05000,`0.60%
`2017-09-28 13:40:44,`wxf19b029d8105d81a,`10035836,`0,`,`4200000018201709284739335582,`8c8eaffca40f11e7b9e5005056ac0260,`odRemuGJ1hTb1TxKwMx_q0Zcu_e0,`JSAPI,`SUCCESS,`CFT,`CNY,`6.00,`0.00,`0,`0,`0.00,`0.00,`,`,`世茂(济南),`世茂(济南),`0.04000,`0.60%
`2017-09-28 14:23:02,`wxf19b029d8105d81a,`10035836,`0,`,`4200000018201709284745440476,`6c0eb244a41511e7b9e5005056ac0260,`odRemuJN2Iu4WfDVk7-e6QsuqzPM,`JSAPI,`SUCCESS,`CFT,`CNY,`3.00,`0.00,`0,`0,`0.00,`0.00,`,`,`世茂(济南),`世茂(济南),`0.02000,`0.60%
`2017-09-28 15:58:30,`wxf19b029d8105d81a,`10035836,`0,`,`4200000028201709284760032570,`ccbeaf7ea42211e7b9e5005056ac0260,`odRemuLf9bDXP1Budf8cfYjB1t4U,`JSAPI,`SUCCESS,`CMB_CREDIT,`CNY,`21.00,`0.00,`0,`0,`0.00,`0.00,`,`,`世茂(济南),`世茂(济南),`0.13000,`0.60%
`2017-09-28 16:42:36,`wxf19b029d8105d81a,`10035836,`0,`,`4200000025201709284772634587,`ef5ca9b8a42811e7b9e5005056ac0260,`odRemuON9tc-zdALojUaHqp_GXkQ,`JSAPI,`SUCCESS,`CFT,`CNY,`6.00,`0.00,`0,`0,`0.00,`0.00,`,`,`世茂(济南),`世茂(济南),`0.04000,`0.60%
`2017-09-28 16:42:38,`wxf19b029d8105d81a,`10035836,`0,`,`4200000024201709284770684844,`f2aa31a8a42811e7b9e5005056ac0260,`odRemuJN2Iu4WfDVk7-e6QsuqzPM,`JSAPI,`SUCCESS,`CMB_CREDIT,`CNY,`12.00,`0.00,`0,`0,`0.00,`0.00,`,`,`世茂(济南),`世茂(济南),`0.07000,`0.60%
`2017-09-28 16:56:06,`wxf19b029d8105d81a,`10035836,`0,`,`4200000030201709284769522683,`d38ea48ca42a11e7b9e5005056ac0260,`odRemuJAZspJBXfFpOjTKPmmwiAk,`JSAPI,`SUCCESS,`CFT,`CNY,`3.00,`0.00,`0,`0,`0.00,`0.00,`,`,`世茂(济南),`世茂(济南),`0.02000,`0.60%
`2017-09-28 17:43:29,`wxf19b029d8105d81a,`10035836,`0,`,`4200000001201709284777740910,`774b8378a43111e7b9e5005056ac0260,`odRemuLf9bDXP1Budf8cfYjB1t4U,`JSAPI,`SUCCESS,`CMB_CREDIT,`CNY,`6.00,`0.00,`0,`0,`0.00,`0.00,`,`,`世茂(济南),`世茂(济南),`0.04000,`0.60%
`2017-09-28 17:58:15,`wxf19b029d8105d81a,`10035836,`0,`,`4200000001201709284784470291,`7bd9874ea43311e7b9e5005056ac0260,`odRemuGO4W49WB1NIprqgyzlqrCQ,`JSAPI,`SUCCESS,`CMB_DEBIT,`CNY,`3.00,`0.00,`0,`0,`0.00,`0.00,`,`,`世茂(济南),`世茂(济南),`0.02000,`0.60%
`2017-09-28 18:02:13,`wxf19b029d8105d81a,`10035836,`0,`,`4200000026201709284782292554,`113390d2a43411e7b9e5005056ac0260,`odRemuLZqR-F42d29PuObdRWAo8c,`JSAPI,`SUCCESS,`CEB_CREDIT,`CNY,`30.00,`0.00,`0,`0,`0.00,`0.00,`,`,`世茂(济南),`世茂(济南),`0.18000,`0.60%
`2017-09-28 18:07:05,`wxf19b029d8105d81a,`10035836,`0,`,`4200000006201709284784864381,`c19ce932a43411e7b9e5005056ac0260,`odRemuJQ0Dsz7ZfWRsMq8c_Q5-v0,`JSAPI,`SUCCESS,`CFT,`CNY,`15.00,`0.00,`0,`0,`0.00,`0.00,`,`,`世茂(济南),`世茂(济南),`0.09000,`0.60%
`2017-09-28 18:10:28,`wxf19b029d8105d81a,`10035836,`0,`,`4200000009201709284784051240,`2e1a6e5ea43511e7b9e5005056ac0260,`odRemuNkBf99OK1v2Rb8N47LYurM,`JSAPI,`SUCCESS,`CCB_CREDIT,`CNY,`6.00,`0.00,`0,`0,`0.00,`0.00,`,`,`世茂(济南),`世茂(济南),`0.04000,`0.60%
`2017-09-28 18:14:29,`wxf19b029d8105d81a,`10035836,`0,`,`4200000020201709284784266078,`c67346bca43511e7b9e5005056ac0260,`odRemuKiixNfZcS2-IqMxZJiLuZY,`JSAPI,`SUCCESS,`CFT,`CNY,`3.00,`0.00,`0,`0,`0.00,`0.00,`,`,`世茂(济南),`世茂(济南),`0.02000,`0.60%
`2017-09-28 18:15:12,`wxf19b029d8105d81a,`10035836,`0,`,`4200000001201709284789018476,`e1ea2fbea43511e7b9e5005056ac0260,`odRemuJQFw6H6OOfFaCymE7VXCBM,`JSAPI,`SUCCESS,`CFT,`CNY,`24.00,`0.00,`0,`0,`0.00,`0.00,`,`,`世茂(济南),`世茂(济南),`0.14000,`0.60%
`2017-09-28 18:16:01,`wxf19b029d8105d81a,`10035836,`0,`,`4200000016201709284789023581,`011d70bca43611e7b9e5005056ac0260,`odRemuOlkK_PgmU-JA77AsPT2sJs,`JSAPI,`SUCCESS,`CFT,`CNY,`9.00,`0.00,`0,`0,`0.00,`0.00,`,`,`世茂(济南),`世茂(济南),`0.05000,`0.60%
`2017-09-28 18:21:41,`wxf19b029d8105d81a,`10035836,`0,`,`4200000027201709284790590346,`cb29b302a43611e7b9e5005056ac0260,`odRemuClT6M63N_mX7D3oabMwVuE,`JSAPI,`SUCCESS,`HXB_CREDIT,`CNY,`6.00,`0.00,`0,`0,`0.00,`0.00,`,`,`世茂(济南),`世茂(济南),`0.04000,`0.60%
`2017-09-28 18:32:08,`wxf19b029d8105d81a,`10035836,`0,`,`4200000010201709284786232724,`3e44c510a43811e7b9e5005056ac0260,`odRemuI1Q8llH_xKwlqP6tHxDAZ8,`JSAPI,`SUCCESS,`CFT,`CNY,`18.00,`0.00,`0,`0,`0.00,`0.00,`,`,`世茂(济南),`世茂(济南),`0.11000,`0.60%
`2017-09-28 18:35:28,`wxf19b029d8105d81a,`10035836,`0,`,`4200000005201709284788216851,`b8b1e4d6a43811e7b9e5005056ac0260,`odRemuGGWAQ0qENC3SLRm5v_xP3I,`JSAPI,`SUCCESS,`CMB_CREDIT,`CNY,`9.00,`0.00,`0,`0,`0.00,`0.00,`,`,`世茂(济南),`世茂(济南),`0.05000,`0.60%
`2017-09-28 18:37:12,`wxf19b029d8105d81a,`10035836,`0,`,`4200000003201709284790158222,`f527d812a43811e7b9e5005056ac0260,`odRemuADu8qrUGQF4o6mY6ziLRv0,`JSAPI,`SUCCESS,`CMB_CREDIT,`CNY,`3.00,`0.00,`0,`0,`0.00,`0.00,`,`,`世茂(济南),`世茂(济南),`0.02000,`0.60%
`2017-09-28 18:42:54,`wxf19b029d8105d81a,`10035836,`0,`,`4200000002201709284794563960,`beda14eaa43911e7b9e5005056ac0260,`odRemuFy8PsvKfocyFYr4IZ31-pM,`JSAPI,`SUCCESS,`ABC_DEBIT,`CNY,`6.00,`0.00,`0,`0,`0.00,`0.00,`,`,`世茂(济南),`世茂(济南),`0.04000,`0.60%
`2017-09-28 18:44:47,`wxf19b029d8105d81a,`10035836,`0,`,`4200000021201709284796536142,`05367762a43a11e7b9e5005056ac0260,`odRemuEGSBxZCG7JQoWn9abakG_Q,`JSAPI,`SUCCESS,`CFT,`CNY,`3.00,`0.00,`0,`0,`0.00,`0.00,`,`,`世茂(济南),`世茂(济南),`0.02000,`0.60%
`2017-09-28 18:45:55,`wxf19b029d8105d81a,`10035836,`0,`,`4200000008201709284796622898,`29bd8da0a43a11e7b9e5005056ac0260,`odRemuIOEH3bIF6kSfshnlNpxVq8,`JSAPI,`SUCCESS,`CCB_DEBIT,`CNY,`6.00,`0.00,`0,`0,`0.00,`0.00,`,`,`世茂(济南),`世茂(济南),`0.04000,`0.60%
`2017-09-28 18:48:53,`wxf19b029d8105d81a,`10035836,`0,`,`4200000005201709284793083954,`10ec5eb4a43a11e7b9e5005056ac0260,`odRemuON9tc-zdALojUaHqp_GXkQ,`JSAPI,`SUCCESS,`CFT,`CNY,`3.00,`0.00,`0,`0,`0.00,`0.00,`,`,`世茂(济南),`世茂(济南),`0.02000,`0.60%
`2017-09-28 18:57:40,`wxf19b029d8105d81a,`10035836,`0,`,`4200000006201709284798421772,`d08cc690a43b11e7b9e5005056ac0260,`odRemuCPrKAL8V1SCxDCy_eJyoeM,`JSAPI,`SUCCESS,`CFT,`CNY,`9.00,`0.00,`0,`0,`0.00,`0.00,`,`,`世茂(济南),`世茂(济南),`0.05000,`0.60%
`2017-09-28 19:01:14,`wxf19b029d8105d81a,`10035836,`0,`,`4200000009201709284797414505,`524ad3e8a43c11e7b9e5005056ac0260,`odRemuDIWPpymJ65cmApcV2pMke0,`JSAPI,`SUCCESS,`CFT,`CNY,`6.00,`0.00,`0,`0,`0.00,`0.00,`,`,`世茂(济南),`世茂(济南),`0.04000,`0.60%
`2017-09-28 19:04:12,`wxf19b029d8105d81a,`10035836,`0,`,`4200000017201709284795767622,`bcca4c62a43c11e7b9e5005056ac0260,`odRemuFRXkT-pTYJj_stg6OGOErE,`JSAPI,`SUCCESS,`CFT,`CNY,`15.00,`0.00,`0,`0,`0.00,`0.00,`,`,`世茂(济南),`世茂(济南),`0.09000,`0.60%
`2017-09-28 19:13:50,`wxf19b029d8105d81a,`10035836,`0,`,`4200000009201709284799159396,`0843ac78a43e11e7b9e5005056ac0260,`odRemuGxl6WIFVBPekx1R6YX8-E0,`JSAPI,`SUCCESS,`CITIC_DEBIT,`CNY,`3.00,`0.00,`0,`0,`0.00,`0.00,`,`,`世茂(济南),`世茂(济南),`0.02000,`0.60%
`2017-09-28 19:17:36,`wxf19b029d8105d81a,`10035836,`0,`,`4200000025201709284800808801,`96569084a43e11e7b9e5005056ac0260,`odRemuD8BP0iZBg9KJINOXMHncTE,`JSAPI,`SUCCESS,`CMB_DEBIT,`CNY,`9.00,`0.00,`0,`0,`0.00,`0.00,`,`,`世茂(济南),`世茂(济南),`0.05000,`0.60%
`2017-09-28 19:20:25,`wxf19b029d8105d81a,`10035836,`0,`,`4200000022201709284800935144,`fca43012a43e11e7b9e5005056ac0260,`odRemuON9tc-zdALojUaHqp_GXkQ,`JSAPI,`SUCCESS,`CFT,`CNY,`3.00,`0.00,`0,`0,`0.00,`0.00,`,`,`世茂(济南),`世茂(济南),`0.02000,`0.60%
`2017-09-28 19:23:23,`wxf19b029d8105d81a,`10035836,`0,`,`4200000022201709284801149687,`6084f490a43f11e7b9e5005056ac0260,`odRemuObDoCVisYMh5kNTIJCcKhA,`JSAPI,`SUCCESS,`CFT,`CNY,`6.00,`0.00,`0,`0,`0.00,`0.00,`,`,`世茂(济南),`世茂(济南),`0.04000,`0.60%
`2017-09-28 19:26:25,`wxf19b029d8105d81a,`10035836,`0,`,`4200000020201709284804749279,`d5e71100a43f11e7b9e5005056ac0260,`odRemuL6i4cd1IbWW19RO344IkMo,`JSAPI,`SUCCESS,`CFT,`CNY,`6.00,`0.00,`0,`0,`0.00,`0.00,`,`,`世茂(济南),`世茂(济南),`0.04000,`0.60%
`2017-09-28 19:26:41,`wxf19b029d8105d81a,`10035836,`0,`,`4200000006201709284804753907,`da0024a2a43f11e7b9e5005056ac0260,`odRemuDfH53YtHqETDRLYAXU0j_A,`JSAPI,`SUCCESS,`CFT,`CNY,`9.00,`0.00,`0,`0,`0.00,`0.00,`,`,`世茂(济南),`世茂(济南),`0.05000,`0.60%
`2017-09-28 19:26:48,`wxf19b029d8105d81a,`10035836,`0,`,`4200000011201709284804779669,`e25ae9c0a43f11e7b9e5005056ac0260,`odRemuB3FM7Hv-cfl19JKQMhnoxQ,`JSAPI,`SUCCESS,`CCB_DEBIT,`CNY,`3.00,`0.00,`0,`0,`0.00,`0.00,`,`,`世茂(济南),`世茂(济南),`0.02000,`0.60%
`2017-09-28 19:30:08,`wxf19b029d8105d81a,`10035836,`0,`,`4200000024201709284804950734,`5a00d412a44011e7b9e5005056ac0260,`odRemuPUfFa-sQK91ANfcav6Pb1c,`JSAPI,`SUCCESS,`CCB_DEBIT,`CNY,`27.00,`0.00,`0,`0,`0.00,`0.00,`,`,`世茂(济南),`世茂(济南),`0.16000,`0.60%
`2017-09-28 19:31:40,`wxf19b029d8105d81a,`10035836,`0,`,`4200000007201709284803085541,`8bd39970a44011e7b9e5005056ac0260,`odRemuN7kWLn2RaKKagJcU7cVgnA,`JSAPI,`SUCCESS,`CFT,`CNY,`33.00,`0.00,`0,`0,`0.00,`0.00,`,`,`世茂(济南),`世茂(济南),`0.20000,`0.60%
`2017-09-28 19:32:26,`wxf19b029d8105d81a,`10035836,`0,`,`4200000018201709284801588890,`ac6f4c42a44011e7b9e5005056ac0260,`odRemuBhEu016fga_UEsOrMHUHKE,`JSAPI,`SUCCESS,`ABC_DEBIT,`CNY,`37.50,`0.00,`0,`0,`0.00,`0.00,`,`,`世茂(济南),`世茂(济南),`0.23000,`0.60%
`2017-09-28 19:38:37,`wxf19b029d8105d81a,`10035836,`0,`,`4200000021201709284805369849,`7bcc17eaa44111e7b9e5005056ac0260,`odRemuHYOvu_kEkCJIWtj1I8MTJY,`JSAPI,`SUCCESS,`CMB_DEBIT,`CNY,`3.00,`0.00,`0,`0,`0.00,`0.00,`,`,`世茂(济南),`世茂(济南),`0.02000,`0.60%
`2017-09-28 19:40:23,`wxf19b029d8105d81a,`10035836,`0,`,`4200000017201709284805435790,`b11f1262a44111e7b9e5005056ac0260,`odRemuJHPAud_WJRivO9ENTSGS_4,`JSAPI,`SUCCESS,`CCB_CREDIT,`CNY,`3.00,`0.00,`0,`0,`0.00,`0.00,`,`,`世茂(济南),`世茂(济南),`0.02000,`0.60%
`2017-09-28 19:44:57,`wxf19b029d8105d81a,`10035836,`0,`,`4200000014201709284802241039,`6bce7ec2a44211e7b9e5005056ac0260,`odRemuOdjRhxsUPE9xnYKmxrp0Fw,`JSAPI,`SUCCESS,`CMBC_DEBIT,`CNY,`6.00,`0.00,`0,`0,`0.00,`0.00,`,`,`世茂(济南),`世茂(济南),`0.04000,`0.60%
`2017-09-28 19:49:19,`wxf19b029d8105d81a,`10035836,`0,`,`4200000004201709284807199235,`049e240ea44311e7b9e5005056ac0260,`odRemuK0Npr6G18cR0_PyPX1SiTA,`JSAPI,`SUCCESS,`CCB_DEBIT,`CNY,`3.00,`0.00,`0,`0,`0.00,`0.00,`,`,`世茂(济南),`世茂(济南),`0.02000,`0.60%
`2017-09-28 19:50:02,`wxf19b029d8105d81a,`10035836,`0,`,`4200000029201709284805999423,`1f7edde0a44311e7b9e5005056ac0260,`odRemuDPSgOKPfoDLy8SPsEC0qsc,`JSAPI,`SUCCESS,`CFT,`CNY,`6.00,`0.00,`0,`0,`0.00,`0.00,`,`,`世茂(济南),`世茂(济南),`0.04000,`0.60%
`2017-09-28 19:51:06,`wxf19b029d8105d81a,`10035836,`0,`,`4200000005201709284801726963,`4a290d5ea44311e7b9e5005056ac0260,`odRemuDe3LGVNPK3QhKYo8xBMy5E,`JSAPI,`SUCCESS,`CFT,`CNY,`3.00,`0.00,`0,`0,`0.00,`0.00,`,`,`世茂(济南),`世茂(济南),`0.02000,`0.60%
`2017-09-28 19:51:43,`wxf19b029d8105d81a,`10035836,`0,`,`4200000008201709284807287121,`60a2eabea44311e7b9e5005056ac0260,`odRemuGHT8HjgSrauRrkhb-65G6Y,`JSAPI,`SUCCESS,`CFT,`CNY,`3.00,`0.00,`0,`0,`0.00,`0.00,`,`,`世茂(济南),`世茂(济南),`0.02000,`0.60%
`2017-09-28 19:55:30,`wxf19b029d8105d81a,`10035836,`0,`,`4200000026201709284812309272,`e1bde054a44311e7b9e5005056ac0260,`odRemuF0QLAATy292ven2dKkO3gg,`JSAPI,`SUCCESS,`CFT,`CNY,`6.00,`0.00,`0,`0,`0.00,`0.00,`,`,`世茂(济南),`世茂(济南),`0.04000,`0.60%
`2017-09-28 19:55:41,`wxf19b029d8105d81a,`10035836,`0,`,`4200000012201709284812365204,`ee06cc2ca44311e7b9e5005056ac0260,`odRemuNUPizr3op2efaBs4rMauX0,`JSAPI,`SUCCESS,`CFT,`CNY,`6.00,`0.00,`0,`0,`0.00,`0.00,`,`,`世茂(济南),`世茂(济南),`0.04000,`0.60%
`2017-09-28 19:56:15,`wxf19b029d8105d81a,`10035836,`0,`,`4200000015201709284807470763,`fdff8286a44311e7b9e5005056ac0260,`odRemuIG5YdAUf-jyM6SLh7M5nFU,`JSAPI,`SUCCESS,`HXB_CREDIT,`CNY,`6.00,`0.00,`0,`0,`0.00,`0.00,`,`,`世茂(济南),`世茂(济南),`0.04000,`0.60%
`2017-09-28 19:58:07,`wxf19b029d8105d81a,`10035836,`0,`,`4200000016201709284808952426,`35e7797ea44411e7b9e5005056ac0260,`odRemuKCVQBd6VKZ7aKwY2GSor6o,`JSAPI,`SUCCESS,`CFT,`CNY,`6.00,`0.00,`0,`0,`0.00,`0.00,`,`,`世茂(济南),`世茂(济南),`0.04000,`0.60%
`2017-09-28 19:59:57,`wxf19b029d8105d81a,`10035836,`0,`,`4200000026201709284807642135,`85142e66a44411e7b9e5005056ac0260,`odRemuG2V4JsYbM4e6TmBtloTLcU,`JSAPI,`SUCCESS,`CCB_CREDIT,`CNY,`12.00,`0.00,`0,`0,`0.00,`0.00,`,`,`世茂(济南),`世茂(济南),`0.07000,`0.60%
`2017-09-28 20:04:46,`wxf19b029d8105d81a,`10035836,`0,`,`4200000019201709284807817593,`2a8d19a2a44511e7b9e5005056ac0260,`odRemuLf9bDXP1Budf8cfYjB1t4U,`JSAPI,`SUCCESS,`CMB_CREDIT,`CNY,`3.00,`0.00,`0,`0,`0.00,`0.00,`,`,`世茂(济南),`世茂(济南),`0.02000,`0.60%
`2017-09-28 20:11:52,`wxf19b029d8105d81a,`10035836,`0,`,`4200000024201709284808231328,`30a14f9ca44611e7b9e5005056ac0260,`odRemuO29Ehzof5vBr-12o27jdzw,`JSAPI,`SUCCESS,`CCB_DEBIT,`CNY,`6.00,`0.00,`0,`0,`0.00,`0.00,`,`,`世茂(济南),`世茂(济南),`0.04000,`0.60%
`2017-09-28 20:12:00,`wxf19b029d8105d81a,`10035836,`0,`,`4200000021201709284808238950,`33e2a7a0a44611e7b9e5005056ac0260,`odRemuLNPa4cN7fsr2brDpkolzUw,`JSAPI,`SUCCESS,`COMM_CREDIT,`CNY,`21.00,`0.00,`0,`0,`0.00,`0.00,`,`,`世茂(济南),`世茂(济南),`0.13000,`0.60%
`2017-09-28 20:17:24,`wxf19b029d8105d81a,`10035836,`0,`,`4200000022201709284813307335,`f1ab7a46a44611e7b9e5005056ac0260,`odRemuAITUQaIWrKUszqsvjm9ov4,`JSAPI,`SUCCESS,`QLB_DEBIT,`CNY,`6.00,`0.00,`0,`0,`0.00,`0.00,`,`,`世茂(济南),`世茂(济南),`0.04000,`0.60%
`2017-09-28 20:17:28,`wxf19b029d8105d81a,`10035836,`0,`,`4200000019201709284809955943,`f7ab077ca44611e7b9e5005056ac0260,`odRemuO2T9GlBmfNEsIZRJ_bxljE,`JSAPI,`SUCCESS,`ICBC_DEBIT,`CNY,`6.00,`0.00,`0,`0,`0.00,`0.00,`,`,`世茂(济南),`世茂(济南),`0.04000,`0.60%
`2017-09-28 20:17:30,`wxf19b029d8105d81a,`10035836,`0,`,`4200000014201709284811516656,`f619a86ea44611e7b9e5005056ac0260,`odRemuLyqINldwXxw-YrOjTqRVUc,`JSAPI,`SUCCESS,`CCB_DEBIT,`CNY,`6.00,`0.00,`0,`0,`0.00,`0.00,`,`,`世茂(济南),`世茂(济南),`0.04000,`0.60%
`2017-09-28 20:18:21,`wxf19b029d8105d81a,`10035836,`0,`,`4200000027201709284813481403,`0d2c2400a44711e7b9e5005056ac0260,`odRemuAspzYxr4upuf5VYYUTrzPo,`JSAPI,`SUCCESS,`CCB_CREDIT,`CNY,`6.00,`0.00,`0,`0,`0.00,`0.00,`,`,`世茂(济南),`世茂(济南),`0.04000,`0.60%
`2017-09-28 20:23:52,`wxf19b029d8105d81a,`10035836,`0,`,`4200000014201709284816308229,`d4e723faa44711e7b9e5005056ac0260,`odRemuEz9VbWv4QUrYo8ev7OdXm0,`JSAPI,`SUCCESS,`CFT,`CNY,`9.00,`0.00,`0,`0,`0.00,`0.00,`,`,`世茂(济南),`世茂(济南),`0.05000,`0.60%
`2017-09-28 20:24:07,`wxf19b029d8105d81a,`10035836,`0,`,`4200000004201709284811865456,`daafbef0a44711e7b9e5005056ac0260,`odRemuL6RNpYymVIWas2eNU7H2Go,`JSAPI,`SUCCESS,`CFT,`CNY,`12.00,`0.00,`0,`0,`0.00,`0.00,`,`,`世茂(济南),`世茂(济南),`0.07000,`0.60%
`2017-09-28 20:25:53,`wxf19b029d8105d81a,`10035836,`0,`,`4200000014201709284816398485,`264cf184a44811e7b9e5005056ac0260,`odRemuICAGIlr9pqmq0eVz8KXJVE,`JSAPI,`SUCCESS,`CFT,`CNY,`9.00,`0.00,`0,`0,`0.00,`0.00,`,`,`世茂(济南),`世茂(济南),`0.05000,`0.60%
`2017-09-28 20:26:27,`wxf19b029d8105d81a,`10035836,`0,`,`4200000020201709284815014149,`3571e1c4a44811e7b9e5005056ac0260,`odRemuNuCOOpWsw7WOdLIk_JBsKY,`JSAPI,`SUCCESS,`CFT,`CNY,`9.00,`0.00,`0,`0,`0.00,`0.00,`,`,`世茂(济南),`世茂(济南),`0.05000,`0.60%
`2017-09-28 20:27:58,`wxf19b029d8105d81a,`10035836,`0,`,`4200000029201709284815089578,`6df98a6aa44811e7b9e5005056ac0260,`odRemuImGVszNYzVBGJI8jhs2i34,`JSAPI,`SUCCESS,`CCB_DEBIT,`CNY,`3.00,`0.00,`0,`0,`0.00,`0.00,`,`,`世茂(济南),`世茂(济南),`0.02000,`0.60%
`2017-09-28 20:29:54,`wxf19b029d8105d81a,`10035836,`0,`,`4200000019201709284812161649,`b231657ca44811e7b9e5005056ac0260,`odRemuOmbYR0wCGyXJkyMIYkbJp0,`JSAPI,`SUCCESS,`CIB_DEBIT,`CNY,`24.00,`0.00,`0,`0,`0.00,`0.00,`,`,`世茂(济南),`世茂(济南),`0.14000,`0.60%
`2017-09-28 20:30:59,`wxf19b029d8105d81a,`10035836,`0,`,`4200000010201709284816653143,`d485dfcca44811e7b9e5005056ac0260,`odRemuO77e200vOKQOGO234kdz18,`JSAPI,`SUCCESS,`CCB_CREDIT,`CNY,`18.00,`0.00,`0,`0,`0.00,`0.00,`,`,`世茂(济南),`世茂(济南),`0.11000,`0.60%
`2017-09-28 20:36:10,`wxf19b029d8105d81a,`10035836,`0,`,`4200000019201709284816910901,`94a893c6a44911e7b9e5005056ac0260,`odRemuLb9Nag9N4iVMy9qb-estmI,`JSAPI,`SUCCESS,`ICBC_DEBIT,`CNY,`9.00,`0.00,`0,`0,`0.00,`0.00,`,`,`世茂(济南),`世茂(济南),`0.05000,`0.60%
`2017-09-28 20:39:50,`wxf19b029d8105d81a,`10035836,`0,`,`4200000027201709284820554577,`0d755e7ea44a11e7b9e5005056ac0260,`odRemuPTmqdeoiwkiNsanTrzyMAI,`JSAPI,`SUCCESS,`GDB_CREDIT,`CNY,`6.00,`0.00,`0,`0,`0.00,`0.00,`,`,`世茂(济南),`世茂(济南),`0.04000,`0.60%
`2017-09-28 20:39:57,`wxf19b029d8105d81a,`10035836,`0,`,`4200000016201709284815800435,`1bc35ca6a44a11e7b9e5005056ac0260,`odRemuGfUAhFQZYGV1KxbQ3ofQNI,`JSAPI,`SUCCESS,`CFT,`CNY,`6.00,`0.00,`0,`0,`0.00,`0.00,`,`,`世茂(济南),`世茂(济南),`0.04000,`0.60%
`2017-09-28 20:40:25,`wxf19b029d8105d81a,`10035836,`0,`,`4200000019201709284817197422,`2a5d986ca44a11e7b9e5005056ac0260,`odRemuM6OmCZi_TcDThV8gDrp98Y,`JSAPI,`SUCCESS,`CMB_CREDIT,`CNY,`6.00,`0.00,`0,`0,`0.00,`0.00,`,`,`世茂(济南),`世茂(济南),`0.04000,`0.60%
`2017-09-28 20:41:12,`wxf19b029d8105d81a,`10035836,`0,`,`4200000003201709284817213248,`486949f0a44a11e7b9e5005056ac0260,`odRemuNYMgNrY_TM7pduC0ZY5K7M,`JSAPI,`SUCCESS,`CFT,`CNY,`6.00,`0.00,`0,`0,`0.00,`0.00,`,`,`世茂(济南),`世茂(济南),`0.04000,`0.60%
`2017-09-28 20:41:52,`wxf19b029d8105d81a,`10035836,`0,`,`4200000026201709284818757043,`6178862ca44a11e7b9e5005056ac0260,`odRemuD7IBGfcnPqlsrW6rW8jqQI,`JSAPI,`SUCCESS,`ICBC_DEBIT,`CNY,`6.00,`0.00,`0,`0,`0.00,`0.00,`,`,`世茂(济南),`世茂(济南),`0.04000,`0.60%
`2017-09-28 20:41:58,`wxf19b029d8105d81a,`10035836,`0,`,`4200000020201709284817283613,`518e74a6a44a11e7b9e5005056ac0260,`odRemuD8pS3KrzeNCLPI5XvxhGCs,`JSAPI,`SUCCESS,`PAB_CREDIT,`CNY,`6.00,`0.00,`0,`0,`0.00,`0.00,`,`,`世茂(济南),`世茂(济南),`0.04000,`0.60%
`2017-09-28 20:44:17,`wxf19b029d8105d81a,`10035836,`0,`,`4200000021201709284816034264,`abd66766a44a11e7b9e5005056ac0260,`odRemuO_3umaNGLP4V2CH6NPe8nA,`JSAPI,`SUCCESS,`CFT,`CNY,`18.00,`0.00,`0,`0,`0.00,`0.00,`,`,`世茂(济南),`世茂(济南),`0.11000,`0.60%
`2017-09-28 20:45:43,`wxf19b029d8105d81a,`10035836,`0,`,`4200000007201709284817397310,`e385fbf4a44a11e7b9e5005056ac0260,`odRemuBEFoQaSzbG9MZxA7a2qIU0,`JSAPI,`SUCCESS,`CFT,`CNY,`9.00,`0.00,`0,`0,`0.00,`0.00,`,`,`世茂(济南),`世茂(济南),`0.05000,`0.60%
`2017-09-28 20:46:05,`wxf19b029d8105d81a,`10035836,`0,`,`4200000013201709284817452649,`7510f48aa44a11e7b9e5005056ac0260,`odRemuJU0K_23MWZMW3ZKQta9sDA,`JSAPI,`SUCCESS,`CFT,`CNY,`9.00,`0.00,`0,`0,`0.00,`0.00,`,`,`世茂(济南),`世茂(济南),`0.05000,`0.60%
`2017-09-28 20:47:08,`wxf19b029d8105d81a,`10035836,`0,`,`4200000026201709284817488517,`1658032ea44b11e7b9e5005056ac0260,`odRemuEa_95qIqd4T0kexdO_skN4,`JSAPI,`SUCCESS,`CFT,`CNY,`3.00,`0.00,`0,`0,`0.00,`0.00,`,`,`世茂(济南),`世茂(济南),`0.02000,`0.60%
`2017-09-28 20:50:19,`wxf19b029d8105d81a,`10035836,`0,`,`4200000007201709284821155222,`901a6a26a44b11e7b9e5005056ac0260,`odRemuG6EEgXo-e72GUAIlK3ls9U,`JSAPI,`SUCCESS,`CCB_DEBIT,`CNY,`6.00,`0.00,`0,`0,`0.00,`0.00,`,`,`世茂(济南),`世茂(济南),`0.04000,`0.60%
`2017-09-28 20:51:45,`wxf19b029d8105d81a,`10035836,`0,`,`4200000002201709284822412150,`a6f5b606a44b11e7b9e5005056ac0260,`odRemuIHOlqume9wQqJxMa8RRgHA,`JSAPI,`SUCCESS,`CFT,`CNY,`3.00,`0.00,`0,`0,`0.00,`0.00,`,`,`世茂(济南),`世茂(济南),`0.02000,`0.60%
`2017-09-28 20:55:07,`wxf19b029d8105d81a,`10035836,`0,`,`4200000008201709284817913692,`3ac8d4b2a44c11e7b9e5005056ac0260,`odRemuHyzX5m5wRnux9JatSh3BJw,`JSAPI,`SUCCESS,`CFT,`CNY,`6.00,`0.00,`0,`0,`0.00,`0.00,`,`,`世茂(济南),`世茂(济南),`0.04000,`0.60%
`2017-09-28 20:55:36,`wxf19b029d8105d81a,`10035836,`0,`,`4200000025201709284819378496,`49a6ff2ca44c11e7b9e5005056ac0260,`odRemuJK76kKCv-UqU_OJWYcTXZU,`JSAPI,`SUCCESS,`BOB_DEBIT,`CNY,`3.00,`0.00,`0,`0,`0.00,`0.00,`,`,`世茂(济南),`世茂(济南),`0.02000,`0.60%
`2017-09-28 20:56:56,`wxf19b029d8105d81a,`10035836,`0,`,`4200000017201709284818006506,`7ae692dca44c11e7b9e5005056ac0260,`odRemuCWyR4MZECw7ERAVC3mVDK8,`JSAPI,`SUCCESS,`CFT,`CNY,`3.00,`0.00,`0,`0,`0.00,`0.00,`,`,`世茂(济南),`世茂(济南),`0.02000,`0.60%
`2017-09-28 20:58:27,`wxf19b029d8105d81a,`10035836,`0,`,`4200000030201709284821503729,`a80a2300a44c11e7b9e5005056ac0260,`odRemuBTpEBGwoT8agrsQBHBD_C4,`JSAPI,`SUCCESS,`CITIC_CREDIT,`CNY,`3.00,`0.00,`0,`0,`0.00,`0.00,`,`,`世茂(济南),`世茂(济南),`0.02000,`0.60%
`2017-09-28 20:59:41,`wxf19b029d8105d81a,`10035836,`0,`,`4200000004201709284819629223,`db6e7b60a44c11e7b9e5005056ac0260,`odRemuNEoK12_VvzL1e765VpGwi0,`JSAPI,`SUCCESS,`CFT,`CNY,`6.00,`0.00,`0,`0,`0.00,`0.00,`,`,`世茂(济南),`世茂(济南),`0.04000,`0.60%
`2017-09-28 20:59:41,`wxf19b029d8105d81a,`10035836,`0,`,`4200000029201709284821579640,`da76e56ca44c11e7b9e5005056ac0260,`odRemuJx01cZRL11mvdWcieMZSXo,`JSAPI,`SUCCESS,`CMB_DEBIT,`CNY,`12.00,`0.00,`0,`0,`0.00,`0.00,`,`,`世茂(济南),`世茂(济南),`0.07000,`0.60%
`2017-09-28 21:00:01,`wxf19b029d8105d81a,`10035836,`0,`,`4200000008201709284821564576,`e7074484a44c11e7b9e5005056ac0260,`odRemuH-Y_1BBlGg4FFJaxOaw5WI,`JSAPI,`SUCCESS,`CFT,`CNY,`21.00,`0.00,`0,`0,`0.00,`0.00,`,`,`世茂(济南),`世茂(济南),`0.13000,`0.60%
`2017-09-28 21:00:40,`wxf19b029d8105d81a,`10035836,`0,`,`4200000029201709284819631709,`fd305f84a44c11e7b9e5005056ac0260,`odRemuBOUoDPqZt3bV5eAcYnp1D4,`JSAPI,`SUCCESS,`CCB_DEBIT,`CNY,`9.00,`0.00,`0,`0,`0.00,`0.00,`,`,`世茂(济南),`世茂(济南),`0.05000,`0.60%
`2017-09-28 21:01:09,`wxf19b029d8105d81a,`10035836,`0,`,`4200000020201709284818208088,`01aab686a44d11e7b9e5005056ac0260,`odRemuJlz76HUEysNmUe4P574uso,`JSAPI,`SUCCESS,`CMB_CREDIT,`CNY,`9.00,`0.00,`0,`0,`0.00,`0.00,`,`,`世茂(济南),`世茂(济南),`0.05000,`0.60%
`2017-09-28 21:01:19,`wxf19b029d8105d81a,`10035836,`0,`,`4200000016201709284819711457,`0df2a098a44d11e7b9e5005056ac0260,`odRemuEwBYudx_q8XjHqigoCJk7U,`JSAPI,`SUCCESS,`CIB_DEBIT,`CNY,`3.00,`0.00,`0,`0,`0.00,`0.00,`,`,`世茂(济南),`世茂(济南),`0.02000,`0.60%
`2017-09-28 21:01:23,`wxf19b029d8105d81a,`10035836,`0,`,`4200000028201709284821600199,`16c7ef48a44d11e7b9e5005056ac0260,`odRemuPEhQC-s-OMfGWHUlsiDuGI,`JSAPI,`SUCCESS,`CFT,`CNY,`24.00,`0.00,`0,`0,`0.00,`0.00,`,`,`世茂(济南),`世茂(济南),`0.14000,`0.60%
`2017-09-28 21:01:44,`wxf19b029d8105d81a,`10035836,`0,`,`4200000024201709284818214569,`239bf142a44d11e7b9e5005056ac0260,`odRemuAWoFYfIBTCmYfp4pS0PhZw,`JSAPI,`SUCCESS,`SPDB_DEBIT,`CNY,`15.00,`0.00,`0,`0,`0.00,`0.00,`,`,`世茂(济南),`世茂(济南),`0.09000,`0.60%
`2017-09-28 21:01:56,`wxf19b029d8105d81a,`10035836,`0,`,`4200000007201709284819699554,`27f4aa68a44d11e7b9e5005056ac0260,`odRemuGZ6muDDpf96iyoeUpijH2g,`JSAPI,`SUCCESS,`CFT,`CNY,`9.00,`0.00,`0,`0,`0.00,`0.00,`,`,`世茂(济南),`世茂(济南),`0.05000,`0.60%
`2017-09-28 21:02:27,`wxf19b029d8105d81a,`10035836,`0,`,`4200000024201709284823016075,`40d31da8a44d11e7b9e5005056ac0260,`odRemuCyklyd7aztI0Vp_I-atYfs,`JSAPI,`SUCCESS,`CFT,`CNY,`3.00,`0.00,`0,`0,`0.00,`0.00,`,`,`世茂(济南),`世茂(济南),`0.02000,`0.60%
`2017-09-28 21:02:33,`wxf19b029d8105d81a,`10035836,`0,`,`4200000027201709284823035017,`174a0c58a44d11e7b9e5005056ac0260,`odRemuD9KxgpabqsW9ffjv4fTyt8,`JSAPI,`SUCCESS,`CFT,`CNY,`6.00,`0.00,`0,`0,`0.00,`0.00,`,`,`世茂(济南),`世茂(济南),`0.04000,`0.60%
`2017-09-28 21:03:24,`wxf19b029d8105d81a,`10035836,`0,`,`4200000026201709284819784921,`5e548e7aa44d11e7b9e5005056ac0260,`odRemuAj5dTzWXYRbjuJgNQocaso,`JSAPI,`SUCCESS,`CFT,`CNY,`9.00,`0.00,`0,`0,`0.00,`0.00,`,`,`世茂(济南),`世茂(济南),`0.05000,`0.60%
`2017-09-28 21:03:32,`wxf19b029d8105d81a,`10035836,`0,`,`4200000019201709284821776461,`645af6c4a44d11e7b9e5005056ac0260,`odRemuG6i5yY2wNBB5iJfg_Y55pE,`JSAPI,`SUCCESS,`BOC_DEBIT,`CNY,`27.00,`0.00,`0,`0,`0.00,`0.00,`,`,`世茂(济南),`世茂(济南),`0.16000,`0.60%
`2017-09-28 21:03:37,`wxf19b029d8105d81a,`10035836,`0,`,`4200000001201709284819808863,`69a50390a44d11e7b9e5005056ac0260,`odRemuLowfACjnj1pnWNl41kuiw0,`JSAPI,`SUCCESS,`CITIC_DEBIT,`CNY,`3.00,`0.00,`0,`0,`0.00,`0.00,`,`,`世茂(济南),`世茂(济南),`0.02000,`0.60%
`2017-09-28 21:08:03,`wxf19b029d8105d81a,`10035836,`0,`,`4200000014201709284821977191,`07bed998a44e11e7b9e5005056ac0260,`odRemuGnjfe_DzdzQxPqnDxrzCmU,`JSAPI,`SUCCESS,`CMB_CREDIT,`CNY,`9.00,`0.00,`0,`0,`0.00,`0.00,`,`,`世茂(济南),`世茂(济南),`0.05000,`0.60%
`2017-09-28 21:08:12,`wxf19b029d8105d81a,`10035836,`0,`,`4200000027201709284820039931,`0dde9548a44e11e7b9e5005056ac0260,`odRemuGg7iodiR5c3E9pY7qG121A,`JSAPI,`SUCCESS,`CMB_CREDIT,`CNY,`18.00,`0.00,`0,`0,`0.00,`0.00,`,`,`世茂(济南),`世茂(济南),`0.11000,`0.60%
`2017-09-28 21:10:51,`wxf19b029d8105d81a,`10035836,`0,`,`4200000014201709284824726889,`6de58550a44e11e7b9e5005056ac0260,`odRemuCQDFya3Y8xOckyAYm2R4Xg,`JSAPI,`SUCCESS,`CFT,`CNY,`6.00,`0.00,`0,`0,`0.00,`0.00,`,`,`世茂(济南),`世茂(济南),`0.04000,`0.60%
`2017-09-28 21:10:53,`wxf19b029d8105d81a,`10035836,`0,`,`4200000025201709284823375509,`6b361342a44e11e7b9e5005056ac0260,`odRemuMnBG-Y0jDCXrMLyGNowNW4,`JSAPI,`SUCCESS,`CITIC_CREDIT,`CNY,`9.00,`0.00,`0,`0,`0.00,`0.00,`,`,`世茂(济南),`世茂(济南),`0.05000,`0.60%
`2017-09-28 21:11:09,`wxf19b029d8105d81a,`10035836,`0,`,`4200000028201709284820204961,`78b7b124a44e11e7b9e5005056ac0260,`odRemuDSWk8cXBtnpBdUlOLrI_n0,`JSAPI,`SUCCESS,`CMB_DEBIT,`CNY,`6.00,`0.00,`0,`0,`0.00,`0.00,`,`,`世茂(济南),`世茂(济南),`0.04000,`0.60%
`2017-09-28 21:11:30,`wxf19b029d8105d81a,`10035836,`0,`,`4200000010201709284822131654,`815236f6a44e11e7b9e5005056ac0260,`odRemuMFEUdXm8vAHT9SWr7CxxRA,`JSAPI,`SUCCESS,`CFT,`CNY,`3.00,`0.00,`0,`0,`0.00,`0.00,`,`,`世茂(济南),`世茂(济南),`0.02000,`0.60%
`2017-09-28 21:12:21,`wxf19b029d8105d81a,`10035836,`0,`,`4200000015201709284823442329,`a52646daa44e11e7b9e5005056ac0260,`odRemuGRw3albWvAh3wTpkm6rPv4,`JSAPI,`SUCCESS,`CFT,`CNY,`3.00,`0.00,`0,`0,`0.00,`0.00,`,`,`世茂(济南),`世茂(济南),`0.02000,`0.60%
`2017-09-28 21:14:07,`wxf19b029d8105d81a,`10035836,`0,`,`4200000018201709284822253641,`d659e662a44e11e7b9e5005056ac0260,`odRemuGx_yUP0q2stTIHlkvESYbw,`JSAPI,`SUCCESS,`SPDB_CREDIT,`CNY,`6.00,`0.00,`0,`0,`0.00,`0.00,`,`,`世茂(济南),`世茂(济南),`0.04000,`0.60%
`2017-09-28 21:14:35,`wxf19b029d8105d81a,`10035836,`0,`,`4200000022201709284822295801,`f0ee4a40a44e11e7b9e5005056ac0260,`odRemuHHDBfuVJzc6lDxwUwGzu9Q,`JSAPI,`SUCCESS,`CCB_DEBIT,`CNY,`3.00,`0.00,`0,`0,`0.00,`0.00,`,`,`世茂(济南),`世茂(济南),`0.02000,`0.60%
`2017-09-28 21:14:44,`wxf19b029d8105d81a,`10035836,`0,`,`4200000015201709284822261717,`f4b94d0aa44e11e7b9e5005056ac0260,`odRemuATvLfEpQLtbqg05YLYxuIo,`JSAPI,`SUCCESS,`CMB_DEBIT,`CNY,`6.00,`0.00,`0,`0,`0.00,`0.00,`,`,`世茂(济南),`世茂(济南),`0.04000,`0.60%
`2017-09-28 21:14:45,`wxf19b029d8105d81a,`10035836,`0,`,`4200000024201709284826400147,`e9e476e8a44e11e7b9e5005056ac0260,`odRemuBWQwaxU6L-H0sRT12DrNPM,`JSAPI,`SUCCESS,`CFT,`CNY,`6.00,`0.00,`0,`0,`0.00,`0.00,`,`,`世茂(济南),`世茂(济南),`0.04000,`0.60%
`2017-09-28 21:16:00,`wxf19b029d8105d81a,`10035836,`0,`,`4200000012201709284824917388,`24335a3aa44f11e7b9e5005056ac0260,`odRemuLNyZQe-7wxNGtXLD26ZcKo,`JSAPI,`SUCCESS,`CFT,`CNY,`6.00,`0.00,`0,`0,`0.00,`0.00,`,`,`世茂(济南),`世茂(济南),`0.04000,`0.60%
`2017-09-28 21:16:16,`wxf19b029d8105d81a,`10035836,`0,`,`4200000028201709284826480710,`2dc35460a44f11e7b9e5005056ac0260,`odRemuBMHUEPkKONG0mS4Zq0Lmkc,`JSAPI,`SUCCESS,`CFT,`CNY,`6.00,`0.00,`0,`0,`0.00,`0.00,`,`,`世茂(济南),`世茂(济南),`0.04000,`0.60%
`2017-09-28 21:17:00,`wxf19b029d8105d81a,`10035836,`0,`,`4200000022201709284826541404,`49164934a44f11e7b9e5005056ac0260,`odRemuBMHUEPkKONG0mS4Zq0Lmkc,`JSAPI,`SUCCESS,`CFT,`CNY,`18.00,`0.00,`0,`0,`0.00,`0.00,`,`,`世茂(济南),`世茂(济南),`0.11000,`0.60%
`2017-09-28 21:17:08,`wxf19b029d8105d81a,`10035836,`0,`,`4200000022201709284824972788,`4d194c5ca44f11e7b9e5005056ac0260,`odRemuIr586PnB26KxcEBHuPKc1w,`JSAPI,`SUCCESS,`SPDB_CREDIT,`CNY,`6.00,`0.00,`0,`0,`0.00,`0.00,`,`,`世茂(济南),`世茂(济南),`0.04000,`0.60%
`2017-09-28 21:18:49,`wxf19b029d8105d81a,`10035836,`0,`,`4200000016201709284823724895,`8a5782e6a44f11e7b9e5005056ac0260,`odRemuOmvaDopCsvfn0TkmgVJbR8,`JSAPI,`SUCCESS,`CMB_CREDIT,`CNY,`6.00,`0.00,`0,`0,`0.00,`0.00,`,`,`世茂(济南),`世茂(济南),`0.04000,`0.60%
`2017-09-28 21:19:37,`wxf19b029d8105d81a,`10035836,`0,`,`4200000018201709284825123045,`98bef7b0a44f11e7b9e5005056ac0260,`odRemuOJK2rygfUVtPBjPommPH7Q,`JSAPI,`SUCCESS,`CFT,`CNY,`15.00,`0.00,`0,`0,`0.00,`0.00,`,`,`世茂(济南),`世茂(济南),`0.09000,`0.60%
`2017-09-28 21:20:17,`wxf19b029d8105d81a,`10035836,`0,`,`4200000017201709284825157647,`bc59a120a44f11e7b9e5005056ac0260,`odRemuPqT3Il-w6dXWbJZIq-6ezg,`JSAPI,`SUCCESS,`CMB_CREDIT,`CNY,`30.00,`0.00,`0,`0,`0.00,`0.00,`,`,`世茂(济南),`世茂(济南),`0.18000,`0.60%
`2017-09-28 21:20:25,`wxf19b029d8105d81a,`10035836,`0,`,`4200000024201709284828607956,`c361d1e0a44f11e7b9e5005056ac0260,`odRemuKZ95i4ol63UUxl1iN_vJu8,`JSAPI,`SUCCESS,`CMB_DEBIT,`CNY,`9.00,`0.00,`0,`0,`0.00,`0.00,`,`,`世茂(济南),`世茂(济南),`0.05000,`0.60%
`2017-09-28 21:21:28,`wxf19b029d8105d81a,`10035836,`0,`,`4200000021201709284828683029,`e7574f26a44f11e7b9e5005056ac0260,`odRemuHYcweZ9E9drGwY20KpkCps,`JSAPI,`SUCCESS,`ICBC_DEBIT,`CNY,`9.00,`0.00,`0,`0,`0.00,`0.00,`,`,`世茂(济南),`世茂(济南),`0.05000,`0.60%
`2017-09-28 21:23:21,`wxf19b029d8105d81a,`10035836,`0,`,`4200000007201709284825270562,`2baef534a45011e7b9e5005056ac0260,`odRemuB9tfI9uLwTsIGaQCrP7g6E,`JSAPI,`SUCCESS,`CFT,`CNY,`6.00,`0.00,`0,`0,`0.00,`0.00,`,`,`世茂(济南),`世茂(济南),`0.04000,`0.60%
`2017-09-28 21:24:16,`wxf19b029d8105d81a,`10035836,`0,`,`4200000001201709284826890062,`4ad96994a45011e7b9e5005056ac0260,`odRemuNOTF1F55rboIXc6uWmASvo,`JSAPI,`SUCCESS,`CCB_CREDIT,`CNY,`6.00,`0.00,`0,`0,`0.00,`0.00,`,`,`世茂(济南),`世茂(济南),`0.04000,`0.60%
`2017-09-28 21:24:18,`wxf19b029d8105d81a,`10035836,`0,`,`4200000023201709284826881294,`421467c8a45011e7b9e5005056ac0260,`odRemuAv1nHjrSnyK8p5GnsYGFCI,`JSAPI,`SUCCESS,`CMB_CREDIT,`CNY,`21.00,`0.00,`0,`0,`0.00,`0.00,`,`,`世茂(济南),`世茂(济南),`0.13000,`0.60%
`2017-09-28 21:24:29,`wxf19b029d8105d81a,`10035836,`0,`,`4200000015201709284823945082,`4a3c745ea45011e7b9e5005056ac0260,`odRemuBWQwaxU6L-H0sRT12DrNPM,`JSAPI,`SUCCESS,`CFT,`CNY,`18.00,`0.00,`0,`0,`0.00,`0.00,`,`,`世茂(济南),`世茂(济南),`0.11000,`0.60%
`2017-09-28 21:25:29,`wxf19b029d8105d81a,`10035836,`0,`,`4200000026201709284824033119,`7a0e04aea45011e7b9e5005056ac0260,`odRemuLEIOPgx4P3biEVk-5V_x68,`JSAPI,`SUCCESS,`CCB_DEBIT,`CNY,`6.00,`0.00,`0,`0,`0.00,`0.00,`,`,`世茂(济南),`世茂(济南),`0.04000,`0.60%
`2017-09-28 21:27:27,`wxf19b029d8105d81a,`10035836,`0,`,`4200000011201709284825451998,`065350f0a45011e7b9e5005056ac0260,`odRemuMVWxqR0krM-1_DjOOUMbH0,`JSAPI,`SUCCESS,`ABC_DEBIT,`CNY,`9.00,`0.00,`0,`0,`0.00,`0.00,`,`,`世茂(济南),`世茂(济南),`0.05000,`0.60%
`2017-09-28 21:27:55,`wxf19b029d8105d81a,`10035836,`0,`,`4200000002201709284828909146,`cf08fcfca45011e7b9e5005056ac0260,`odRemuAdxgiesPVaW4hIG-1Ehh8U,`JSAPI,`SUCCESS,`CFT,`CNY,`6.00,`0.00,`0,`0,`0.00,`0.00,`,`,`世茂(济南),`世茂(济南),`0.04000,`0.60%
`2017-09-28 21:29:06,`wxf19b029d8105d81a,`10035836,`0,`,`4200000027201709284825518981,`fada9aa2a45011e7b9e5005056ac0260,`odRemuM9EmVsBxt9I3BIZzaxCKHs,`JSAPI,`SUCCESS,`ABC_DEBIT,`CNY,`9.00,`0.00,`0,`0,`0.00,`0.00,`,`,`世茂(济南),`世茂(济南),`0.05000,`0.60%
`2017-09-28 21:29:08,`wxf19b029d8105d81a,`10035836,`0,`,`4200000020201709284827198040,`f71e2cd0a45011e7b9e5005056ac0260,`odRemuIlAeipdvCoq7WR-pv_w7Jg,`JSAPI,`SUCCESS,`CMB_DEBIT,`CNY,`6.00,`0.00,`0,`0,`0.00,`0.00,`,`,`世茂(济南),`世茂(济南),`0.04000,`0.60%
`2017-09-28 21:29:40,`wxf19b029d8105d81a,`10035836,`0,`,`4200000012201709284827171387,`0174534ea45111e7b9e5005056ac0260,`odRemuDB991XDD8ahZk6WLWroF5Y,`JSAPI,`SUCCESS,`CIB_CREDIT,`CNY,`9.00,`0.00,`0,`0,`0.00,`0.00,`,`,`世茂(济南),`世茂(济南),`0.05000,`0.60%
`2017-09-28 21:31:26,`wxf19b029d8105d81a,`10035836,`0,`,`4200000003201709284827257964,`44213a36a45111e7b9e5005056ac0260,`odRemuG5gROMQsYJ7W5ldkbt5s2Y,`JSAPI,`SUCCESS,`SPDB_CREDIT,`CNY,`9.00,`0.00,`0,`0,`0.00,`0.00,`,`,`世茂(济南),`世茂(济南),`0.05000,`0.60%
`2017-09-28 21:33:16,`wxf19b029d8105d81a,`10035836,`0,`,`4200000007201709284825765604,`8d017540a45111e7b9e5005056ac0260,`odRemuAgU95PnPqguJJJtpnjiLtQ,`JSAPI,`SUCCESS,`CMBC_CREDIT,`CNY,`6.00,`0.00,`0,`0,`0.00,`0.00,`,`,`世茂(济南),`世茂(济南),`0.04000,`0.60%
`2017-09-28 21:35:18,`wxf19b029d8105d81a,`10035836,`0,`,`4200000013201709284829277962,`d5f29ea0a45111e7b9e5005056ac0260,`odRemuJoO1ylyJGB_CpN2Bgg3_m4,`JSAPI,`SUCCESS,`CFT,`CNY,`12.00,`0.00,`0,`0,`0.00,`0.00,`,`,`世茂(济南),`世茂(济南),`0.07000,`0.60%
`2017-09-28 21:35:37,`wxf19b029d8105d81a,`10035836,`0,`,`4200000004201709284829289171,`e37376f8a45111e7b9e5005056ac0260,`odRemuCaGbjN4tTZan9ntvWW553A,`JSAPI,`SUCCESS,`CCB_DEBIT,`CNY,`3.00,`0.00,`0,`0,`0.00,`0.00,`,`,`世茂(济南),`世茂(济南),`0.02000,`0.60%
`2017-09-28 21:36:12,`wxf19b029d8105d81a,`10035836,`0,`,`4200000027201709284827511070,`f4b39876a45111e7b9e5005056ac0260,`odRemuLxDwIwyDQH-b7i40IvKWvA,`JSAPI,`SUCCESS,`SPDB_CREDIT,`CNY,`3.00,`0.00,`0,`0,`0.00,`0.00,`,`,`世茂(济南),`世茂(济南),`0.02000,`0.60%
`2017-09-28 21:36:36,`wxf19b029d8105d81a,`10035836,`0,`,`4200000009201709284830482484,`05c76282a45211e7b9e5005056ac0260,`odRemuI1YaYUSe2vzyaGWenHW9NU,`JSAPI,`SUCCESS,`CCB_DEBIT,`CNY,`9.00,`0.00,`0,`0,`0.00,`0.00,`,`,`世茂(济南),`世茂(济南),`0.05000,`0.60%
`2017-09-28 21:38:21,`wxf19b029d8105d81a,`10035836,`0,`,`4200000007201709284829435773,`41e7f038a45211e7b9e5005056ac0260,`odRemuMiLy6Y4edQRFCWqs2COI-4,`JSAPI,`SUCCESS,`CCB_CREDIT,`CNY,`15.00,`0.00,`0,`0,`0.00,`0.00,`,`,`世茂(济南),`世茂(济南),`0.09000,`0.60%
`2017-09-28 21:38:24,`wxf19b029d8105d81a,`10035836,`0,`,`4200000013201709284830604078,`45a62492a45211e7b9e5005056ac0260,`odRemuBcEr9u5nXkMi6UprnWxT8g,`JSAPI,`SUCCESS,`CCB_DEBIT,`CNY,`9.00,`0.00,`0,`0,`0.00,`0.00,`,`,`世茂(济南),`世茂(济南),`0.05000,`0.60%
`2017-09-28 21:38:56,`wxf19b029d8105d81a,`10035836,`0,`,`4200000027201709284830546384,`5ab9d676a45211e7b9e5005056ac0260,`odRemuEQAsrYHLjo_XSiNELhRsFY,`JSAPI,`SUCCESS,`CFT,`CNY,`15.00,`0.00,`0,`0,`0.00,`0.00,`,`,`世茂(济南),`世茂(济南),`0.09000,`0.60%
`2017-09-28 21:39:12,`wxf19b029d8105d81a,`10035836,`0,`,`4200000015201709284826069201,`46e5fd14a45211e7b9e5005056ac0260,`odRemuNDG_6XZSTxWwR8-FZql-Ws,`JSAPI,`SUCCESS,`CFT,`CNY,`24.00,`0.00,`0,`0,`0.00,`0.00,`,`,`世茂(济南),`世茂(济南),`0.14000,`0.60%
`2017-09-28 21:40:12,`wxf19b029d8105d81a,`10035836,`0,`,`4200000008201709284826068919,`7fe0808aa45211e7b9e5005056ac0260,`odRemuAu0Ov6yl1yfYbY5nhjfvW4,`JSAPI,`SUCCESS,`ICBC_DEBIT,`CNY,`6.00,`0.00,`0,`0,`0.00,`0.00,`,`,`世茂(济南),`世茂(济南),`0.04000,`0.60%
`2017-09-28 21:41:03,`wxf19b029d8105d81a,`10035836,`0,`,`4200000015201709284829549826,`9a61ec96a45211e7b9e5005056ac0260,`odRemuIqttJfLT6yvbR3IlIdNHrY,`JSAPI,`SUCCESS,`CFT,`CNY,`3.00,`0.00,`0,`0,`0.00,`0.00,`,`,`世茂(济南),`世茂(济南),`0.02000,`0.60%
`2017-09-28 21:41:21,`wxf19b029d8105d81a,`10035836,`0,`,`4200000015201709284826096186,`af2d93bea45211e7b9e5005056ac0260,`odRemuJSzJd3Z1SwXxqQyaZ-ncyc,`JSAPI,`SUCCESS,`CFT,`CNY,`6.00,`0.00,`0,`0,`0.00,`0.00,`,`,`世茂(济南),`世茂(济南),`0.04000,`0.60%
`2017-09-28 21:41:23,`wxf19b029d8105d81a,`10035836,`0,`,`4200000005201709284829581627,`af09fe7ca45211e7b9e5005056ac0260,`odRemuHZ_LlDQShzb6t1fqacRxoM,`JSAPI,`SUCCESS,`CFT,`CNY,`9.00,`0.00,`0,`0,`0.00,`0.00,`,`,`世茂(济南),`世茂(济南),`0.05000,`0.60%
`2017-09-28 21:41:37,`wxf19b029d8105d81a,`10035836,`0,`,`4200000028201709284829566499,`b9c4331ea45211e7b9e5005056ac0260,`odRemuNqRPQY1Vw1rjOGV0H3-PO8,`JSAPI,`SUCCESS,`CMB_DEBIT,`CNY,`6.00,`0.00,`0,`0,`0.00,`0.00,`,`,`世茂(济南),`世茂(济南),`0.04000,`0.60%
`2017-09-28 21:42:14,`wxf19b029d8105d81a,`10035836,`0,`,`4200000021201709284827705578,`90fb827aa45211e7b9e5005056ac0260,`odRemuEcDAIcl5FCK2ev4F8am-l8,`JSAPI,`SUCCESS,`CEB_CREDIT,`CNY,`9.00,`0.00,`0,`0,`0.00,`0.00,`,`,`世茂(济南),`世茂(济南),`0.05000,`0.60%
`2017-09-28 21:42:38,`wxf19b029d8105d81a,`10035836,`0,`,`4200000004201709284826202126,`dec46fbca45211e7b9e5005056ac0260,`odRemuIcd_vJUiZ0l28MNyXp-bE4,`JSAPI,`SUCCESS,`CFT,`CNY,`18.00,`0.00,`0,`0,`0.00,`0.00,`,`,`世茂(济南),`世茂(济南),`0.11000,`0.60%
`2017-09-28 21:44:02,`wxf19b029d8105d81a,`10035836,`0,`,`4200000012201709284829693266,`0b527b32a45311e7b9e5005056ac0260,`odRemuMtDy9XCOEfmFyag1LkwBrY,`JSAPI,`SUCCESS,`CFT,`CNY,`3.00,`0.00,`0,`0,`0.00,`0.00,`,`,`世茂(济南),`世茂(济南),`0.02000,`0.60%
`2017-09-28 21:44:12,`wxf19b029d8105d81a,`10035836,`0,`,`4200000027201709284830789581,`14543ea0a45311e7b9e5005056ac0260,`odRemuHxNpB3cDLzNUMd_v196FPg,`JSAPI,`SUCCESS,`CMB_DEBIT,`CNY,`6.00,`0.00,`0,`0,`0.00,`0.00,`,`,`世茂(济南),`世茂(济南),`0.04000,`0.60%
`2017-09-28 21:47:02,`wxf19b029d8105d81a,`10035836,`0,`,`4200000012201709284830977814,`7ccbb0c6a45311e7b9e5005056ac0260,`odRemuGiy0_vaiNrmUsEf8mDorMk,`JSAPI,`SUCCESS,`CFT,`CNY,`6.00,`0.00,`0,`0,`0.00,`0.00,`,`,`世茂(济南),`世茂(济南),`0.04000,`0.60%
`2017-09-28 21:48:18,`wxf19b029d8105d81a,`10035836,`0,`,`4200000004201709284832495263,`a3bd28aea45311e7b9e5005056ac0260,`odRemuPkSr_L9cmrWMDTQ4kvTNDI,`JSAPI,`SUCCESS,`CFT,`CNY,`3.00,`0.00,`0,`0,`0.00,`0.00,`,`,`世茂(济南),`世茂(济南),`0.02000,`0.60%
`2017-09-28 21:51:50,`wxf19b029d8105d81a,`10035836,`0,`,`4200000029201709284829983307,`21213970a45411e7b9e5005056ac0260,`odRemuG5hh5e69VTUyjzWK4hRtv0,`JSAPI,`SUCCESS,`CFT,`CNY,`9.00,`0.00,`0,`0,`0.00,`0.00,`,`,`世茂(济南),`世茂(济南),`0.05000,`0.60%
`2017-09-28 21:52:48,`wxf19b029d8105d81a,`10035836,`0,`,`4200000024201709284832707200,`43ba5b60a45411e7b9e5005056ac0260,`odRemuKjzMGz799_AvsUNCms9wuU,`JSAPI,`SUCCESS,`CFT,`CNY,`9.00,`0.00,`0,`0,`0.00,`0.00,`,`,`世茂(济南),`世茂(济南),`0.05000,`0.60%
`2017-09-28 21:53:40,`wxf19b029d8105d81a,`10035836,`0,`,`4200000001201709284832736417,`6548bc9aa45411e7b9e5005056ac0260,`odRemuB2UbH0_EItE_Tg2liLl4xA,`JSAPI,`SUCCESS,`CCB_DEBIT,`CNY,`9.00,`0.00,`0,`0,`0.00,`0.00,`,`,`世茂(济南),`世茂(济南),`0.05000,`0.60%
`2017-09-28 21:53:58,`wxf19b029d8105d81a,`10035836,`0,`,`4200000026201709284828192274,`736276c2a45411e7b9e5005056ac0260,`odRemuHzYXyDbPvQKxJHG9FwnQMQ,`JSAPI,`SUCCESS,`CFT,`CNY,`15.00,`0.00,`0,`0,`0.00,`0.00,`,`,`世茂(济南),`世茂(济南),`0.09000,`0.60%
`2017-09-28 21:56:47,`wxf19b029d8105d81a,`10035836,`0,`,`4200000028201709284832834903,`d1e3d33aa45411e7b9e5005056ac0260,`odRemuBKIFiQokqv2yfD9m3Z8JQY,`JSAPI,`SUCCESS,`CMB_CREDIT,`CNY,`15.00,`0.00,`0,`0,`0.00,`0.00,`,`,`世茂(济南),`世茂(济南),`0.09000,`0.60%
`2017-09-28 21:57:38,`wxf19b029d8105d81a,`10035836,`0,`,`4200000013201709284832915607,`f3abb0a0a45411e7b9e5005056ac0260,`odRemuCc0RM70jxn6fmAD72kCZug,`JSAPI,`SUCCESS,`ABC_DEBIT,`CNY,`9.00,`0.00,`0,`0,`0.00,`0.00,`,`,`世茂(济南),`世茂(济南),`0.05000,`0.60%
`2017-09-28 21:58:07,`wxf19b029d8105d81a,`10035836,`0,`,`4200000018201709284831391165,`e458e988a45411e7b9e5005056ac0260,`odRemuGGhkF8kNhcQqXO5nmweXjY,`JSAPI,`SUCCESS,`CMB_CREDIT,`CNY,`12.00,`0.00,`0,`0,`0.00,`0.00,`,`,`世茂(济南),`世茂(济南),`0.07000,`0.60%
`2017-09-28 21:59:13,`wxf19b029d8105d81a,`10035836,`0,`,`4200000008201709284831354360,`2c488c62a45511e7b9e5005056ac0260,`odRemuCrdJJmKVTjalPRZxEaiRTE,`JSAPI,`SUCCESS,`BOC_DEBIT,`CNY,`6.00,`0.00,`0,`0,`0.00,`0.00,`,`,`世茂(济南),`世茂(济南),`0.04000,`0.60%
`2017-09-28 21:59:16,`wxf19b029d8105d81a,`10035836,`0,`,`4200000030201709284832933695,`2fd4a992a45511e7b9e5005056ac0260,`odRemuDkNiDw1MCQxnMUWRKtnE0Q,`JSAPI,`SUCCESS,`ICBC_CREDIT,`CNY,`9.00,`0.00,`0,`0,`0.00,`0.00,`,`,`世茂(济南),`世茂(济南),`0.05000,`0.60%
`2017-09-28 22:00:10,`wxf19b029d8105d81a,`10035836,`0,`,`4200000021201709284831467198,`52459c3ea45511e7b9e5005056ac0260,`odRemuAPhZLi3t700O88jh7grU8E,`JSAPI,`SUCCESS,`CFT,`CNY,`12.00,`0.00,`0,`0,`0.00,`0.00,`,`,`世茂(济南),`世茂(济南),`0.07000,`0.60%
`2017-09-28 22:00:29,`wxf19b029d8105d81a,`10035836,`0,`,`4200000009201709284834483475,`47112202a45511e7b9e5005056ac0260,`odRemuFruwthErnkT_Q-cQmlp08E,`JSAPI,`SUCCESS,`BOC_DEBIT,`CNY,`9.00,`0.00,`0,`0,`0.00,`0.00,`,`,`世茂(济南),`世茂(济南),`0.05000,`0.60%
`2017-09-28 22:02:11,`wxf19b029d8105d81a,`10035836,`0,`,`4200000021201709284834569818,`97eb6bd8a45511e7b9e5005056ac0260,`odRemuF4lfpk-iTZdbSko2GEPF0U,`JSAPI,`SUCCESS,`CFT,`CNY,`6.00,`0.00,`0,`0,`0.00,`0.00,`,`,`世茂(济南),`世茂(济南),`0.04000,`0.60%
`2017-09-28 22:02:43,`wxf19b029d8105d81a,`10035836,`0,`,`4200000013201709284832974391,`abadb98ca45511e7b9e5005056ac0260,`odRemuLL0iItxGkihyigxBTQGMhw,`JSAPI,`SUCCESS,`WHB_DEBIT,`CNY,`6.00,`0.00,`0,`0,`0.00,`0.00,`,`,`世茂(济南),`世茂(济南),`0.04000,`0.60%
`2017-09-28 22:04:28,`wxf19b029d8105d81a,`10035836,`0,`,`4200000008201709284833165727,`ba483030a45511e7b9e5005056ac0260,`odRemuAmUjEUz7RjKDcjsvdqHloc,`JSAPI,`SUCCESS,`CCB_CREDIT,`CNY,`12.00,`0.00,`0,`0,`0.00,`0.00,`,`,`世茂(济南),`世茂(济南),`0.07000,`0.60%
`2017-09-28 22:05:28,`wxf19b029d8105d81a,`10035836,`0,`,`4200000029201709284834670094,`0f0856a4a45611e7b9e5005056ac0260,`odRemuDEu1q_vievG9YQH2nkiMrY,`JSAPI,`SUCCESS,`CFT,`CNY,`3.00,`0.00,`0,`0,`0.00,`0.00,`,`,`世茂(济南),`世茂(济南),`0.02000,`0.60%
`2017-09-28 22:05:55,`wxf19b029d8105d81a,`10035836,`0,`,`4200000026201709284831794284,`1b8e7156a45611e7b9e5005056ac0260,`odRemuFvpdKmu27iCst1K5jFzhf8,`JSAPI,`SUCCESS,`CFT,`CNY,`9.00,`0.00,`0,`0,`0.00,`0.00,`,`,`世茂(济南),`世茂(济南),`0.05000,`0.60%
`2017-09-28 22:10:43,`wxf19b029d8105d81a,`10035836,`0,`,`4200000022201709284832029444,`ba68a760a45611e7b9e5005056ac0260,`odRemuDTGGg4FvFF8DPufm4-JRBU,`JSAPI,`SUCCESS,`ICBC_DEBIT,`CNY,`18.00,`0.00,`0,`0,`0.00,`0.00,`,`,`世茂(济南),`世茂(济南),`0.11000,`0.60%
`2017-09-28 22:10:44,`wxf19b029d8105d81a,`10035836,`0,`,`4200000024201709284833508528,`cafb48bca45611e7b9e5005056ac0260,`odRemuKecvacwSzy6ptzQ5CAxg0o,`JSAPI,`SUCCESS,`ICBC_DEBIT,`CNY,`3.00,`0.00,`0,`0,`0.00,`0.00,`,`,`世茂(济南),`世茂(济南),`0.02000,`0.60%
`2017-09-28 22:13:00,`wxf19b029d8105d81a,`10035836,`0,`,`4200000025201709284832136289,`ffefc016a45611e7b9e5005056ac0260,`odRemuJe6mnMfnWl7z7lyWZA9vKs,`JSAPI,`SUCCESS,`CITIC_CREDIT,`CNY,`6.00,`0.00,`0,`0,`0.00,`0.00,`,`,`世茂(济南),`世茂(济南),`0.04000,`0.60%
`2017-09-28 22:13:23,`wxf19b029d8105d81a,`10035836,`0,`,`4200000003201709284832130551,`25d0913ea45711e7b9e5005056ac0260,`odRemuAXlXSXvxR4S_jbINKvxGig,`JSAPI,`SUCCESS,`CFT,`CNY,`6.00,`0.00,`0,`0,`0.00,`0.00,`,`,`世茂(济南),`世茂(济南),`0.04000,`0.60%
`2017-09-28 22:14:19,`wxf19b029d8105d81a,`10035836,`0,`,`4200000005201709284835162612,`448348f6a45711e7b9e5005056ac0260,`odRemuDj231XR3jiUsFx23YjuyBs,`JSAPI,`SUCCESS,`CFT,`CNY,`9.00,`0.00,`0,`0,`0.00,`0.00,`,`,`世茂(济南),`世茂(济南),`0.05000,`0.60%
`2017-09-28 22:14:39,`wxf19b029d8105d81a,`10035836,`0,`,`4200000005201709284836920126,`57127104a45711e7b9e5005056ac0260,`odRemuOia66kxFBIbkfGyx2eGNIM,`JSAPI,`SUCCESS,`CITIC_DEBIT,`CNY,`27.00,`0.00,`0,`0,`0.00,`0.00,`,`,`世茂(济南),`世茂(济南),`0.16000,`0.60%
`2017-09-28 22:15:28,`wxf19b029d8105d81a,`10035836,`0,`,`4200000028201709284835142967,`73c689a2a45711e7b9e5005056ac0260,`odRemuCoPK3WwnFK-VIlss8QPof0,`JSAPI,`SUCCESS,`CITIC_DEBIT,`CNY,`6.00,`0.00,`0,`0,`0.00,`0.00,`,`,`世茂(济南),`世茂(济南),`0.04000,`0.60%
`2017-09-28 22:15:30,`wxf19b029d8105d81a,`10035836,`0,`,`4200000025201709284832219354,`75285474a45711e7b9e5005056ac0260,`odRemuCeI8-b8ol1qU4GLpuQkEF0,`JSAPI,`SUCCESS,`CFT,`CNY,`9.00,`0.00,`0,`0,`0.00,`0.00,`,`,`世茂(济南),`世茂(济南),`0.05000,`0.60%
`2017-09-28 22:15:43,`wxf19b029d8105d81a,`10035836,`0,`,`4200000022201709284835160388,`7841ccdaa45711e7b9e5005056ac0260,`odRemuBxrp2GJXhoYUiWP6u1g_kY,`JSAPI,`SUCCESS,`GDB_CREDIT,`CNY,`18.00,`0.00,`0,`0,`0.00,`0.00,`,`,`世茂(济南),`世茂(济南),`0.11000,`0.60%
`2017-09-28 22:17:27,`wxf19b029d8105d81a,`10035836,`0,`,`4200000025201709284838364217,`a8f97ef4a45711e7b9e5005056ac0260,`odRemuKoNNteBLrcY57BEa7WNCaY,`JSAPI,`SUCCESS,`CFT,`CNY,`3.00,`0.00,`0,`0,`0.00,`0.00,`,`,`世茂(济南),`世茂(济南),`0.02000,`0.60%
`2017-09-28 22:18:49,`wxf19b029d8105d81a,`10035836,`0,`,`4200000005201709284835315537,`e311bbbaa45711e7b9e5005056ac0260,`odRemuESmUcaJ-PipZAdeoBUfgjg,`JSAPI,`SUCCESS,`CIB_CREDIT,`CNY,`6.00,`0.00,`0,`0,`0.00,`0.00,`,`,`世茂(济南),`世茂(济南),`0.04000,`0.60%
`2017-09-28 22:19:33,`wxf19b029d8105d81a,`10035836,`0,`,`4200000025201709284837188015,`076e928aa45811e7b9e5005056ac0260,`odRemuEYGQL1zm06zhff-57PGYYA,`JSAPI,`SUCCESS,`CMB_CREDIT,`CNY,`6.00,`0.00,`0,`0,`0.00,`0.00,`,`,`世茂(济南),`世茂(济南),`0.04000,`0.60%
`2017-09-28 22:22:05,`wxf19b029d8105d81a,`10035836,`0,`,`4200000004201709284838517775,`61d93a86a45811e7b9e5005056ac0260,`odRemuMCyRwjwZX7XQs8jwCcy6XE,`JSAPI,`SUCCESS,`CMB_DEBIT,`CNY,`3.00,`0.00,`0,`0,`0.00,`0.00,`,`,`世茂(济南),`世茂(济南),`0.02000,`0.60%
`2017-09-28 22:23:26,`wxf19b029d8105d81a,`10035836,`0,`,`4200000028201709284838573409,`8e351b86a45811e7b9e5005056ac0260,`odRemuPqXdUOFlGKaOYzSwc4Lr6c,`JSAPI,`SUCCESS,`CFT,`CNY,`15.00,`0.00,`0,`0,`0.00,`0.00,`,`,`世茂(济南),`世茂(济南),`0.09000,`0.60%
`2017-09-28 22:24:20,`wxf19b029d8105d81a,`10035836,`0,`,`4200000016201709284835558490,`a0893092a45811e7b9e5005056ac0260,`odRemuOpBsxJU7IVdcFbS0rUs_co,`JSAPI,`SUCCESS,`ABC_DEBIT,`CNY,`6.00,`0.00,`0,`0,`0.00,`0.00,`,`,`世茂(济南),`世茂(济南),`0.04000,`0.60%
`2017-09-28 22:25:33,`wxf19b029d8105d81a,`10035836,`0,`,`4200000022201709284837417902,`dcebf27ca45811e7b9e5005056ac0260,`odRemuO9pIx9R2nYqj8eboGDCYEQ,`JSAPI,`SUCCESS,`CFT,`CNY,`12.00,`0.00,`0,`0,`0.00,`0.00,`,`,`世茂(济南),`世茂(济南),`0.07000,`0.60%
`2017-09-28 22:27:31,`wxf19b029d8105d81a,`10035836,`0,`,`4200000023201709284837469565,`245fed3ea45911e7b9e5005056ac0260,`odRemuEOQU23vlCrPjJtJtTxNSQ8,`JSAPI,`SUCCESS,`CCB_DEBIT,`CNY,`12.00,`0.00,`0,`0,`0.00,`0.00,`,`,`世茂(济南),`世茂(济南),`0.07000,`0.60%
`2017-09-28 22:29:44,`wxf19b029d8105d81a,`10035836,`0,`,`4200000009201709284837606462,`6b062848a45911e7b9e5005056ac0260,`odRemuKoNNteBLrcY57BEa7WNCaY,`JSAPI,`SUCCESS,`ABC_DEBIT,`CNY,`3.00,`0.00,`0,`0,`0.00,`0.00,`,`,`世茂(济南),`世茂(济南),`0.02000,`0.60%
`2017-09-28 22:32:17,`wxf19b029d8105d81a,`10035836,`0,`,`4200000019201709284837699334,`ce2cbb94a45911e7b9e5005056ac0260,`odRemuOMpzlAwa-HYdh8-dE1r6tk,`JSAPI,`SUCCESS,`CFT,`CNY,`6.00,`0.00,`0,`0,`0.00,`0.00,`,`,`世茂(济南),`世茂(济南),`0.04000,`0.60%
`2017-09-28 22:34:37,`wxf19b029d8105d81a,`10035836,`0,`,`4200000026201709284840354388,`1eacbdb2a45a11e7b9e5005056ac0260,`odRemuKeI2OSa1a5LFiXW04kUNzo,`JSAPI,`SUCCESS,`PAB_DEBIT,`CNY,`9.00,`0.00,`0,`0,`0.00,`0.00,`,`,`世茂(济南),`世茂(济南),`0.05000,`0.60%
`2017-09-28 22:37:22,`wxf19b029d8105d81a,`10035836,`0,`,`4200000009201709284837889964,`7f7a5b7ca45a11e7b9e5005056ac0260,`odRemuGos4zfwuO-70ZqtO17eEao,`JSAPI,`SUCCESS,`CFT,`CNY,`9.00,`0.00,`0,`0,`0.00,`0.00,`,`,`世茂(济南),`世茂(济南),`0.05000,`0.60%
`2017-09-28 22:38:58,`wxf19b029d8105d81a,`10035836,`0,`,`4200000002201709284839114132,`bd19ec54a45a11e7b9e5005056ac0260,`odRemuPf9nyO5sSp2nuykdiMpmw8,`JSAPI,`SUCCESS,`CCB_DEBIT,`CNY,`6.00,`0.00,`0,`0,`0.00,`0.00,`,`,`世茂(济南),`世茂(济南),`0.04000,`0.60%
`2017-09-28 22:46:41,`wxf19b029d8105d81a,`10035836,`0,`,`4200000002201709284842440051,`cf625c9ca45b11e7b9e5005056ac0260,`odRemuKMDG1GI_QUocmaxd0MZhYs,`JSAPI,`SUCCESS,`CMB_DEBIT,`CNY,`12.00,`0.00,`0,`0,`0.00,`0.00,`,`,`世茂(济南),`世茂(济南),`0.07000,`0.60%
`2017-09-28 22:47:25,`wxf19b029d8105d81a,`10035836,`0,`,`4200000011201709284842433933,`e6d09c40a45b11e7b9e5005056ac0260,`odRemuJ36C2HWa_5mCLGhvW6DHvQ,`JSAPI,`SUCCESS,`CFT,`CNY,`3.00,`0.00,`0,`0,`0.00,`0.00,`,`,`世茂(济南),`世茂(济南),`0.02000,`0.60%
`2017-09-28 22:54:56,`wxf19b029d8105d81a,`10035836,`0,`,`4200000001201709284839733025,`cb5b2bf0a45c11e7b9e5005056ac0260,`odRemuON9tc-zdALojUaHqp_GXkQ,`JSAPI,`SUCCESS,`CFT,`CNY,`3.00,`0.00,`0,`0,`0.00,`0.00,`,`,`世茂(济南),`世茂(济南),`0.02000,`0.60%
`2017-09-28 23:00:34,`wxf19b029d8105d81a,`10035836,`0,`,`4200000005201709284839900525,`c219c424a45d11e7b9e5005056ac0260,`odRemuD3ET8gHCYAG5bymEHhYkfo,`JSAPI,`SUCCESS,`ICBC_DEBIT,`CNY,`3.00,`0.00,`0,`0,`0.00,`0.00,`,`,`世茂(济南),`世茂(济南),`0.02000,`0.60%
`2017-09-28 23:14:07,`wxf19b029d8105d81a,`10035836,`0,`,`4200000006201709284846306139,`a333ab9aa45f11e7b9e5005056ac0260,`odRemuIjBuwr-gJr2p8oZI3VU4xA,`JSAPI,`SUCCESS,`DZB_DEBIT,`CNY,`6.00,`0.00,`0,`0,`0.00,`0.00,`,`,`世茂(济南),`世茂(济南),`0.04000,`0.60%
`2017-09-28 23:26:40,`wxf19b029d8105d81a,`10035836,`0,`,`4200000006201709284842075564,`5d243000a46111e7b9e5005056ac0260,`odRemuPbbK-x6pn28LtE1atpNs2s,`JSAPI,`SUCCESS,`CCB_DEBIT,`CNY,`42.00,`0.00,`0,`0,`0.00,`0.00,`,`,`世茂(济南),`世茂(济南),`0.25000,`0.60%
`2017-09-28 23:27:08,`wxf19b029d8105d81a,`10035836,`0,`,`4200000014201709284842098592,`6b29ee6aa46111e7b9e5005056ac0260,`odRemuN_5nPSI3is00mZhr9KoUVE,`JSAPI,`SUCCESS,`CFT,`CNY,`18.00,`0.00,`0,`0,`0.00,`0.00,`,`,`世茂(济南),`世茂(济南),`0.11000,`0.60%
`2017-09-28 23:34:40,`wxf19b029d8105d81a,`10035836,`0,`,`4200000024201709284846945266,`82793adea46211e7b9e5005056ac0260,`odRemuKbedJ82yYRjBtIuT-90B8E,`JSAPI,`SUCCESS,`CFT,`CNY,`19.50,`0.00,`0,`0,`0.00,`0.00,`,`,`世茂(济南),`世茂(济南),`0.12000,`0.60%
