美吉姆,2060198
TOYSRUS,2060137
贝甜,2060203
Mini Peace,2060101
Me&City（Kids）,2060189
小天才,2060307
星光贝贝,2070077
乐友,2060148
婴贝儿,2060049
婴贝儿,2060252
咕噜岛,2060376
梦幻小镇,2060119
I Create,2060257
江博士,2060304
NIKE KIDS,2060306
adidas kids,2060351
笛莎,2060384
米6,2060394
乐智小天地,2060347
儿童卡通车、钓鱼达人,2066008
玛囡,2060303
优彼,2066108
孩子王,2060060
MONKI,2060011
C&A,2060015
H&M,2060010
UR,2060138
MANGO,2060169
Collect Point,2060170
Calvin Klein jeans,2060094
JDV,2060209
adidas originals,2060117
SELECTED,2060078
VERO MODA,2060089
CHOCOOLATE,2060155
GAP,2060132
UNIQLO,2060150
La chapelle,2060090
蕙质兰心,2060338
MO&CO,2060328
太平鸟 女装,2060325
LILY,2060327
PEOLEO,2060330
VAAKAV,2060016
乐町,2060233
JACK&JONES,2060079
MixBlu,2060068
ONLY,2060088
爱美丽,2060326
ELAND,2060165
FAIRWHALE,2060143
麦檬,2060315
伊芙丽,2060316
飞鸟和新酒,2060329
NINE WAY HOMME,2060333
G2000,2060360
HOPESHOW,2060378
圣迪奥,2060380
Metersbonwe,2060377
NIKE SC,2060231-1
adidas neo,2060231-2
NIKE,2060231-3
adidas,2060231-4
PUMA,2060231-5
CONVERSE,2060231-6
riverstone,2060342
GXG,2060341
gxg.jeans ,2060357
Cabbeen,2060379
写生,2060393
i-Zone,2060173
特唯普,2060265
ThinkPad,2060331
华为,2060359
光点生活,2060300
A+智生活,2060318
A+智生活,2060320
小米之家,2060286
Brookstone,2060361-1
尚品宅配,2060356
乐居,2060082
美图手机,2060348
CASIO（手表）,2060108
天梭,2060248
乐印,2060050
I DO,2060098
周大福,2060162
酷乐潮玩,2060228
潮宏基,2060164
周生生,2060322-1
周生生,2060322-2
周生生,2060322-3
木九十、aojo,2060247
澳之冠,2060323
herstory,2060381
MIOMI ,2060210
DW,2060292
MGG,2066155
眼镜先生,2060234
萱子,2060317
GCGOCOH,2060013
ELLE,2060324
阿吉豆,2060355
U·SCEN,2060279
Sunbound,2060283
欧洲胡同,2060278
洱东,2060302
THEPARAMO,2060196
DC,2060219
WESTLINK,2060129
热风,2060057
睿慕,2066015
睿慕,2060363-2
我爱下雨天,2060363-3
艾德琳,2060350
快乐玛丽,2060366
稻草人,2060290
稻草人,2060319
稻草人,2060335
稻草人,2066084
上海故事,2060999
Me&City,2060998
POLO,2060254
Better lens,2060997
克徕帝,2060395
斯凯奇,2060364
Diamonkee ,2060268
