'2017-08-31 14:36:32.095135','1','210',\N,'2017-08-31 14:36:32.095201','LM1504190192083105188','0',,
'2017-08-31 14:37:22.813078','2','210','3094','2017-08-31 14:37:42.568076','LM1504190242803105849','1',,
'2017-09-01 01:44:35.642309','5','224',\N,'2017-09-01 01:44:35.642356','LM1504230275631454392','0',,
'2017-09-01 02:20:14.989354','6','2790',\N,'2017-09-01 02:20:14.989406','LM1504232414977064675','0',,
'2017-09-01 02:33:10.847477','7','4549',\N,'2017-09-01 02:33:10.847519','LM1504233190837202670','0',,
'2017-09-01 02:35:38.159140','8','224',\N,'2017-09-01 02:35:38.159204','LM1504233338147157067','0',,
'2017-09-01 02:35:45.851008','9','4549',\N,'2017-09-01 02:35:45.851069','LM1504233345838989758','0',,
'2017-09-01 02:41:19.369562','10','221',\N,'2017-09-01 02:41:19.369606','LM1504233679359558285','0',,
'2017-09-01 03:25:51.880824','11','269','3107','2017-09-01 03:26:06.100237','LM1504236351870480819','1',,
'2017-09-01 03:30:13.941652','12','191',\N,'2017-09-01 03:30:13.941697','LM1504236613929878721','0',,
'2017-09-01 04:09:48.935423','13','222',\N,'2017-09-01 04:09:48.935474','LM1504238988925099509','0',,
'2017-09-01 04:10:08.136075','14','222',\N,'2017-09-01 04:10:08.136121','LM1504239008125968668','0',,
'2017-09-01 06:20:49.857812','15','5196',\N,'2017-09-01 06:20:49.857857','LM1504246849847729750','0',,
'2017-09-01 06:21:08.849059','16','3016',\N,'2017-09-01 06:21:08.849110','LM1504246868840165695','0',,
'2017-09-01 06:22:07.849813','17','1854',\N,'2017-09-01 06:22:07.849864','LM1504246927837934115','0',,
'2017-09-01 06:22:23.380921','18','3356','3147','2017-09-01 06:22:37.156064','LM1504246943370149002','1',,
'2017-09-01 06:26:59.190183','19','5209',\N,'2017-09-01 06:26:59.190227','LM1504247219180130757','0',,
'2017-09-01 06:28:46.795734','20','5214',\N,'2017-09-01 06:28:46.795781','LM1504247326783770318','0',,
'2017-09-01 06:32:31.748569','21','980',\N,'2017-09-01 06:32:31.748619','LM1504247551736466407','0',,
'2017-09-01 06:34:01.778313','22','4963',\N,'2017-09-01 06:34:01.778360','LM1504247641766341501','0',,
'2017-09-01 06:36:46.427692','23','5217',\N,'2017-09-01 06:36:46.427743','LM1504247806417637681','0',,
'2017-09-01 06:41:25.194069','24','5223',\N,'2017-09-01 06:41:25.194116','LM1504248085183948903','0',,
'2017-09-01 06:54:51.122684','25','2298',\N,'2017-09-01 06:54:51.122731','LM1504248891110648994','0',,
'2017-09-01 07:36:45.670740','26','2864',\N,'2017-09-01 07:36:45.670787','LM1504251405658680549','0',,
'2017-09-01 07:37:25.061227','27','342',\N,'2017-09-01 07:37:25.061279','LM1504251445048843269','0',,
'2017-09-01 07:40:49.518051','28','335',\N,'2017-09-01 07:40:49.518101','LM1504251649506052083','0',,
'2017-09-01 07:41:14.394633','29','335','3170','2017-09-01 07:41:26.220143','LM1504251674382856360','1',,
'2017-09-01 07:42:09.528011','30','421',\N,'2017-09-01 07:42:09.528055','LM1504251729517972226','0',,
'2017-09-01 07:49:52.795751','31','981',\N,'2017-09-01 07:49:52.795801','LM1504252192785381783','0',,
'2017-09-01 07:50:35.979247','32','2728',\N,'2017-09-01 07:50:35.979299','LM1504252235968816207','0',,
'2017-09-01 07:52:31.014948','33','224',\N,'2017-09-01 07:52:31.014995','LM1504252351002773077','0',,
'2017-09-01 07:59:01.366867','34','5239','3175','2017-09-01 11:15:32.383744','LM1504252741354746339','1',,
'2017-09-01 08:43:36.368430','35','3172',\N,'2017-09-01 08:43:36.368476','LM1504255416358318667','0',,
'2017-09-01 09:39:25.623242','36','379',\N,'2017-09-01 09:39:25.623291','LM1504258765613076863','0',,
'2017-09-01 09:48:23.611823','37','210',\N,'2017-09-01 09:48:23.611883','LM1504259303599739649','0',,
'2017-09-01 09:48:24.365005','38','210',\N,'2017-09-01 09:48:24.365051','LM1504259304353036869','0',,
'2017-09-01 10:30:27.731734','39','4427',\N,'2017-09-01 10:30:27.731782','LM1504261827719424547','0',,
'2017-09-01 10:58:04.229274','40','4895',\N,'2017-09-01 10:58:04.229334','LM1504263484219156900','0',,
'2017-09-01 10:58:41.808521','41','4895',\N,'2017-09-01 10:58:41.808573','LM1504263521796552443','0',,
'2017-09-01 11:55:14.648697','42','5307',\N,'2017-09-01 11:55:14.648748','LM1504266914636746298','0',,
'2017-09-01 11:59:40.263983','43','210',\N,'2017-09-01 11:59:40.264034','LM1504267180252058044','0',,
'2017-09-01 12:05:09.316689','44','190',\N,'2017-09-01 12:05:09.316739','LM1504267509306655329','0',,
'2017-09-01 12:06:45.254693','45','4549',\N,'2017-09-01 12:06:45.254736','LM1504267605242537430','0',,
'2017-09-01 12:06:45.254710','46','4549',\N,'2017-09-01 12:06:45.254760','LM1504267605242484039','0',,
'2017-09-01 12:06:45.539644','47','4549',\N,'2017-09-01 12:06:45.539688','LM1504267605529571006','0',,
'2017-09-01 12:06:46.095874','48','4549',\N,'2017-09-01 12:06:46.095921','LM1504267606083846208','0',,
'2017-09-01 12:07:20.045251','49','4549',\N,'2017-09-01 12:07:20.045301','LM1504267640033176248','0',,
'2017-09-01 12:21:26.470199','50','190',\N,'2017-09-01 12:21:26.470245','LM1504268486458245169','0',,
'2017-09-01 12:24:39.769468','51','4549',\N,'2017-09-01 12:24:39.769515','LM1504268679757291059','0',,
'2017-09-01 14:15:29.989699','52','5335',\N,'2017-09-01 14:15:29.989749','LM1504275329977793094','0',,
'2017-09-01 14:17:31.884503','53','5335',\N,'2017-09-01 14:17:31.884553','LM1504275451872525146','0',,
'2017-09-01 14:22:08.929616','54','5210',\N,'2017-09-01 14:22:08.929675','LM1504275728919220863','0',,
'2017-09-01 14:36:12.728438','55','5340',\N,'2017-09-01 14:36:12.728485','LM1504276572716239230','0',,
'2017-09-02 01:26:10.282164','56','190',\N,'2017-09-02 01:26:10.282215','LM1504315570270090498','0',,
'2017-09-02 02:00:45.338167','57','5181',\N,'2017-09-02 02:00:45.338213','LM1504317645327880913','0',,
'2017-09-02 02:22:25.491967','58','2451',\N,'2017-09-02 02:22:25.492013','LM1504318945479800013','0',,
'2017-09-02 03:57:52.185601','59','2314',\N,'2017-09-02 03:57:52.185647','LM1504324672175542379','0',,
'2017-09-02 04:06:19.371838','60','3668',\N,'2017-09-02 04:06:19.371890','LM1504325179359860675','0',,
'2017-09-02 13:42:07.742347','61','4549','3363','2017-09-02 13:42:26.246039','LM1504359727730133224','1',,
'2017-09-02 16:49:37.648169','62','370',\N,'2017-09-02 16:49:37.648220','LM1504370977637816845','0',,
'2017-09-03 03:57:03.414381','63','1752',\N,'2017-09-03 03:57:03.414431','LM1504411023401893661','0',,
'2017-09-03 04:23:44.049732','64','5312',\N,'2017-09-03 04:23:44.049779','LM1504412624037480836','0',,
'2017-09-03 05:48:23.994788','65','632',\N,'2017-09-03 05:48:23.994835','LM1504417703984632468','0',,
'2017-09-03 05:57:42.106296','66','5560','3401','2017-09-04 12:32:08.529178','LM1504418262096136394','1',,
'2017-09-03 06:02:20.122830','67','534',\N,'2017-09-03 06:02:20.122889','LM1504418540110807941','0',,
'2017-09-03 06:03:09.074130','68','534',\N,'2017-09-03 06:03:09.074180','LM1504418589062130789','0',,
'2017-09-03 06:04:16.763923','69','534',\N,'2017-09-03 06:04:16.763973','LM1504418656751370398','0',,
'2017-09-03 08:43:00.360042','70','326',\N,'2017-09-03 08:43:00.360092','LM1504428180349555495','0',,
'2017-09-03 11:49:37.258152','71','5661',\N,'2017-09-03 11:49:37.258203','LM1504439377246049269','0',,
'2017-09-03 11:50:18.003543','72','5661',\N,'2017-09-03 11:50:18.003591','LM1504439417991636030','0',,
'2017-09-03 11:52:35.120721','73','5661',\N,'2017-09-03 11:52:35.120769','LM1504439555109062226','0',,
'2017-09-03 14:07:25.384851','74','4344',\N,'2017-09-03 14:07:25.384903','LM1504447645372896887','0',,
'2017-09-03 15:03:54.681512','75','187',\N,'2017-09-03 15:03:54.681563','LM1504451034670544165','0',,
'2017-09-04 01:43:02.015878','76','3592',\N,'2017-09-04 01:43:02.015924','LM1504489382003934222','0',,
'2017-09-04 03:14:49.352903','77','222',\N,'2017-09-04 03:14:49.352953','LM1504494889340584921','0',,
'2017-09-04 03:52:16.576494','78','4964',\N,'2017-09-04 03:52:16.576545','LM1504497136564450430','0',,
'2017-09-04 04:33:33.398583','79','3875',\N,'2017-09-04 04:33:33.398627','LM1504499613388288449','0',,
'2017-09-04 04:55:41.160184','80','2176','3505','2017-09-04 04:55:49.440767','LM1504500941150079198','1',,
'2017-09-04 05:01:47.857110','81','4265',\N,'2017-09-04 05:01:47.857156','LM1504501307846756304','0',,
'2017-09-04 05:10:08.534191','82','5712','3509','2017-09-04 05:10:18.388834','LM1504501808522261794','1',,
'2017-09-04 05:11:28.185679','83','499','3510','2017-09-08 04:10:52.603940','LM1504501888173333362','1',,
'2017-09-04 07:11:18.488160','84','198',\N,'2017-09-04 07:11:18.488208','LM1504509078476127647','0',,
'2017-09-04 08:08:13.327532','85','2350','3555','2017-09-04 08:08:33.840044','LM1504512493317304149','1',,
'2017-09-04 08:41:57.614340','86','2899',\N,'2017-09-04 08:41:57.614390','LM1504514517602313242','0',,
'2017-09-04 10:34:44.191967','87','5945',\N,'2017-09-04 10:34:44.192014','LM1504521284180017803','0',,
'2017-09-04 10:34:50.001521','88','5944','3584','2017-09-04 10:35:00.770150','LM1504521289989506013','1',,
'2017-09-04 11:37:48.911891','89','5976',\N,'2017-09-04 11:37:48.911939','LM1504525068899983571','0',,
'2017-09-04 11:48:35.481798','90','2507',\N,'2017-09-04 11:48:35.481848','LM1504525715469915939','0',,
'2017-09-04 11:50:25.114648','91','885','3606','2017-09-04 11:51:20.957718','LM1504525825102434103','1',,
'2017-09-04 11:52:06.183383','92','706',\N,'2017-09-04 11:52:06.183430','LM1504525926171109020','0',,
'2017-09-04 11:52:20.674652','93','4297',\N,'2017-09-04 11:52:20.674705','LM1504525940662623415','0',,
'2017-09-04 11:52:53.286848','94','5986',\N,'2017-09-04 11:52:53.286901','LM1504525973275790649','0',,
'2017-09-04 11:56:46.799113','95','4963',\N,'2017-09-04 11:56:46.799157','LM1504526206787773146','0',,
'2017-09-04 12:02:18.655529','96','1595',\N,'2017-09-04 12:02:18.655590','LM1504526538645694145','0',,
'2017-09-04 12:03:46.183445','97','6002',\N,'2017-09-04 12:03:46.183484','LM1504526626173137468','0',,
'2017-09-04 12:03:56.042199','98','1595','3627','2017-09-04 12:04:04.349435','LM1504526636031516276','1',,
'2017-09-04 12:04:36.345342','99','6003',\N,'2017-09-04 12:04:36.345393','LM1504526676335469399','0',,
'2017-09-04 12:07:33.594150','100','5293',\N,'2017-09-04 12:07:33.594196','LM1504526853583752651','0',,
'2017-09-04 12:09:41.028354','101','6013',\N,'2017-09-04 12:09:41.028404','LM1504526981016206943','0',,
'2017-09-04 12:10:11.062049','102','6013','3631','2017-09-08 04:26:57.131165','LM1504527011049965917','1',,
'2017-09-04 12:11:14.437794','103','6013',\N,'2017-09-04 12:11:14.437856','LM1504527074427441301','0',,
'2017-09-04 12:13:14.635539','104','6015',\N,'2017-09-04 12:13:14.635582','LM1504527194625133885','0',,
'2017-09-04 12:14:02.865494','105','6016',\N,'2017-09-04 12:14:02.865542','LM1504527242853577791','0',,
'2017-09-04 12:14:34.030261','106','3842',\N,'2017-09-04 12:14:34.030308','LM1504527274020217926','0',,
'2017-09-04 12:15:59.848727','107','5097',\N,'2017-09-04 12:15:59.848778','LM1504527359837991385','0',,
'2017-09-04 12:16:51.758373','108','5552',\N,'2017-09-04 12:16:51.758424','LM1504527411746151963','0',,
'2017-09-04 12:27:36.746088','109','1187',\N,'2017-09-04 12:27:36.746135','LM1504528056736014659','0',,
'2017-09-04 12:29:32.387798','110','2466','3640','2017-09-04 12:29:40.452394','LM1504528172375833297','1',,
'2017-09-04 12:31:05.367980','111','3527','3643','2017-09-04 12:31:15.181913','LM1504528265357639846','1',,
'2017-09-04 12:31:51.865444','112','3527','3645','2017-09-04 12:31:59.284567','LM1504528311853449363','1',,
'2017-09-04 12:32:12.467773','113','5661',\N,'2017-09-04 12:32:12.467819','LM1504528332457778861','0',,
'2017-09-04 12:34:17.945572','114','6022',\N,'2017-09-04 12:34:17.945622','LM1504528457933140105','0',,
'2017-09-04 12:38:36.261651','115','2847',\N,'2017-09-04 12:38:36.261703','LM1504528716249862473','0',,
'2017-09-04 12:39:34.717963','116','6028',\N,'2017-09-04 12:39:34.718024','LM1504528774705966791','0',,
'2017-09-04 12:40:00.018414','117','6028',\N,'2017-09-04 12:40:00.018465','LM1504528800006399130','0',,
'2017-09-04 12:40:02.849841','118','6028',\N,'2017-09-04 12:40:02.849884','LM1504528802839633575','0',,
'2017-09-04 12:40:03.779702','119','6028',\N,'2017-09-04 12:40:03.779748','LM1504528803767607799','0',,
'2017-09-04 12:44:02.259251','120','6030','3655','2017-09-04 12:44:11.659274','LM1504529042249006126','1',,
'2017-09-04 12:44:21.766219','121','6030',\N,'2017-09-04 12:44:21.766268','LM1504529061755973727','0',,
'2017-09-04 12:44:59.631976','122','4707',\N,'2017-09-04 12:44:59.632027','LM1504529099619901461','0',,
'2017-09-04 12:45:16.153052','123','856','3656','2017-09-04 12:45:40.964937','LM1504529116142625884','1',,
'2017-09-04 12:48:34.527756','124','6038',\N,'2017-09-04 12:48:34.527797','LM1504529314517419239','0',,
'2017-09-04 12:50:31.229849','125','6038',\N,'2017-09-04 12:50:31.229896','LM1504529431219769811','0',,
'2017-09-04 13:03:42.705937','126','644',\N,'2017-09-04 13:03:42.705998','LM1504530222695475393','0',,
'2017-09-04 13:12:53.715213','127','5145',\N,'2017-09-04 13:12:53.715265','LM1504530773704923573','0',,
'2017-09-04 13:13:11.517845','128','6045',\N,'2017-09-04 13:13:11.517892','LM1504530791507517528','0',,
'2017-09-04 13:14:36.955340','129','6050',\N,'2017-09-04 13:14:36.955387','LM1504530876946599652','0',,
'2017-09-04 13:19:04.847598','130','208',\N,'2017-09-04 13:19:04.847649','LM1504531144836958738','0',,
'2017-09-04 13:20:13.343042','131','233',\N,'2017-09-04 13:20:13.343089','LM1504531213330637866','0',,
'2017-09-04 13:34:22.273623','132','6062',\N,'2017-09-04 13:34:22.273670','LM1504532062261790349','0',,
'2017-09-04 13:41:16.610915','133','6062',\N,'2017-09-04 13:41:16.610965','LM1504532476600651623','0',,
'2017-09-04 13:44:44.125113','134','6027',\N,'2017-09-04 13:44:44.125159','LM1504532684114724090','0',,
'2017-09-04 13:47:11.661942','135','967',\N,'2017-09-04 13:47:11.661993','LM1504532831649831914','0',,
'2017-09-04 13:53:31.199758','136','6072',\N,'2017-09-04 13:53:31.199804','LM1504533211187763221','0',,
'2017-09-04 13:53:40.365955','137','6073',\N,'2017-09-04 13:53:40.366004','LM1504533220353913222','0',,
'2017-09-04 13:53:59.601402','138','6077',\N,'2017-09-04 13:53:59.601448','LM1504533239591453315','0',,
'2017-09-04 13:58:24.080715','139','5590',\N,'2017-09-04 13:58:24.080765','LM1504533504068670012','0',,
'2017-09-04 14:05:30.264974','140','1090','3694','2017-09-04 14:05:41.626119','LM1504533930254393887','1',,
'2017-09-04 14:08:12.370503','141','1090',\N,'2017-09-04 14:08:12.370550','LM1504534092358466578','0',,
'2017-09-04 14:08:57.428437','142','6083',\N,'2017-09-04 14:08:57.428487','LM1504534137417994715','0',,
'2017-09-04 14:15:03.110557','143','6087',\N,'2017-09-04 14:15:03.110607','LM1504534503098538945','0',,
'2017-09-04 14:27:20.022803','144','2934',\N,'2017-09-04 14:27:20.022853','LM1504535240012642809','0',,
'2017-09-04 14:30:35.366850','145','1253',\N,'2017-09-04 14:30:35.366898','LM1504535435356707273','0',,
'2017-09-04 14:31:15.046905','146','4874',\N,'2017-09-04 14:31:15.046948','LM1504535475036941656','0',,
'2017-09-04 14:32:48.120146','147','2934',\N,'2017-09-04 14:32:48.120192','LM1504535568108245953','0',,
'2017-09-04 14:45:42.999933','148','5187',\N,'2017-09-04 14:45:42.999979','LM1504536342987948783','0',,
'2017-09-04 14:48:38.165996','149','6090',\N,'2017-09-04 14:48:38.166046','LM1504536518153809770','0',,
'2017-09-04 14:52:55.810251','150','6093',\N,'2017-09-04 14:52:55.810297','LM1504536775800070179','0',,
'2017-09-04 14:59:18.235522','151','590',\N,'2017-09-04 14:59:18.235568','LM1504537158225469069','0',,
'2017-09-04 16:28:24.673434','152','6121',\N,'2017-09-04 16:28:24.673480','LM1504542504662295825','0',,
'2017-09-04 16:52:11.934862','153','6123',\N,'2017-09-04 16:52:11.934913','LM1504543931922832601','0',,
'2017-09-04 21:15:47.439402','154','229',\N,'2017-09-04 21:15:47.439449','LM1504559747427476944','0',,
'2017-09-04 22:36:10.180315','155','6124',\N,'2017-09-04 22:36:10.180362','LM1504564570168266290','0',,
'2017-09-04 22:50:59.094492','156','6125',\N,'2017-09-04 22:50:59.094543','LM1504565459082563592','0',,
'2017-09-05 00:02:44.912725','157','6131',\N,'2017-09-05 00:02:44.912776','LM1504569764900633833','0',,
'2017-09-05 01:26:12.198759','158','6135',\N,'2017-09-05 01:26:12.198809','LM1504574772186744366','0',,
'2017-09-05 01:42:42.559200','159','6136',\N,'2017-09-05 01:42:42.559251','LM1504575762546682517','0',,
'2017-09-05 01:52:59.627391','160','6072',\N,'2017-09-05 01:52:59.627437','LM1504576379615887715','0',,
'2017-09-05 02:02:55.360078','161','2374',\N,'2017-09-05 02:02:55.360121','LM1504576975348027658','0',,
'2017-09-05 02:44:48.565992','162','6140',\N,'2017-09-05 02:44:48.566043','LM1504579488555923469','0',,
'2017-09-05 02:45:28.481897','163','6137',\N,'2017-09-05 02:45:28.481948','LM1504579528469944047','0',,
'2017-09-05 02:53:58.408817','164','6145',\N,'2017-09-05 02:53:58.408867','LM1504580038398796490','0',,
'2017-09-05 02:57:44.340064','165','6140','3739','2017-09-05 02:57:53.771634','LM1504580264328018851','1',,
'2017-09-05 03:51:17.923727','166','6151',\N,'2017-09-05 03:51:17.923777','LM1504583477913425242','0',,
'2017-09-05 04:08:39.197553','167','6159',\N,'2017-09-05 04:08:39.197605','LM1504584519185375009','0',,
'2017-09-05 04:23:08.219613','168','6160',\N,'2017-09-05 04:23:08.219660','LM1504585388207670328','0',,
'2017-09-05 04:28:29.299437','169','1598',\N,'2017-09-05 04:28:29.299485','LM1504585709287119170','0',,
'2017-09-05 04:41:14.717022','170','6168',\N,'2017-09-05 04:41:14.717069','LM1504586474707523408','0',,
'2017-09-05 04:47:00.781277','171','6170',\N,'2017-09-05 04:47:00.781323','LM1504586820771181636','0',,
'2017-09-05 05:12:07.160931','172','6180',\N,'2017-09-05 05:12:07.160982','LM1504588327148855124','0',,
'2017-09-05 05:26:36.790653','173','493',\N,'2017-09-05 05:26:36.790702','LM1504589196778632688','0',,
'2017-09-05 05:33:03.860548','174','6187',\N,'2017-09-05 05:33:03.860595','LM1504589583850091721','0',,
'2017-09-05 05:33:09.103279','175','6189',\N,'2017-09-05 05:33:09.103328','LM1504589589090645580','0',,
'2017-09-05 05:42:21.382499','176','2552',\N,'2017-09-05 05:42:21.382550','LM1504590141370148507','0',,
'2017-09-05 05:43:03.855767','177','1945','3779','2017-09-19 17:43:36.558266','LM1504590183843807137','1',,
'2017-09-05 05:48:05.229405','178','3143',\N,'2017-09-05 05:48:05.229449','LM1504590485219048385','0',,
'2017-09-05 05:50:56.074784','179','2382',\N,'2017-09-05 05:50:56.074830','LM1504590656064684392','0',,
'2017-09-05 06:12:49.168093','180','6199','3786','2017-09-05 06:18:45.176278','LM1504591969157008345','1',,
'2017-09-05 06:13:47.372442','181','6199','3790','2017-09-05 06:18:21.470916','LM1504592027361862417','1',,
'2017-09-05 06:17:03.605035','182','6199','3791','2017-09-05 06:17:14.258596','LM1504592223594326341','1',,
'2017-09-05 06:39:17.015738','183','1254',\N,'2017-09-05 06:39:17.015785','LM1504593557003764027','0',,
'2017-09-05 06:42:16.278903','184','1254',\N,'2017-09-05 06:42:16.278949','LM1504593736266543884','0',,
'2017-09-05 06:42:55.093051','185','1254','3801','2017-09-05 06:43:02.058961','LM1504593775081114002','1',,
'2017-09-05 06:45:19.444602','186','1254',\N,'2017-09-05 06:45:19.444650','LM1504593919432568617','0',,
'2017-09-05 06:46:10.839568','187','1254','3802','2017-09-05 06:46:17.402844','LM1504593970827385472','1',,
'2017-09-05 07:04:38.586721','188','5709',\N,'2017-09-05 07:04:38.586773','LM1504595078574476529','0',,
'2017-09-05 07:06:00.687337','189','6212',\N,'2017-09-05 07:06:00.687387','LM1504595160677049637','0',,
'2017-09-05 07:06:32.596903','190','1222',\N,'2017-09-05 07:06:32.596950','LM1504595192588592194','0',,
'2017-09-05 07:10:05.678503','191','4706',\N,'2017-09-05 07:10:05.678549','LM1504595405668296662','0',,
'2017-09-05 07:13:14.900487','192','1222',\N,'2017-09-05 07:13:14.900538','LM1504595594890277005','0',,
'2017-09-05 07:28:41.450799','193','6072','3809','2017-09-05 07:28:54.312212','LM1504596521438383691','1',,
'2017-09-05 07:29:12.456273','194','6072',\N,'2017-09-05 07:29:12.456320','LM1504596552444274416','0',,
'2017-09-05 07:30:10.452172','195','6072','3810','2017-09-05 07:30:16.853129','LM1504596610441639759','1',,
'2017-09-05 08:12:08.672410','196','6028',\N,'2017-09-05 08:12:08.672457','LM1504599128660159194','0',,
'2017-09-05 08:16:47.447555','197','6028',\N,'2017-09-05 08:16:47.447605','LM1504599407435343542','0',,
'2017-09-05 08:20:56.126926','198','6028',\N,'2017-09-05 08:20:56.126976','LM1504599656115035163','0',,
'2017-09-05 08:21:12.591661','199','6028',\N,'2017-09-05 08:21:12.591708','LM1504599672579696812','0',,
'2017-09-05 08:22:34.690252','200','6028',\N,'2017-09-05 08:22:34.690314','LM1504599754678292760','0',,
'2017-09-05 08:23:28.547519','201','3707','3818','2017-09-08 06:24:52.264422','LM1504599808537300109','1',,
'2017-09-05 08:38:40.624578','202','2059',\N,'2017-09-05 08:38:40.624629','LM1504600720614365017','0',,
'2017-09-05 09:04:57.792803','203','6252',\N,'2017-09-05 09:04:57.792854','LM1504602297780765075','0',,
'2017-09-05 09:11:11.863316','204','6180','3833','2017-09-05 09:11:20.077605','LM1504602671851285082','1',,
'2017-09-05 09:59:55.793938','205','6450',\N,'2017-09-05 09:59:55.793989','LM1504605595781685906','0',,
'2017-09-05 10:20:47.286683','206','4430',\N,'2017-09-05 10:20:47.286734','LM1504606847274318451','0',,
'2017-09-05 10:37:03.741704','207','221',\N,'2017-09-05 10:37:03.741754','LM1504607823729756940','0',,
'2017-09-05 11:06:25.950423','208','6469',\N,'2017-09-05 11:06:25.950468','LM1504609585940480272','0',,
'2017-09-05 11:10:18.199420','209','6151','3857','2017-09-07 10:10:22.014085','LM1504609818187384365','1',,
'2017-09-05 11:12:33.925162','210','6151',\N,'2017-09-05 11:12:33.925208','LM1504609953915030712','0',,
'2017-09-05 12:01:46.255988','211','203',\N,'2017-09-05 12:01:46.256035','LM1504612906243598703','0',,
'2017-09-05 12:35:47.836341','212','996',\N,'2017-09-05 12:35:47.836387','LM1504614947824398292','0',,
'2017-09-05 13:40:53.239906','213','6497','3886','2017-09-05 13:43:49.744067','LM1504618853227820090','1',,
'2017-09-05 14:28:27.355589','214','6504',\N,'2017-09-05 14:28:27.355649','LM1504621707345418097','0',,
'2017-09-05 14:54:01.770008','215','6505',\N,'2017-09-05 14:54:01.770058','LM1504623241758198230','0',"	17090522542834931069956","	2017-09-05 22:54:35"
'2017-09-05 14:54:44.311501','217','6505','3895','2017-09-05 14:54:52.498507','LM1504623284298981733','1',,
'2017-09-05 16:02:11.449146','218','6509',\N,'2017-09-05 16:02:11.449207','LM1504627331438951114','0',,
'2017-09-05 23:48:29.579007','219','6511',\N,'2017-09-05 23:48:29.579053','LM1504655309567052842','0',,
'2017-09-06 01:23:24.592638','220','5275','3902','2017-09-06 04:43:40.203215','LM1504661004580621508','1',,
'2017-09-06 01:23:41.192147','221','5275','3903','2017-09-06 04:43:24.856784','LM1504661021180472632','1',,
'2017-09-06 01:25:34.231402','222','2248','3904','2017-09-06 01:25:42.194808','LM1504661134219372074','1',,
'2017-09-06 01:26:10.724783','223','2248',\N,'2017-09-06 01:26:10.724842','LM1504661170712269802','0',,
'2017-09-06 01:37:33.129644','224','2574',\N,'2017-09-06 01:37:33.129686','LM1504661853119678595','0',,
'2017-09-06 02:30:19.218532','225','5745',\N,'2017-09-06 02:30:19.218579','LM1504665019208217899','0',,
'2017-09-06 02:31:35.331285','226','6516','3909','2017-09-06 02:31:47.856809','LM1504665095321026281','1',,
'2017-09-06 03:49:32.402970','227','1303','3919','2017-09-06 03:49:46.989131','LM1504669772390827954','1',,
'2017-09-06 04:18:06.648311','228','2702',\N,'2017-09-06 04:18:06.648359','LM1504671486635828351','0',,
'2017-09-06 05:15:48.925845','229','213',\N,'2017-09-06 05:15:48.925893','LM1504674948913624313','0',,
'2017-09-06 05:56:31.406350','230','5024','3951','2017-09-06 05:56:53.509938','LM1504677391396296032','1',,
'2017-09-06 06:11:52.049123','231','5058',\N,'2017-09-06 06:11:52.049182','LM1504678312037141777','0',,
'2017-09-06 06:14:55.138987','232','6563',\N,'2017-09-06 06:14:55.139038','LM1504678495126830204','0',,
'2017-09-06 06:44:37.177939','233','203',\N,'2017-09-06 06:44:37.177991','LM1504680277166796726','0',,
'2017-09-06 06:58:24.811028','234','2800','3960','2017-09-06 06:58:33.040486','LM1504681104801468531','1',,
'2017-09-06 07:13:04.402225','235','6571','3964','2017-09-08 06:08:17.637579','LM1504681984390083371','1',,
'2017-09-06 07:14:08.474542','236','6571','3965','2017-09-08 06:08:30.364327','LM1504682048462278502','1',,
'2017-09-06 07:16:49.215863','237','6572',\N,'2017-09-06 07:16:49.215942','LM1504682209203989793','0',,
'2017-09-06 07:16:56.303506','238','6572',\N,'2017-09-06 07:16:56.303557','LM1504682216291536096','0',,
'2017-09-06 07:18:36.845290','239','6571','3967','2017-09-06 07:18:43.216868','LM1504682316835083875','1',,
'2017-09-06 07:18:50.164787','240','6571','3968','2017-09-06 07:18:56.776434','LM1504682330152816161','1',,
'2017-09-06 07:19:05.197681','241','6571','3969','2017-09-06 07:19:13.006632','LM1504682345185774940','1',,
'2017-09-06 08:15:22.554925','242','6252','3985','2017-09-06 08:21:03.007591','LM1504685722542982968','1',,
'2017-09-06 08:16:23.375057','243','6252','3986','2017-09-06 08:20:47.983232','LM1504685783364752917','1',,
'2017-09-06 08:38:33.814724','244','6597',\N,'2017-09-06 08:38:33.814776','LM1504687113802324782','0',,
'2017-09-06 09:48:37.358479','245','6627',\N,'2017-09-06 09:48:37.358526','LM1504691317346396179','0',,
'2017-09-06 12:29:17.838681','246','1945',\N,'2017-09-06 12:29:17.838727','LM1504700957828670366','0',,
'2017-09-06 12:31:03.178851','247','873',\N,'2017-09-06 12:31:03.178902','LM1504701063166920561','0',,
'2017-09-06 12:40:02.974613','248','2350',\N,'2017-09-06 12:40:02.974664','LM1504701602962718835','0',,
'2017-09-06 15:03:42.889039','249','3606',\N,'2017-09-06 15:03:42.889085','LM1504710222876571560','0',,
'2017-09-07 00:17:01.128102','250','3919',\N,'2017-09-07 00:17:01.128153','LM1504743421115984033','0',,
'2017-09-07 01:04:06.869178','251','3411',\N,'2017-09-07 01:04:06.869226','LM1504746246857095090','0',,
'2017-09-07 01:28:28.249273','252','2350','4053','2017-09-07 01:28:35.928365','LM1504747708238562301','1',,
'2017-09-07 01:28:59.222125','253','6683',\N,'2017-09-07 01:28:59.222172','LM1504747739211420292','0',,
'2017-09-07 01:52:45.646284','254','6685','4057','2017-09-07 01:52:56.584929','LM1504749165634097022','1',,
'2017-09-07 01:57:14.766755','255','6686',\N,'2017-09-07 01:57:14.766799','LM1504749434756458041','0',,
'2017-09-07 01:59:12.172532','256','1399','4062','2017-09-07 02:24:23.066452','LM1504749552160234562','1',,
'2017-09-07 02:03:19.569724','257','6717','4065','2017-09-07 02:03:40.714751','LM1504749799557549418','1',,
'2017-09-07 02:04:48.475649','258','6718',\N,'2017-09-07 02:04:48.475691','LM1504749888465404696','0',,
'2017-09-07 02:06:15.616921','259','6719','4068','2017-09-07 02:08:10.243690','LM1504749975606883380','1',,
'2017-09-07 02:07:05.934062','260','2098','4069','2017-09-07 02:23:59.682762','LM1504750025922149029','1',,
'2017-09-07 02:07:25.098469','261','5930','4070','2017-09-07 02:07:34.705904','LM1504750045088284758','1',,
'2017-09-07 02:12:36.888680','262','6062','4074','2017-09-07 02:12:50.745725','LM1504750356878598258','1',,
'2017-09-07 02:13:17.602601','263','6062','4075','2017-09-07 02:13:25.772321','LM1504750397592499861','1',,
'2017-09-07 02:18:23.260380','265','6722',\N,'2017-09-07 02:18:23.260432','LM1504750703248423330','0',,
'2017-09-07 02:19:39.554349','266','6719','4080','2017-09-07 02:19:48.928998','LM1504750779544358077','1',,
'2017-09-07 02:20:37.665217','267','6729',\N,'2017-09-07 02:20:37.665266','LM1504750837653275771','0',,
'2017-09-07 02:23:22.253373','268','6730','4086','2017-09-07 02:23:30.165585','LM1504751002239873657','1',,
'2017-09-07 02:24:20.699292','269','6732','4088','2017-09-07 02:24:36.652234','LM1504751060687315488','1',,
'2017-09-07 02:26:04.761251','270','6733','4091','2017-09-20 03:25:42.366398','LM1504751164748986307','1',,
'2017-09-07 02:27:33.103110','271','6738','4093','2017-09-28 08:52:32.542984','LM1504751253093108168','1',,
'2017-09-07 02:27:52.958561','272','6733',\N,'2017-09-07 02:27:52.958611','LM1504751272947915044','0',,
'2017-09-07 02:32:45.091332','273','6742','4095','2017-09-16 13:15:20.502707','LM1504751565079086007','1',,
'2017-09-07 02:37:10.304794','274','6733','4096','2017-09-20 03:25:24.726227','LM1504751830292685077','1',,
'2017-09-07 02:41:01.823275','275','6738','4099','2017-09-07 02:41:08.599713','LM1504752061812973207','1',,
'2017-09-07 02:45:54.284441','276','701',\N,'2017-09-07 02:45:54.284474','LM1504752354274606184','0',,
'2017-09-07 02:45:54.753486','277','224','4105','2017-09-07 02:48:40.513177','LM1504752354741596675','1',,
'2017-09-07 02:46:51.027154','278','6743','4106','2017-09-30 08:23:24.094678','LM1504752411015401084','1',,
'2017-09-07 02:48:36.798736','279','6750',\N,'2017-09-07 02:48:36.798789','LM1504752516786678448','0',,
'2017-09-07 02:51:54.931225','280','4851',\N,'2017-09-07 02:51:54.931273','LM1504752714918548858','0',,
'2017-09-07 02:56:32.707518','281','6738','4109','2017-09-07 02:56:39.321247','LM1504752992695551386','1',,
'2017-09-07 02:57:04.288183','282','6760',\N,'2017-09-07 02:57:04.288231','LM1504753024278144873','0',,
'2017-09-07 02:58:31.929046','283','4851','4112','2017-09-07 02:58:55.110973','LM1504753111918733957','1',,
'2017-09-07 03:02:15.884225','284','6763',\N,'2017-09-07 03:02:15.884271','LM1504753335871977814','0',,
'2017-09-07 03:10:17.552211','285','6773','4118','2017-09-07 03:10:25.111746','LM1504753817539677643','1',,
'2017-09-07 03:14:06.127153','286','6775',\N,'2017-09-07 03:14:06.127216','LM1504754046117013206','0',,
'2017-09-07 03:14:07.735571','287','6795',\N,'2017-09-07 03:14:07.735617','LM1504754047723118372','0',,
'2017-09-07 03:16:11.407509','288','3999',\N,'2017-09-07 03:16:11.407556','LM1504754171395587885','0',,
'2017-09-07 03:18:02.492907','289','6686','4125','2017-09-07 03:18:13.957016','LM1504754282480228898','1',"	17090711180333625942578","	2017-09-07 11:18:12"
'2017-09-07 03:18:28.637717','291','795',\N,'2017-09-07 03:18:28.637763','LM1504754308627496204','0',,
'2017-09-07 03:19:54.121709','292','6686',\N,'2017-09-07 03:19:54.121759','LM1504754394109599994','0',,
'2017-09-07 03:20:33.957484','293','6686',\N,'2017-09-07 03:20:33.957532','LM1504754433945165080','0',,
'2017-09-07 03:24:15.660328','295','6804','4132','2017-09-07 03:24:23.865073','LM1504754655649816974','1',,
'2017-09-07 03:24:47.777698','296','6804','4133','2017-09-07 03:24:54.064475','LM1504754687765450204','1',,
'2017-09-07 03:25:00.845415','297','6804','4134','2017-09-07 03:25:07.644439','LM1504754700833454438','1',,
'2017-09-07 03:26:00.361558','298','6804','4135','2017-09-07 03:26:07.455196','LM1504754760351357179','1',,
'2017-09-07 03:26:21.087769','299','6804','4136','2017-09-07 03:26:27.628382','LM1504754781077447835','1',,
'2017-09-07 03:26:35.247554','300','6804','4137','2017-09-07 03:26:41.364114','LM1504754795235266989','1',,
'2017-09-07 03:27:01.533424','301','3829','4138','2017-09-07 03:27:10.503576','LM1504754821523069570','1',,
'2017-09-07 03:27:20.082769','302','6804','4139','2017-09-07 03:27:25.977583','LM1504754840072781525','1',,
'2017-09-07 03:27:40.111960','303','4984',\N,'2017-09-07 03:27:40.112011','LM1504754860101327647','0',,
'2017-09-07 03:28:15.755388','304','3829','4140','2017-09-07 03:28:21.243197','LM1504754895745332375','1',,
'2017-09-07 03:28:35.733945','305','4970',\N,'2017-09-07 03:28:35.733996','LM1504754915721948827','0',,
'2017-09-07 03:28:38.435002','306','2382','4141','2017-09-08 04:31:44.549695','LM1504754918422979533','1',,
'2017-09-07 03:30:49.358354','307','6806',\N,'2017-09-07 03:30:49.358401','LM1504755049346413575','0',,
'2017-09-07 03:39:16.595462','308','6808',\N,'2017-09-07 03:39:16.595508','LM1504755556583509763','0',,
'2017-09-07 03:48:41.842002','309','6733','4155','2017-09-20 03:25:09.556242','LM1504756121830448634','1',,
'2017-09-07 03:54:22.954133','310','6818',\N,'2017-09-07 03:54:22.954183','LM1504756462942144451','0',,
'2017-09-07 03:54:41.100068','311','6818',\N,'2017-09-07 03:54:41.100112','LM1504756481089651693','0',,
'2017-09-07 03:55:06.719314','312','3196',\N,'2017-09-07 03:55:06.719372','LM1504756506707327398','0',,
'2017-09-07 03:56:55.793654','313','6847',\N,'2017-09-07 03:56:55.793705','LM1504756615785958898','0',,
'2017-09-07 03:57:35.753374','314','6847',\N,'2017-09-07 03:57:35.753420','LM1504756655744664118','0',,
'2017-09-07 03:58:23.203624','315','6818','4158','2017-09-30 13:08:50.420600','LM1504756703191452952','1',,
'2017-09-07 04:04:10.508999','316','331',\N,'2017-09-07 04:04:10.509057','LM1504757050498013176','0',,
'2017-09-07 04:05:12.658180','317','1399','4160','2017-09-08 11:43:50.631869','LM1504757112648011920','1',,
'2017-09-07 04:05:31.054075','318','1399','4161','2017-09-08 11:43:41.339230','LM1504757131041938175','1',,
'2017-09-07 04:09:45.067210','319','6856',\N,'2017-09-07 04:09:45.067274','LM1504757385054921095','0',,
'2017-09-07 04:10:32.786338','320','2248','4163','2017-09-07 04:10:40.423618','LM1504757432774021807','1',,
'2017-09-07 04:13:34.810784','321','1254','4166','2017-09-07 04:13:53.199635','LM1504757614800574732','1',,
'2017-09-07 04:19:49.830853','322','6880',\N,'2017-09-07 04:19:49.830903','LM1504757989818974028','0',,
'2017-09-07 04:20:29.618702','323','6880',\N,'2017-09-07 04:20:29.618754','LM1504758029608605610','0',,
'2017-09-07 04:27:21.815070','324','6884',\N,'2017-09-07 04:27:21.815117','LM1504758441804913417','0',,
'2017-09-07 04:28:03.165988','325','6884',\N,'2017-09-07 04:28:03.166037','LM1504758483153790809','0',,
'2017-09-07 04:28:18.036791','326','2792','4173','2017-09-07 13:57:18.584099','LM1504758498026635288','1',,
'2017-09-07 04:29:23.408540','327','6884',\N,'2017-09-07 04:29:23.408586','LM1504758563396486214','0',,
'2017-09-07 04:34:18.375858','328','6886',\N,'2017-09-07 04:34:18.375910','LM1504758858363432419','0',,
'2017-09-07 04:34:56.556042','329','6886',\N,'2017-09-07 04:34:56.556088','LM1504758896545570658','0',,
'2017-09-07 04:34:56.944569','330','6886',\N,'2017-09-07 04:34:56.944619','LM1504758896932466859','0',,
'2017-09-07 04:35:03.608682','331','6887',\N,'2017-09-07 04:35:03.608731','LM1504758903596616666','0',,
'2017-09-07 04:47:39.762952','332','6508','4181','2017-09-07 12:59:02.092940','LM1504759659750447902','1',,
'2017-09-07 05:03:12.269922','333','6899','4184','2017-09-07 05:03:22.778299','LM1504760592257549746','1',,
'2017-09-07 05:08:37.290305','334','6901',\N,'2017-09-07 05:08:37.290356','LM1504760917280259964','0',,
'2017-09-07 05:12:43.212045','336','6901','4191','2017-09-07 05:12:51.302147','LM1504761163199515141','1',,
'2017-09-07 05:13:04.589010','337','6151',\N,'2017-09-07 05:13:04.589072','LM1504761184578263705','0',,
'2017-09-07 05:13:17.340800','338','6151',\N,'2017-09-07 05:13:17.340851','LM1504761197328459660','0',,
'2017-09-07 05:13:18.304205','339','6151',\N,'2017-09-07 05:13:18.304252','LM1504761198292308916','0',,
'2017-09-07 05:15:21.079878','340','6907',\N,'2017-09-07 05:15:21.079928','LM1504761321069554732','0',,
'2017-09-07 05:16:25.084193','341','6908','4196','2017-09-07 08:14:47.128704','LM1504761385073996676','1',,
'2017-09-07 05:16:57.623562','342','6907','4195','2017-09-07 05:17:08.578865','LM1504761417612839182','1',,
'2017-09-07 05:19:12.584039','344','6901','4200','2017-09-07 05:19:20.578144','LM1504761552574137024','1',,
'2017-09-07 05:26:09.081960','345','6912','4202','2017-09-07 05:26:17.218726','LM1504761969071781575','1',,
'2017-09-07 05:26:46.297218','346','6913','4204','2017-09-07 06:52:33.262588','LM1504762006287913703','1',,
'2017-09-07 05:37:04.299084','347','6928',\N,'2017-09-07 05:37:04.299134','LM1504762624288682820','0',,
'2017-09-07 05:39:24.095454','348','6936',\N,'2017-09-07 05:39:24.095504','LM1504762764083031140','0',,
'2017-09-07 05:40:44.912065','349','6936','4215','2017-09-08 04:00:32.764692','LM1504762844899374476','1',,
'2017-09-07 05:44:30.751871','350','6936','4218','2017-09-08 04:00:19.638429','LM1504763070739869485','1',,
'2017-09-07 05:50:25.900864','351','6920','4222','2017-09-07 05:50:34.399738','LM1504763425890624785','1',,
'2017-09-07 06:15:46.291871','352','6956',\N,'2017-09-07 06:15:46.291923','LM1504764946281345882','0',,
'2017-09-07 06:16:16.658262','353','6961',\N,'2017-09-07 06:16:16.658310','LM1504764976648090742','0',,
'2017-09-07 06:23:20.929923','354','6963',\N,'2017-09-07 06:23:20.929975','LM1504765400917785314','0',,
'2017-09-07 06:31:05.334320','355','6968',\N,'2017-09-07 06:31:05.334371','LM1504765865321354716','0',,
'2017-09-07 06:31:55.035202','356','5293',\N,'2017-09-07 06:31:55.035253','LM1504765915024328279','0',,
'2017-09-07 06:35:22.217927','357','6969',\N,'2017-09-07 06:35:22.217976','LM1504766122205980208','0',,
'2017-09-07 06:35:54.404372','358','6969','4241','2017-09-07 06:36:02.857767','LM1504766154393430314','1',,
'2017-09-07 06:36:25.342500','359','6969',\N,'2017-09-07 06:36:25.342547','LM1504766185330311360','0',,
'2017-09-07 06:37:29.758627','360','6970',\N,'2017-09-07 06:37:29.758672','LM1504766249748409584','0',,
'2017-09-07 06:44:30.393299','361','6971',\N,'2017-09-07 06:44:30.393350','LM1504766670383015770','0',,
'2017-09-07 06:45:42.374906','362','2552','4252','2017-09-30 07:49:15.550818','LM1504766742364437963','1',,
'2017-09-07 06:46:08.799711','363','6597',\N,'2017-09-07 06:46:08.799759','LM1504766768787540087','0',,
'2017-09-07 06:47:07.013601','364','6973',\N,'2017-09-07 06:47:07.013647','LM1504766827003359598','0',,
'2017-09-07 06:58:12.741386','365','6151','4253','2017-09-07 10:10:07.915703','LM1504767492731150699','1',,
'2017-09-07 06:58:57.599251','366','6151',\N,'2017-09-07 06:58:57.599302','LM1504767537588879962','0',,
'2017-09-07 07:25:43.270009','367','6981','4264','2017-09-07 10:06:55.113423','LM1504769143259363898','1',,
'2017-09-07 07:26:06.374497','368','6981','4265','2017-09-07 10:06:50.309649','LM1504769166364358481','1',,
'2017-09-07 07:34:02.828785','369','7000',\N,'2017-09-07 07:34:02.828830','LM1504769642816804129','0',,
'2017-09-07 07:44:02.647041','370','7000','4273','2017-09-07 07:44:27.470452','LM1504770242635112390','1',,
'2017-09-07 07:49:46.276814','371','7003',\N,'2017-09-07 07:49:46.276864','LM1504770586266215112','0',,
'2017-09-07 08:04:19.187323','373','487','4277','2017-09-07 08:04:28.931259','LM1504771459177096735','1',,
'2017-09-07 08:18:17.799966','374','3908',\N,'2017-09-07 08:18:17.800016','LM1504772297787865181','0',,
'2017-09-07 08:40:20.747194','375','6963',\N,'2017-09-07 08:40:20.747241','LM1504773620734821182','0',,
'2017-09-07 08:42:19.313814','376','7033',\N,'2017-09-07 08:42:19.313857','LM1504773739303742471','0',,
'2017-09-07 08:58:29.119513','377','7052','4293','2017-09-07 08:58:37.984734','LM1504774709109428574','1',,
'2017-09-07 09:06:00.016820','378','7057',\N,'2017-09-07 09:06:00.016870','LM1504775160006627123','0',,
'2017-09-07 09:08:13.786007','379','7059',\N,'2017-09-07 09:08:13.786058','LM1504775293774138451','0',,
'2017-09-07 09:24:42.573028','380','7063',\N,'2017-09-07 09:24:42.573078','LM1504776282560430369','0',,
'2017-09-07 09:29:57.054450','381','6028',\N,'2017-09-07 09:29:57.054497','LM1504776597042534608','0',,
'2017-09-07 09:30:53.179718','382','6028',\N,'2017-09-07 09:30:53.179765','LM1504776653167690035','0',,
'2017-09-07 10:37:11.490573','383','210',\N,'2017-09-07 10:37:11.490619','LM1504780631480044485','0',,
'2017-09-07 10:37:12.673974','384','210',\N,'2017-09-07 10:37:12.674023','LM1504780632661978424','0',,
'2017-09-07 10:37:30.450189','385','210',\N,'2017-09-07 10:37:30.450240','LM1504780650438226519','0',,
'2017-09-07 10:58:01.183725','386','7074',\N,'2017-09-07 10:58:01.183774','LM1504781881172943509','0',,
'2017-09-07 11:24:19.506015','387','7088',\N,'2017-09-07 11:24:19.506066','LM1504783459493555736','0',,
'2017-09-07 11:30:11.056878','388','4883',\N,'2017-09-07 11:30:11.056924','LM1504783811044711741','0',,
'2017-09-07 12:37:34.038045','389','856','4347','2017-09-07 12:37:42.837227','LM1504787854027529326','1',,
'2017-09-07 12:44:22.756705','390','6508',\N,'2017-09-07 12:44:22.756752','LM1504788262744745278','0',,
'2017-09-07 12:46:53.712179','391','4707',\N,'2017-09-07 12:46:53.712226','LM1504788413700005881','0',,
'2017-09-07 12:56:23.596702','392','2425',\N,'2017-09-07 12:56:23.596752','LM1504788983586503018','0',,
'2017-09-07 12:57:25.122681','393','2425',\N,'2017-09-07 12:57:25.122731','LM1504789045110721681','0',,
'2017-09-07 13:15:53.422701','394','4832','4361','2017-09-07 13:16:06.603118','LM1504790153412477690','1',,
'2017-09-07 14:52:31.117187','395','7109',\N,'2017-09-07 14:52:31.117228','LM1504795951105164875','0',,
'2017-09-07 14:54:19.699783','396','7109',\N,'2017-09-07 14:54:19.699828','LM1504796059689675247','0',"	17090722544811073114734","	2017-09-07 22:54:56"
'2017-09-07 14:55:19.470879','398','186',\N,'2017-09-07 14:55:19.470924','LM1504796119460755928','0',,
'2017-09-07 14:55:26.956049','399','7109',\N,'2017-09-07 14:55:26.956096','LM1504796126944126646','0',,
'2017-09-07 14:56:04.902547','400','7109','4386','2017-09-07 14:56:10.349342','LM1504796164890184964','1',,
'2017-09-07 14:56:26.892664','401','7109','4387','2017-09-07 14:56:35.567965','LM1504796186881505226','1',,
'2017-09-07 14:56:51.266970','402','7109',\N,'2017-09-07 14:56:51.267021','LM1504796211254714921','0',,
'2017-09-07 14:57:32.840285','403','2466',\N,'2017-09-07 14:57:32.840336','LM1504796252827778351','0',,
'2017-09-07 15:13:53.384182','404','210',\N,'2017-09-07 15:13:53.384229','LM1504797233371974200','0',,
'2017-09-08 02:44:09.827350','405','2382','4436','2017-09-08 04:31:16.147407','LM1504838649815361917','1',,
'2017-09-08 02:44:21.916641','406','186',\N,'2017-09-08 02:44:21.916689','LM1504838661905152039','0',,
'2017-09-08 02:44:26.399938','407','210',\N,'2017-09-08 02:44:26.399990','LM1504838666389396427','0',,
'2017-09-08 02:44:40.399769','408','186',\N,'2017-09-08 02:44:40.399818','LM1504838680387882549','0',,
'2017-09-08 02:51:56.762037','409','186',\N,'2017-09-08 02:51:56.762085','LM1504839116747991423','0',,
'2017-09-08 02:59:09.997730','410','5293',\N,'2017-09-08 02:59:09.997782','LM1504839549985632592','0',,
'2017-09-08 03:06:54.181143','411','224',\N,'2017-09-08 03:06:54.181201','LM1504840014168651307','0',,
'2017-09-08 03:18:15.423821','412','5293','4459','2017-09-08 03:18:23.738319','LM1504840695411441173','1',,
'2017-09-08 03:19:13.575976','413','289','4461','2017-09-08 04:40:30.487363','LM1504840753565638983','1',,
'2017-09-08 03:27:03.474061','414','3186',\N,'2017-09-08 03:27:03.474110','LM1504841223463817847','0',,
'2017-09-08 03:28:34.385072','415','6592','4470','2017-09-08 05:02:40.735450','LM1504841314372990133','1',,
'2017-09-08 03:39:26.562776','416','7199',\N,'2017-09-08 03:39:26.562827','LM1504841966552404549','0',,
'2017-09-08 03:42:45.978217','417','4964',\N,'2017-09-08 03:42:45.978267','LM1504842165967990811','0',,
'2017-09-08 03:43:42.576025','418','7244',\N,'2017-09-08 03:43:42.576074','LM1504842222565826614','0',,
'2017-09-08 03:44:06.139567','419','7244',\N,'2017-09-08 03:44:06.139613','LM1504842246127676276','0',,
'2017-09-08 03:45:03.743506','421','7243',\N,'2017-09-08 03:45:03.743549','LM1504842303733451342','0',"	17090811450087224923940","	2017-09-08 11:45:21"
'2017-09-08 03:45:40.897215','422','7244',\N,'2017-09-08 03:45:40.897263','LM1504842340885075371','0',,
'2017-09-08 03:47:55.858378','423','4963',\N,'2017-09-08 03:47:55.858425','LM1504842475846903358','0',,
'2017-09-08 03:48:05.334052','424','839','4490','2017-09-08 04:02:06.560603','LM1504842485322088091','1',,
'2017-09-08 03:48:30.783630','425','619',\N,'2017-09-08 03:48:30.783680','LM1504842510771615280','0',,
'2017-09-08 03:49:27.006725','426','1100',\N,'2017-09-08 03:49:27.006775','LM1504842566994832349','0',,
'2017-09-08 03:49:42.708595','427','7244',\N,'2017-09-08 03:49:42.708641','LM1504842582697928283','0',,
'2017-09-08 03:49:53.815183','428','7244','4492','2017-09-08 03:50:16.299442','LM1504842593805185718','1',,
'2017-09-08 03:50:53.046424','429','1100',\N,'2017-09-08 03:50:53.046474','LM1504842653034223645','0',,
'2017-09-08 03:55:47.114917','430','4963','4496','2017-09-08 03:55:55.868580','LM1504842947104968840','1',,
'2017-09-08 04:01:10.575962','431','7258',\N,'2017-09-08 04:01:10.576008','LM1504843270563662701','0',,
'2017-09-08 04:04:43.977054','432','7259',\N,'2017-09-08 04:04:43.977103','LM1504843483964971818','0',,
'2017-09-08 04:06:56.802204','433','7258',\N,'2017-09-08 04:06:56.802252','LM1504843616789794502','0',,
'2017-09-08 04:08:32.138031','434','7258','4520','2017-09-08 04:08:39.821574','LM1504843712125895908','1',,
'2017-09-08 04:11:59.572742','435','7266',\N,'2017-09-08 04:11:59.572789','LM1504843919562443384','0',,
'2017-09-08 04:12:19.038067','436','7266','4527','2017-09-08 04:12:27.987345','LM1504843939026143292','1',,
'2017-09-08 04:12:50.881906','437','7277','4531','2017-09-08 04:13:07.708629','LM1504843970869998871','1',,
'2017-09-08 04:13:09.740203','438','7266','4532','2017-09-08 04:13:26.499693','LM1504843989728256760','1',,
'2017-09-08 04:13:34.687819','439','7277',\N,'2017-09-08 04:13:34.687871','LM1504844014675741573','0',,
'2017-09-08 04:16:47.597172','440','7266','4534','2017-09-08 04:16:56.118435','LM1504844207585361623','1',,
'2017-09-08 04:17:15.557267','441','7266','4535','2017-09-08 04:17:24.695951','LM1504844235545427127','1',,
'2017-09-08 04:17:54.398804','442','7277','4536','2017-09-08 04:18:05.869367','LM1504844274386649038','1',,
'2017-09-08 04:17:58.714826','443','4982',\N,'2017-09-08 04:17:58.714876','LM1504844278702930771','0',,
'2017-09-08 04:20:05.566030','444','4982',\N,'2017-09-08 04:20:05.566077','LM1504844405554085459','0',,
'2017-09-08 04:23:16.787702','445','7281','4538','2017-09-08 04:23:25.667342','LM1504844596777017265','1',,
'2017-09-08 04:23:40.953830','446','7281','4539','2017-09-08 04:23:47.258754','LM1504844620941893187','1',,
'2017-09-08 04:26:06.665731','447','5029',\N,'2017-09-08 04:26:06.665777','LM1504844766653780987','0',,
'2017-09-08 04:26:22.350513','448','7284',\N,'2017-09-08 04:26:22.350559','LM1504844782338220745','0',,
'2017-09-08 04:27:56.380441','449','1767','4544','2017-09-08 05:08:11.690088','LM1504844876370328065','1',,
'2017-09-08 04:28:06.052786','450','6013',\N,'2017-09-08 04:28:06.052830','LM1504844886042268860','0',,
'2017-09-08 04:29:57.749268','451','2098','4547','2017-09-08 11:44:16.729593','LM1504844997737362930','1',,
'2017-09-08 04:29:59.950741','452','2098',\N,'2017-09-08 04:29:59.950789','LM1504844999940579378','0',,
'2017-09-08 04:30:43.901525','453','2098','4549','2017-09-08 11:44:04.439091','LM1504845043889429129','1',,
'2017-09-08 04:31:26.229792','454','7292','4551','2017-09-08 04:31:42.648840','LM1504845086217709905','1',,
'2017-09-08 04:32:17.458989','455','2382','4553','2017-09-08 04:32:26.867523','LM1504845137446957443','1',,
'2017-09-08 04:32:57.177396','456','7292','4557','2017-09-08 04:33:07.878729','LM1504845177167624124','1',,
'2017-09-08 04:33:11.354795','457','7284',\N,'2017-09-08 04:33:11.354846','LM1504845191343186722','0',,
'2017-09-08 04:34:18.056024','458','7292','4559','2017-09-08 04:34:27.582015','LM1504845258045915221','1',,
'2017-09-08 04:34:21.833788','459','7294',\N,'2017-09-08 04:34:21.833840','LM1504845261821794839','0',,
'2017-09-08 04:34:30.988329','460','7294','4560','2017-09-08 04:34:45.298634','LM1504845270978440535','1',,
'2017-09-08 04:34:48.194840','461','7294','4561','2017-09-08 04:35:13.156703','LM1504845288183026268','1',,
'2017-09-08 04:39:15.459216','462','7301',\N,'2017-09-08 04:39:15.459263','LM1504845555446757457','0',"	17090812391580916178099","	2017-09-08 12:39:32"
'2017-09-08 04:41:23.266515','464','7301','4568','2017-09-08 04:41:34.792095','LM1504845683254587054','1',"	17090812415173320225431","	2017-09-08 12:42:00"
'2017-09-08 04:43:44.035123','466','7284','4575','2017-09-08 04:43:50.930161','LM1504845824022362502','1',,
'2017-09-08 04:51:17.100188','467','551',\N,'2017-09-08 04:51:17.100236','LM1504846277088237572','0',,
'2017-09-08 04:52:35.671272','468','7264','4592','2017-09-08 04:52:43.576556','LM1504846355659348391','1',,
'2017-09-08 04:53:02.798451','469','7314',\N,'2017-09-08 04:53:02.798497','LM1504846382788339051','0',,
'2017-09-08 04:56:04.008781','470','7315','4599','2017-09-08 04:56:12.590955','LM1504846563996725433','1',,
'2017-09-08 04:57:17.160874','471','819','4600','2017-09-08 04:57:26.695359','LM1504846637150569518','1',,
'2017-09-08 04:58:02.359402','472','819',\N,'2017-09-08 04:58:02.359448','LM1504846682349187535','0',,
'2017-09-08 04:58:15.900659','473','819',\N,'2017-09-08 04:58:15.900706','LM1504846695890246210','0',,
'2017-09-08 04:58:59.801228','474','7321','4605','2017-09-08 04:59:08.093766','LM1504846739791137896','1',,
'2017-09-08 05:01:07.500152','475','5029','4613','2017-09-08 05:01:15.994023','LM1504846867488022351','1',,
'2017-09-08 05:02:08.073826','476','4018',\N,'2017-09-08 05:02:08.073874','LM1504846928061848316','0',,
'2017-09-08 05:02:51.298361','477','7321','4615','2017-09-08 05:02:56.381533','LM1504846971286297085','1',,
'2017-09-08 05:04:28.251114','478','7325','4618','2017-09-08 05:04:35.055553','LM1504847068241122028','1',,
'2017-09-08 05:07:51.583421','479','6971','4622','2017-09-08 05:08:01.789938','LM1504847271572609798','1',,
'2017-09-08 05:12:09.907727','480','6971',\N,'2017-09-08 05:12:09.907777','LM1504847529895413603','0',"	17090813122622390232293","	2017-09-08 13:12:43"
'2017-09-08 05:14:20.526552','482','5390','4639','2017-09-08 05:14:33.484450','LM1504847660514434592','1',,
'2017-09-08 05:17:54.609917','483','4018',\N,'2017-09-08 05:17:54.609966','LM1504847874599765831','0',,
'2017-09-08 05:18:51.292333','484','4018','4644','2017-09-08 05:19:32.429533','LM1504847931282234807','1',,
'2017-09-08 05:19:52.896008','485','4018','4645','2017-09-08 05:20:07.755687','LM1504847992883948369','1',,
'2017-09-08 05:27:08.371676','486','7346',\N,'2017-09-08 05:27:08.371710','LM1504848428360644738','0',,
'2017-09-08 05:27:57.327046','487','7349',\N,'2017-09-08 05:27:57.327092','LM1504848477316880082','0',,
'2017-09-08 05:28:37.478790','488','7349','4655','2017-09-08 05:29:08.583473','LM1504848517466753448','1',,
'2017-09-08 05:29:19.584022','489','7349','4656','2017-09-08 05:29:26.349834','LM1504848559572033696','1',,
'2017-09-08 05:31:41.896792','490','7354','4658','2017-09-08 05:32:08.404356','LM1504848701886315728','1',,
'2017-09-08 05:33:31.704892','491','6450',\N,'2017-09-08 05:33:31.704943','LM1504848811692897863','0',,
'2017-09-08 05:35:01.575203','492','7358','4664','2017-09-08 05:35:09.563724','LM1504848901564402629','1',,
'2017-09-08 05:36:58.830459','493','7315','4665','2017-09-08 05:37:08.185100','LM1504849018818434907','1',,
'2017-09-08 05:38:46.496735','494','5712','4666','2017-09-08 05:38:54.670357','LM1504849126484441618','1',"	17090813404561108917996","	2017-09-08 13:41:19"
'2017-09-08 06:04:44.243359','496','4982','4680','2017-09-08 06:04:52.303132','LM1504850684233142185','1',,
'2017-09-08 06:05:04.876203','497','4982','4682','2017-09-08 06:05:13.124639','LM1504850704863836398','1',,
'2017-09-08 06:16:24.550785','498','5293','4688','2017-09-08 06:16:34.178038','LM1504851384538610297','1',,
'2017-09-08 06:17:57.299498','499','7394',\N,'2017-09-08 06:17:57.299548','LM1504851477286961268','0',,
'2017-09-08 06:31:02.195069','500','3171','4689','2017-09-08 06:31:09.438092','LM1504852262182933248','1',,
'2017-09-08 06:35:00.148550','501','7415','4694','2017-09-08 06:35:16.275961','LM1504852500135882154','1',,
'2017-09-08 06:35:42.883498','502','2827',\N,'2017-09-08 06:35:42.883549','LM1504852542870942185','0',,
'2017-09-08 06:35:48.245749','503','7415','4696','2017-09-08 06:35:56.884594','LM1504852548233594360','1',,
'2017-09-08 06:37:12.956036','504','2827','4697','2017-09-08 06:37:22.553570','LM1504852632945745911','1',,
'2017-09-08 06:38:52.659649','505','1289','4698','2017-09-08 06:39:00.364583','LM1504852732647771159','1',,
'2017-09-08 06:49:50.728036','506','7300',\N,'2017-09-08 06:49:50.728086','LM1504853390715416025','0',,
'2017-09-08 06:49:50.736050','507','7300',\N,'2017-09-08 06:49:50.736094','LM1504853390724180697','0',,
'2017-09-08 06:50:27.721162','508','7427','4699','2017-09-08 06:50:36.173508','LM1504853427710756042','1',,
'2017-09-08 06:50:36.987842','509','7426',\N,'2017-09-08 06:50:36.987888','LM1504853436975696565','0',,
'2017-09-08 06:51:24.935256','510','7429','4700','2017-09-08 06:51:46.836193','LM1504853484925158360','1',"	17090814513774705573761","	2017-09-08 14:51:55"
'2017-09-08 06:51:25.051390','511','7429',\N,'2017-09-08 06:51:25.051441','LM1504853485041130042','0',,
'2017-09-08 06:52:10.827076','513','7428',\N,'2017-09-08 06:52:10.827122','LM1504853530815198273','0',"	17090814543505869919263","	2017-09-08 14:54:41"
'2017-09-08 07:00:56.349677','515','7286',\N,'2017-09-08 07:00:56.349721','LM1504854056339677881','0',,
'2017-09-08 07:21:20.959991','516','7468',\N,'2017-09-08 07:21:20.960040','LM1504855280949491696','0',,
'2017-09-08 07:27:40.983530','517','7471','4711','2017-10-10 06:32:57.484101','LM1504855660971031499','1',,
'2017-09-08 07:28:07.233746','518','7471',\N,'2017-09-08 07:28:07.233796','LM1504855687223151183','0',,
'2017-09-08 07:38:15.268633','520','7088',\N,'2017-09-08 07:38:15.268691','LM1504856295256710737','0',,
'2017-09-08 08:16:49.845675','521','961',\N,'2017-09-08 08:16:49.845724','LM1504858609833789019','0',,
'2017-09-08 09:04:31.979776','522','7159',\N,'2017-09-08 09:04:31.979825','LM1504861471969715490','0',,
'2017-09-08 09:10:32.723147','523','5986','4735','2017-09-26 08:23:39.196223','LM1504861832712285189','1',,
'2017-09-08 09:15:49.277692','524','7259',\N,'2017-09-08 09:15:49.277736','LM1504862149265614160','0',,
'2017-09-08 09:18:48.646448','525','7159',\N,'2017-09-08 09:18:48.646497','LM1504862328634407410','0',,
'2017-09-08 09:21:39.964400','526','7566',\N,'2017-09-08 09:21:39.964450','LM1504862499954270937','0',,
'2017-09-08 09:32:35.141017','527','7576',\N,'2017-09-08 09:32:35.141067','LM1504863155130347893','0',,
'2017-09-08 09:32:46.340657','528','7576','4738','2017-09-08 09:32:54.077057','LM1504863166328611270','1',,
'2017-09-08 09:33:03.628127','529','7576','4739','2017-09-08 09:33:10.945981','LM1504863183615615112','1',,
'2017-09-08 09:53:18.755283','530','7069','4744','2017-09-08 09:53:39.854172','LM1504864398742804359','1',"	17090817544196303860391","	2017-09-08 17:54:48"
'2017-09-08 09:55:09.220766','532','7490',\N,'2017-09-08 09:55:09.220815','LM1504864509210138529','0',,
'2017-09-08 10:00:40.332475','533','7591',\N,'2017-09-08 10:00:40.332512','LM1504864840322526520','0',,
'2017-09-08 10:01:37.107490','534','7591',\N,'2017-09-08 10:01:37.107533','LM1504864897095560829','0',,
'2017-09-08 10:07:05.014684','535','7594',\N,'2017-09-08 10:07:05.014734','LM1504865225004261632','0',,
'2017-09-08 10:08:18.930331','536','7594','4747','2017-09-08 10:08:26.596581','LM1504865298920074418','1',,
'2017-09-08 10:09:05.820210','537','7594','4748','2017-09-08 10:09:13.877629','LM1504865345808277128','1',,
'2017-09-08 10:10:26.475762','538','7490','4749','2017-09-08 10:10:36.011431','LM1504865426463834375','1',,
'2017-09-08 10:10:50.073532','539','7490','4750','2017-09-08 10:10:57.247420','LM1504865450061359165','1',,
'2017-09-08 10:16:09.569619','540','7069','4751','2017-09-08 10:16:18.723377','LM1504865769558528053','1',,
'2017-09-08 10:16:39.204115','541','7069','4752','2017-09-08 10:16:45.777255','LM1504865799191939098','1',,
'2017-09-08 10:17:30.161182','542','534','4754','2017-09-08 10:17:41.032490','LM1504865850148879261','1',,
'2017-09-08 10:20:58.278643','543','7190','4757','2017-09-08 10:21:41.700399','LM1504866058268170350','1',,
'2017-09-08 10:22:38.401286','544','7190','4758','2017-09-08 10:22:45.789531','LM1504866158389270134','1',,
'2017-09-08 10:22:58.050449','545','7611',\N,'2017-09-08 10:22:58.050493','LM1504866178040342811','0',,
'2017-09-08 10:24:19.768204','546','7619',\N,'2017-09-08 10:24:19.768265','LM1504866259756191458','0',,
'2017-09-08 10:25:31.748852','547','7569','4759','2017-09-08 10:25:47.782427','LM1504866331738195015','1',,
'2017-09-08 10:25:31.778356','548','7602',\N,'2017-09-08 10:25:31.778405','LM1504866331768256608','0',,
'2017-09-08 10:26:07.543019','549','7569','4764','2017-09-08 10:26:16.744058','LM1504866367532735509','1',,
'2017-09-08 10:26:46.545970','550','7619',\N,'2017-09-08 10:26:46.546028','LM1504866406534052959','0',,
'2017-09-08 10:28:21.949587','551','7621','4765','2017-09-08 10:28:35.345856','LM1504866501937546629','1',,
'2017-09-08 10:28:51.617868','552','7621','4766','2017-09-08 10:28:59.603611','LM1504866531605728403','1',,
'2017-09-08 10:29:20.393763','553','7621','4767','2017-09-08 10:29:27.885255','LM1504866560381479465','1',,
'2017-09-08 10:32:51.348062','554','2466','4768','2017-09-08 10:32:59.216192','LM1504866771337908612','1',,
'2017-09-08 10:35:13.971478','555','736',\N,'2017-09-08 10:35:13.971524','LM1504866913959529509','0',"	17090818364858595853590","	2017-09-08 18:36:55"
'2017-09-08 10:36:31.967550','556','7471','4770','2017-09-08 10:36:42.581869','LM1504866991955648950','1',,
'2017-09-08 10:37:12.347689','558','7471','4772','2017-09-08 10:37:19.759847','LM1504867032337347727','1',,
'2017-09-08 10:37:28.290498','559','7471','4773','2017-09-08 10:37:34.908056','LM1504867048278630004','1',,
'2017-09-08 10:38:04.305026','560','7631','4775','2017-09-08 10:38:11.637953','LM1504867084293364438','1',,
'2017-09-08 10:38:15.378084','561','736','4776','2017-09-08 10:38:28.811394','LM1504867095367885348','1',,
'2017-09-08 10:38:34.614870','562','1034','4778','2017-09-08 10:38:42.323767','LM1504867114602814401','1',,
'2017-09-08 10:41:28.605242','563','7591','4779','2017-09-08 10:41:36.925207','LM1504867288594249076','1',,
'2017-09-08 10:41:45.299847','564','7591','4780','2017-09-08 10:41:52.262137','LM1504867305287539835','1',,
'2017-09-08 10:43:57.374978','565','736','4781','2017-09-08 10:44:11.475503','LM1504867437363029426','1',,
'2017-09-08 10:49:40.422998','566','7634',\N,'2017-09-08 10:49:40.423047','LM1504867780411134046','0',"	17090819064951786777524","	2017-09-08 19:06:56"
'2017-09-08 11:07:14.324541','568','6450','4785','2017-09-08 15:31:59.049518','LM1504868834314450501','1',,
'2017-09-08 11:08:12.551886','569','6450','4786','2017-09-08 14:26:22.192677','LM1504868892541745121','1',,
'2017-09-08 11:14:45.884057','570','7645',\N,'2017-09-08 11:14:45.884104','LM1504869285871541254','0',,
'2017-09-08 11:15:07.195641','571','7645','4788','2017-09-08 11:15:39.055668','LM1504869307183592420','1',,
'2017-09-08 11:18:27.119330','572','7650',\N,'2017-09-08 11:18:27.119377','LM1504869507107041854','0',,
'2017-09-08 11:18:52.742240','573','7611','4789','2017-09-08 11:19:05.053206','LM1504869532731995652','1',,
'2017-09-08 11:19:20.519255','574','7611','4790','2017-09-08 11:19:28.210366','LM1504869560507136668','1',,
'2017-09-08 11:25:29.705632','575','5307','4792','2017-09-08 11:25:40.618487','LM1504869929693543608','1',,
'2017-09-08 11:26:36.896885','576','5307','4793','2017-09-08 11:26:47.492364','LM1504869996887605637','1',,
'2017-09-08 11:28:02.187957','577','7471','4794','2017-10-10 06:33:48.744167','LM1504870082177981247','1',,
'2017-09-08 11:39:59.705233','578','7659','4795','2017-09-08 11:40:15.998901','LM1504870799693293584','1',,
'2017-09-08 11:40:37.064596','579','7659','4796','2017-09-08 11:40:49.824564','LM1504870837054349236','1',,
'2017-09-08 11:41:03.895622','580','7659','4797','2017-09-08 11:41:13.303954','LM1504870863883638304','1',,
'2017-09-08 11:55:43.959331','581','6151','4798','2017-09-08 13:47:18.311724','LM1504871743947292138','1',,
'2017-09-08 11:56:17.579352','582','6151','4799','2017-09-08 13:47:00.304760','LM1504871777569236867','1',,
'2017-09-08 11:56:44.888029','583','6151','4800','2017-09-08 13:46:46.093817','LM1504871804876131009','1',,
'2017-09-08 11:57:24.947328','584','6151','4801','2017-09-08 13:46:31.193664','LM1504871844937171673','1',,
'2017-09-08 12:13:23.640796','585','7677','4811','2017-09-08 12:33:51.924787','LM1504872803628671767','1',,
'2017-09-08 12:16:05.110244','586','7681','4807','2017-09-08 12:17:07.413403','LM1504872965098234250','1',,
'2017-09-08 12:17:23.850990','587','7681','4809','2017-09-08 12:17:32.447185','LM1504873043839064491','1',,
'2017-09-08 12:17:40.335218','588','7681','4810','2017-09-08 12:17:49.188526','LM1504873060323164564','1',,
'2017-09-08 12:18:05.035597','589','7681',\N,'2017-09-08 12:18:05.035643','LM1504873085025888008','0',,
'2017-09-08 12:34:06.436993','590','7677','4812','2017-09-08 12:34:14.232679','LM1504874046426754839','1',,
'2017-09-08 12:34:26.214324','591','7677','4813','2017-09-08 12:34:33.957331','LM1504874066202424641','1',,
'2017-09-08 12:34:49.499125','592','7677','4814','2017-09-08 12:34:57.311233','LM1504874089489124601','1',,
'2017-09-08 12:35:03.350308','593','7677','4815','2017-09-08 12:35:10.372812','LM1504874103338325445','1',,
'2017-09-08 12:35:20.226355','594','7677','4816','2017-09-08 12:35:27.413024','LM1504874120216208514','1',,
'2017-09-08 12:35:53.937596','595','7677','4817','2017-09-08 12:36:02.968642','LM1504874153925487688','1',,
'2017-09-08 12:36:19.802930','596','7677','4818','2017-09-08 12:36:29.630035','LM1504874179792872475','1',,
'2017-09-08 12:36:37.232748','597','7677',\N,'2017-09-08 12:36:37.232799','LM1504874197220518983','0',"	17090820363751762036724","	2017-09-08 20:36:44"
'2017-09-08 12:37:57.050089','598','7677','4820','2017-09-08 12:38:05.304580','LM1504874277040164541','1',,
'2017-09-08 12:38:17.923731','599','7677','4821','2017-09-08 12:38:24.932372','LM1504874297911702543','1',,
'2017-09-08 13:12:54.044363','600','7762',\N,'2017-09-08 13:12:54.044423','LM1504876374034211348','0',,
'2017-09-08 13:12:54.092604','601','7762',\N,'2017-09-08 13:12:54.092650','LM1504876374082148575','0',,
'2017-09-08 13:12:54.977711','602','7762','4866','2017-09-08 13:13:06.744864','LM1504876374965497025','1',,
'2017-09-08 14:38:07.891647','603','6450',\N,'2017-09-08 14:38:07.891691','LM1504881487881410003','0',,
'2017-09-08 14:45:18.209135','604','6733','4903','2017-09-08 14:45:27.791389','LM1504881918196678221','1',,
'2017-09-08 15:50:52.547483','605','7471',\N,'2017-09-08 15:50:52.547534','LM1504885852537322441','0',,
'2017-09-11 23:11:14.662959','606','4589',\N,'2017-09-11 23:11:14.663010','LM1505171474651049478','0',,
'2017-09-12 00:03:17.000566','607','186',\N,'2017-09-12 00:03:17.000616','LM1505174596988662554','0',,
'2017-09-12 04:42:05.890232','608','9376','6231','2017-10-16 05:31:21.133184','LM1505191325878148588','1',,
'2017-09-12 04:43:27.035403','609','9376',\N,'2017-09-12 04:43:27.035449','LM1505191407023412786','0',,
'2017-09-12 04:46:13.969754','610','9376','6232','2017-10-16 05:31:09.362597','LM1505191573959493088','1',,
'2017-09-12 07:11:11.942870','611','9391',\N,'2017-09-12 07:11:11.942921','LM1505200271930261012','0',,
'2017-09-12 07:20:39.927150','612','6199','6254','2017-09-12 07:21:35.441800','LM1505200839915279870','1',,
'2017-09-12 07:23:50.735890','613','9391',\N,'2017-09-12 07:23:50.735938','LM1505201030723482520','0',,
