'3094','261','LM1504190242803105849','2017-08-30 16:00:00.000000',,
'3170','540','LM1504251674382856360','2017-08-31 16:00:00.000000',,
'3107','364','LM1504236351870480819','2017-09-01 03:26:06.058288',,
'3147','3797','LM1504246943370149002','2017-09-01 06:22:37.117750',,
'3175','5240','LM1504252741354746339','2017-09-01 07:59:09.745319',,
'3363','4095','LM1504359727730133224','2017-09-01 16:00:00.000000',,
'3401','5440','LM1504418262096136394','2017-09-03 05:58:02.715837',,
'3505','2351','LM1504500941150079198','2017-09-04 04:55:49.399694',,
'3509','5546','LM1504501808522261794','2017-09-04 05:10:18.347361',,
'3510','693','LM1504501888173333362','2017-09-04 05:11:39.540021',,
'3606','1079','LM1504525825102434103','2017-09-04 11:50:39.570890',,
'3643','3962','LM1504528265357639846','2017-09-04 12:31:15.140348',,
'3645','3962','LM1504528311853449363','2017-09-04 12:31:59.243734',,
'3656','1050','LM1504529116142625884','2017-09-04 12:45:40.361875',,
'3694','1274','LM1504533930254393887','2017-09-04 14:05:41.586245',,
'3738','5848','LM1504580264328018851','2017-09-04 16:00:00.000000',,
'3739','5848','LM1504580264328018851','2017-09-04 16:00:00.000000',,
'3786','5907','LM1504591969157008345','2017-09-04 16:00:00.000000',,
'3790','5907','LM1504592027361862417','2017-09-04 16:00:00.000000',,
'3818','4122','LM1504599808537300109','2017-09-05 08:23:41.295354',,
'3857','5869','LM1504609818187384365','2017-09-05 11:11:20.137682',,
'3886','5980','LM1504618853227820090','2017-09-05 13:41:05.263521',,
3893','5992','LM1504623267904679389','2017-09-05 14:54:36.259472',"	17090522542834931069956","	2017-09-05 22:54:35"
'3895','5992','LM1504623284298981733','2017-09-05 14:54:52.456285',,
'3902','5248','LM1504661004580621508','2017-09-05 16:00:00.000000',,
'3903','5248','LM1504661021180472632','2017-09-05 16:00:00.000000',,
'3919','1480','LM1504669772390827954','2017-09-05 16:00:00.000000',,
'3964','6062','LM1504681984390083371','2017-09-05 16:00:00.000000',,
'3965','6062','LM1504682048462278502','2017-09-05 16:00:00.000000',,
'3909','6012','LM1504665095321026281','2017-09-06 02:31:47.815605',,
'3985','5856','LM1504685722542982968','2017-09-06 08:15:52.781151',,
'3986','5856','LM1504685783364752917','2017-09-06 08:16:29.793803',,
'4385','6489','LM1504796087983103972','2017-09-06 16:00:00.000000',,
'4387','6489','LM1504796186881505226','2017-09-06 16:00:00.000000',,
'4126','990','LM1504754283130466305','2017-09-07 03:18:13.038236',"	17090711180333625942578","	2017-09-07 11:18:12"
'4138','4201','LM1504754821523069570','2017-09-07 03:27:10.462279',,
'4160','1574','LM1504757112648011920','2017-09-07 04:05:23.677821',,
'4161','1574','LM1504757131041938175','2017-09-07 04:05:37.382135',,
'4173','3166','LM1504758498026635288','2017-09-07 04:28:27.408859',,
'4218','6327','LM1504763070739869485','2017-09-07 05:44:39.561029',,
'4253','5869','LM1504767492731150699','2017-09-07 06:58:25.358979',,
'4264','6364','LM1504769143259363898','2017-09-07 07:25:52.805211',,
'4265','6364','LM1504769166364358481','2017-09-07 07:26:11.951992',,
'4347','1050','LM1504787854027529326','2017-09-07 12:37:42.795192',,
'4436','360','LM1504838649815361917','2017-09-07 16:00:00.000000',,
'4461','492','LM1504840753565638983','2017-09-07 16:00:00.000000',,
'4605','6633','LM1504846739791137896','2017-09-07 16:00:00.000000',,
'4613','3876','LM1504846867488022351','2017-09-07 16:00:00.000000',,
'4615','6633','LM1504846971286297085','2017-09-07 16:00:00.000000',,
'4680','5084','LM1504850684233142185','2017-09-07 16:00:00.000000',,
'4682','5084','LM1504850704863836398','2017-09-07 16:00:00.000000',,
'4754','728','LM1504865850148879261','2017-09-07 16:00:00.000000',,
'4770','6731','LM1504866991955648950','2017-09-07 16:00:00.000000',,
'4771','6731','LM1504867008429828451','2017-09-07 16:00:00.000000',"	17090722544811073114734","	2017-09-07 22:54:56"
'4772','6731','LM1504867032337347727','2017-09-07 16:00:00.000000',,
'4773','6731','LM1504867048278630004','2017-09-07 16:00:00.000000',,
'4458','5259','LM1504840695411441173','2017-09-08 03:18:23.696529',,
'4459','5259','LM1504840695411441173','2017-09-08 03:18:23.696595',,
'4470','6073','LM1504841314372990133','2017-09-08 03:28:46.206120',,
'4486','6578','LM1504842300619857346','2017-09-08 03:45:22.781592',"	17090811450087224923940","	2017-09-08 11:45:21"
'4490','1033','LM1504842485322088091','2017-09-08 03:48:15.243155',,
'4492','6578','LM1504842593805185718','2017-09-08 03:50:16.258450',,
'4496','5071','LM1504842947104968840','2017-09-08 03:55:55.826661',,
'4520','6551','LM1504843712125895908','2017-09-08 04:08:39.780337',,
'4527','6589','LM1504843939026143292','2017-09-08 04:12:27.945741',,
'4531','6592','LM1504843970869998871','2017-09-08 04:13:07.667453',,
'4532','6589','LM1504843989728256760','2017-09-08 04:13:26.458550',,
'4534','6589','LM1504844207585361623','2017-09-08 04:16:56.077409',,
'4535','6589','LM1504844235545427127','2017-09-08 04:17:24.654418',,
'4536','6592','LM1504844274386649038','2017-09-08 04:18:05.828521',,
'4538','6599','LM1504844596777017265','2017-09-08 04:23:25.625970',,
'4539','6599','LM1504844620941893187','2017-09-08 04:23:47.217374',,
'4544','1939','LM1504844876370328065','2017-09-08 04:28:08.109778',,
'4547','2268','LM1504844997737362930','2017-09-08 04:30:10.557145',,
'4549','2268','LM1504845043889429129','2017-09-08 04:30:52.456793',,
'4551','6608','LM1504845086217709905','2017-09-08 04:31:42.606905',,
'4557','6608','LM1504845177167624124','2017-09-08 04:33:07.838828',,
'4559','6608','LM1504845258045915221','2017-09-08 04:34:27.541162',,
'4560','6610','LM1504845270978440535','2017-09-08 04:34:45.257159',,
'4561','6610','LM1504845288183026268','2017-09-08 04:35:13.114808',,
'4565','6615','LM1504845555457509146','2017-09-08 04:39:33.083409',"	17090812391580916178099","	2017-09-08 12:39:32"
'4568','6615','LM1504845683254587054','2017-09-08 04:41:34.750435',,
'4570','6615','LM1504845711499592792','2017-09-08 04:42:01.382172',"	17090812415173320225431","	2017-09-08 12:42:00"
'4592','6587','LM1504846355659348391','2017-09-08 04:52:43.536306',,
'4599','6628','LM1504846563996725433','2017-09-08 04:56:12.549440',,
'4600','1013','LM1504846637150569518','2017-09-08 04:57:26.107422',,
'4618','6638','LM1504847068241122028','2017-09-08 05:04:35.014230',,
'4622','6290','LM1504847271572609798','2017-09-08 05:08:01.747606',,
'4636','6290','LM1504847546013936622','2017-09-08 05:12:44.142930',"	17090813122622390232293","	2017-09-08 13:12:43"
'4639','5349','LM1504847660514434592','2017-09-08 05:14:33.443320',,
'4644','4369','LM1504847931282234807','2017-09-08 05:19:32.390080',,
'4645','4369','LM1504847992883948369','2017-09-08 05:20:07.715983',,
'4655','6651','LM1504848517466753448','2017-09-08 05:29:08.541318',,
'4656','6651','LM1504848559572033696','2017-09-08 05:29:26.307610',,
'4658','6653','LM1504848701886315728','2017-09-08 05:32:08.363803',,
'4664','6655','LM1504848901564402629','2017-09-08 05:35:09.522098',,
'4665','6628','LM1504849018818434907','2017-09-08 05:37:08.143159',,
'4666','5546','LM1504849126484441618','2017-09-08 05:38:54.629169',"	17090813404561108917996","	2017-09-08 13:41:19"
'4688','5259','LM1504851384538610297','2017-09-08 06:16:34.136366',,
'4689','3578','LM1504852262182933248','2017-09-08 06:31:09.397706',,
'4694','6697','LM1504852500135882154','2017-09-08 06:35:16.234411',,
'4696','6697','LM1504852548233594360','2017-09-08 06:35:56.843051',,
'4698','1467','LM1504852732647771159','2017-09-08 06:39:00.326537',,
'4699','6703','LM1504853427710756042','2017-09-08 06:50:36.132534',,
'4700','6704','LM1504853484925158360','2017-09-08 06:51:39.987565',,
'4701','6702','LM1504853497536813098','2017-09-08 06:51:50.967619',"	17090814513774705573761","	2017-09-08 14:51:55"
'4702','6705','LM1504853674842825971','2017-09-08 06:54:42.523023',"	17090814543505869919263","	2017-09-08 14:54:41"
'4738','6796','LM1504863166328611270','2017-09-08 09:32:54.036248',,
'4739','6796','LM1504863183615615112','2017-09-08 09:33:10.905069',,
'4744','6423','LM1504864398742804359','2017-09-08 09:53:39.812360',,
'4745','6423','LM1504864481811084305','2017-09-08 09:54:49.453061',"	17090817544196303860391","	2017-09-08 17:54:48"
'4747','6805','LM1504865298920074418','2017-09-08 10:08:26.554713',,
'4748','6805','LM1504865345808277128','2017-09-08 10:09:12.972007',,
'4749','6745','LM1504865426463834375','2017-09-08 10:10:35.970456',,
'4750','6745','LM1504865450061359165','2017-09-08 10:10:57.205814',,
'4751','6423','LM1504865769558528053','2017-09-08 10:16:18.681471',,
'4752','6423','LM1504865799191939098','2017-09-08 10:16:45.735415',,
'4757','6552','LM1504866058268170350','2017-09-08 10:21:41.659285',,
'4758','6552','LM1504866158389270134','2017-09-08 10:22:45.748085',,
'4759','6794','LM1504866331738195015','2017-09-08 10:25:47.740995',,
'4764','6794','LM1504866367532735509','2017-09-08 10:26:16.702591',,
'4765','6818','LM1504866501937546629','2017-09-08 10:28:35.306456',,
'4766','6818','LM1504866531605728403','2017-09-08 10:28:59.562160',,
'4767','6818','LM1504866560381479465','2017-09-08 10:29:27.842699',,
'4768','2727','LM1504866771337908612','2017-09-08 10:32:59.174254',,
'4775','6829','LM1504867084293364438','2017-09-08 10:38:11.596712',"	17090818364858595853590","	2017-09-08 18:36:55"
'4776','931','LM1504867095367885348','2017-09-08 10:38:28.769830',,
'4778','1224','LM1504867114602814401','2017-09-08 10:38:42.282386',,
'4779','6801','LM1504867288594249076','2017-09-08 10:41:36.882425',,
'4780','6801','LM1504867305287539835','2017-09-08 10:41:52.221233',,
'4781','931','LM1504867437363029426','2017-09-08 10:44:11.434164',,
'4784','3914','LM1504868809234313286','2017-09-08 11:06:57.192129',"	17090819064951786777524","	2017-09-08 19:06:56"
'4785','5947','LM1504868834314450501','2017-09-08 11:07:24.829790',,
'4786','5947','LM1504868892541745121','2017-09-08 11:08:20.986558',,
'4789','6803','LM1504869532731995652','2017-09-08 11:19:05.011606',,
'4790','6803','LM1504869560507136668','2017-09-08 11:19:28.168900',,
'4792','5267','LM1504869929693543608','2017-09-08 11:25:40.582549',,
'4793','5267','LM1504869996887605637','2017-09-08 11:26:47.451312',,
'4795','6854','LM1504870799693293584','2017-09-08 11:40:15.957487',,
'4796','6854','LM1504870837054349236','2017-09-08 11:40:49.783024',,
'4797','6854','LM1504870863883638304','2017-09-08 11:41:13.262551',,
'4798','5869','LM1504871743947292138','2017-09-08 11:55:54.691259',,
'4799','5869','LM1504871777569236867','2017-09-08 11:56:25.914284',,
'4800','5869','LM1504871804876131009','2017-09-08 11:56:53.716701',,
'4801','5869','LM1504871844937171673','2017-09-08 11:57:32.368224',,
'4807','6877','LM1504872965098234250','2017-09-08 12:17:07.372411',,
'4809','6877','LM1504873043839064491','2017-09-08 12:17:32.405408',,
'4810','6877','LM1504873060323164564','2017-09-08 12:17:49.146822',,
'4811','6843','LM1504872803628671767','2017-09-08 12:33:51.883503',,
'4812','6843','LM1504874046426754839','2017-09-08 12:34:14.190941',,
'4813','6843','LM1504874066202424641','2017-09-08 12:34:33.918397',,
'4814','6843','LM1504874089489124601','2017-09-08 12:34:57.269853',,
'4815','6843','LM1504874103338325445','2017-09-08 12:35:10.331565',,
'4816','6843','LM1504874120216208514','2017-09-08 12:35:27.373619',,
'4817','6843','LM1504874153925487688','2017-09-08 12:36:02.927117',"	17090820363751762036724","	2017-09-08 20:36:44"
'4818','6843','LM1504874179792872475','2017-09-08 12:36:29.591122',,
'4820','6843','LM1504874277040164541','2017-09-08 12:38:05.261877',,
'4821','6843','LM1504874297911702543','2017-09-08 12:38:24.890307',,
'4866','6955','LM1504876374965497025','2017-09-08 13:13:06.700918',,
'4903','6222','LM1504881918196678221','2017-09-08 14:45:27.748549',,
