"1","15366490752","9000000632","LM1504190242803105849","100.00","100.00","ABORT","2017/8/31","2017/9/2","2017/8/31 22:42:07"
"2","15682051333","8600315816","LM1504192523253003373","100.00","100.00","ABORT","2017/8/31","2017/9/9","2017/8/31 23:20:10"
"3","15502111710","9000000640","LM1504192586649076841","100.00","100.00","ABORT","2017/8/31","2017/9/9","2017/8/31 23:21:13"
"4","13708082164","8600241913","LM1504236351870480819","100.00","100.00","NORMAL","2017/9/1","2017/9/9","2017/9/1 11:30:44"
"5","15828192560","8600277925","LM1504246943370149002","100.00","100.00","NORMAL","2017/9/1","2017/9/9","2017/9/1 14:27:16"
"6","13551183583","9000001040","LM1504251674382856360","100.00","0.00","NORMAL","2017/9/1","2017/9/9","2017/9/1 15:46:05"
"7","13550339773","8600254569","LM1504252741354746339","100.00","100.00","ABORT","2017/9/1","2017/9/9","2017/9/1 16:03:48"
"8","15528089858","9000000333","LM1504359727730133224","100.00","100.00","NORMAL","2017/9/2","2017/9/9","2017/9/2 21:47:07"
"9","13808029980","9000003149","LM1504418262096136394","100.00","100.00","ABORT","2017/9/3","2017/9/9","2017/9/3 14:02:44"
"10","13666123033","8600283592","LM1504500941150079198","100.00","100.00","NORMAL","2017/9/4","2017/9/9","2017/9/4 13:00:33"
"11","18980051880","9000004344","LM1504501808522261794","100.00","0.00","NORMAL","2017/9/4","2017/9/9","2017/9/4 13:15:02"
"12","15198057158","9000001269","LM1504501888173333362","100.00","100.00","ABORT","2017/9/4","2017/9/9","2017/9/4 13:16:23"
"13","13666120909","9000001140","LM1504525825102434103","100.00","100.00","ABORT","2017/9/4","2017/9/9","2017/9/4 19:55:23"
"14","18580150311","8600301824","LM1504528265357639846","100.00","0.00","NORMAL","2017/9/4","2017/9/9","2017/9/4 20:35:59"
"15","18580150311","8600301824","LM1504528311853449363","100.00","0.00","NORMAL","2017/9/4","2017/9/9","2017/9/4 20:36:43"
"16","13880999528","8600317119","LM1504529116142625884","100.00","0.00","NORMAL","2017/9/4","2017/9/9","2017/9/4 20:50:24"
"17","15982128445","9000000931","LM1504533930254393887","100.00","0.00","NORMAL","2017/9/4","2017/9/9","2017/9/4 22:10:25"
"18","13658070459","9000004069","LM15045802643280188511","100.00","100.00","FROZEN","2017/9/5","2017/9/9","2017/9/5 11:02:38"
"19","13658070459","9000004069","LM1504580264328018851","100.00","100.00","NORMAL","2017/9/5","2017/9/9","2017/9/5 11:02:38"
"20","13982151108","8700024243","LM1504591969157008345","100.00","100.00","ABORT","2017/9/5","2017/9/9","2017/9/5 14:18:03"
"21","13982151108","8700024243","LM1504592027361862417","100.00","100.00","ABORT","2017/9/5","2017/9/9","2017/9/5 14:18:43"
"22","13308039699","8600224752","LM1504599808537300109","100.00","100.00","ABORT","2017/9/5","2017/9/9","2017/9/5 16:28:26"
"23","18402863334","9000004771","LM1504609818187384365","100.00","100.00","ABORT","2017/9/5","2017/9/9","2017/9/5 19:16:05"
"24","13880404917","9000004615","LM1504618853227820090","100.00","100.00","ABORT","2017/9/5","2017/9/9","2017/9/5 21:45:51"
"25","18602848655","9000003804","LM1504623267904679389","100.00","100.00","NORMAL","2017/9/5","2017/9/9","2017/9/5 22:59:22"
"26","18602848655","9000003804","LM1504623284298981733","100.00","100.00","NORMAL","2017/9/5","2017/9/9","2017/9/5 22:59:38"
"27","15928860507","9000003234","LM1504661004580621508","100.00","100.00","ABORT","2017/9/6","2017/9/9","2017/9/6 9:28:21"
"28","15928860507","9000003234","LM1504661021180472632","100.00","100.00","ABORT","2017/9/6","2017/9/9","2017/9/6 9:28:34"
"29","18980061842","9000004599","LM1504665095321026281","100.00","100.00","NORMAL","2017/9/6","2017/9/9","2017/9/6 10:36:34"
"30","18581708882","9000000160","LM1504669772390827954","100.00","100.00","NORMAL","2017/9/6","2017/9/9","2017/9/6 11:54:33"
"31","18608006822","9000004107","LM1504681984390083371","100.00","100.00","ABORT","2017/9/6","2017/9/9","2017/9/6 15:18:00"
"32","18608006822","9000004107","LM1504682048462278502","100.00","100.00","ABORT","2017/9/6","2017/9/9","2017/9/6 15:19:02"
"33","13982216554","9000004675","LM1504685722542982968","100.00","100.00","ABORT","2017/9/6","2017/9/9","2017/9/6 16:20:39"
"34","13982216554","9000004675","LM1504685783364752917","100.00","100.00","ABORT","2017/9/6","2017/9/9","2017/9/6 16:21:16"
"35","15882409925","9000001404","LM1504754283130466305","100.00","100.00","FROZEN","2017/9/7","2017/9/9","2017/9/7 11:23:01"
"36","18666669760","8600256705","LM1504754821523069570","100.00","100.00","NORMAL","2017/9/7","2017/9/9","2017/9/7 11:31:58"
"37","18108183691","9000000553","LM1504757112648011920","100.00","100.00","ABORT","2017/9/7","2017/9/9","2017/9/7 12:10:12"
"38","18108183691","9000000553","LM1504757131041938175","100.00","100.00","ABORT","2017/9/7","2017/9/9","2017/9/7 12:10:25"
"39","18665260124","9000002600","LM1504758498026635288","100.00","100.00","ABORT","2017/9/7","2017/9/9","2017/9/7 12:33:15"
"40","15608084488","9000004476","LM1504763070739869485","100.00","100.00","ABORT","2017/9/7","2017/9/9","2017/9/7 13:49:28"
"41","18402863334","9000004771","LM1504767492731150699","100.00","100.00","ABORT","2017/9/7","2017/9/9","2017/9/7 15:03:14"
"42","13608013510","8600196083","LM1504769143259363898","100.00","100.00","ABORT","2017/9/7","2017/9/9","2017/9/7 15:30:41"
"43","13608013510","8600196083","LM1504769166364358481","100.00","100.00","ABORT","2017/9/7","2017/9/9","2017/9/7 15:31:00"
"44","13880999528","8600317119","LM1504787854027529326","100.00","0.00","NORMAL","2017/9/7","2017/9/9","2017/9/7 20:42:31"
"45","13550099655","9000003023","LM1504796087983103972","100.00","100.00","NORMAL","2017/9/7","2017/9/9","2017/9/7 22:59:46"
"46","13550099655","9000003023","LM1504796186881505226","100.00","100.00","NORMAL","2017/9/7","2017/9/9","2017/9/7 23:01:24"
"47","13880781139","8600312235","LM1504838649815361917","100.00","100.00","ABORT","2017/9/8","2017/9/9","2017/9/8 10:49:11"
"48","13668265906","8700026016","LM1504840695411441174","100.00","100.00","FROZEN","2017/9/8","2017/9/9","2017/9/8 11:23:13"
"49","13668265906","8700026016","LM1504840695411441173","100.00","0.00","NORMAL","2017/9/8","2017/9/9","2017/9/8 11:23:13"
"50","13666166090","9000001787","LM1504840753565638983","100.00","100.00","ABORT","2017/9/8","2017/9/9","2017/9/8 11:24:11"
"51","13671673741","9000004150","LM1504841314372990133","100.00","100.00","ABORT","2017/9/8","2017/9/9","2017/9/8 11:33:36"
"52","17761215206","9000005062","LM1504842300619857346","100.00","100.00","FROZEN","2017/9/8","2017/9/9","2017/9/8 11:50:12"
"53","18628087553","9000000567","LM1504842485322088091","100.00","100.00","ABORT","2017/9/8","2017/9/9","2017/9/8 11:53:05"
"54","17761215206","9000005062","LM1504842593805185718","100.00","100.00","FROZEN","2017/9/8","2017/9/9","2017/9/8 11:55:06"
"55","18228068593","9000004446","LM1504842947104968840","100.00","0.00","NORMAL","2017/9/8","2017/9/9","2017/9/8 12:00:45"
"56","13699494900","9000003289","LM1504843712125895908","100.00","0.00","NORMAL","2017/9/8","2017/9/9","2017/9/8 12:13:29"
"57","13971271878","8600272066","LM1504843939026143292","100.00","0.00","NORMAL","2017/9/8","2017/9/9","2017/9/8 12:17:18"
"58","13658098887","9000004909","LM1504843970869998871","100.00","0.00","NORMAL","2017/9/8","2017/9/9","2017/9/8 12:17:57"
"59","13971271878","8600272066","LM1504843989728256760","100.00","0.00","NORMAL","2017/9/8","2017/9/9","2017/9/8 12:18:16"
"60","13971271878","8600272066","LM1504844207585361623","100.00","0.00","NORMAL","2017/9/8","2017/9/9","2017/9/8 12:21:46"
"61","13971271878","8600272066","LM1504844235545427127","100.00","0.00","NORMAL","2017/9/8","2017/9/9","2017/9/8 12:22:14"
"62","13658098887","9000004909","LM1504844274386649038","100.00","0.00","NORMAL","2017/9/8","2017/9/9","2017/9/8 12:22:55"
"63","15183662282","9000004617","LM1504844596777017265","100.00","0.00","NORMAL","2017/9/8","2017/9/9","2017/9/8 12:28:15"
"64","15183662282","9000004617","LM1504844620941893187","100.00","0.00","NORMAL","2017/9/8","2017/9/9","2017/9/8 12:28:37"
"65","13060091082","9000002332","LM1504844876370328065","100.00","100.00","ABORT","2017/9/8","2017/9/9","2017/9/8 12:32:58"
"66","15828304001","9000000666","LM1504844997737362930","100.00","100.00","ABORT","2017/9/8","2017/9/9","2017/9/8 12:35:00"
"67","15828304001","9000000666","LM1504845043889429129","100.00","100.00","ABORT","2017/9/8","2017/9/9","2017/9/8 12:35:42"
"68","13981789045","9000003532","LM1504845086217709905","100.00","0.00","NORMAL","2017/9/8","2017/9/9","2017/9/8 12:36:32"
"69","13981789045","9000003532","LM1504845177167624124","100.00","0.00","NORMAL","2017/9/8","2017/9/9","2017/9/8 12:37:57"
"70","13981789045","9000003532","LM1504845258045915221","100.00","0.00","NORMAL","2017/9/8","2017/9/9","2017/9/8 12:39:17"
"71","13419431551","9000004647","LM1504845270978440535","100.00","0.00","NORMAL","2017/9/8","2017/9/9","2017/9/8 12:39:35"
"72","13419431551","9000004647","LM1504845288183026268","100.00","0.00","NORMAL","2017/9/8","2017/9/9","2017/9/8 12:40:03"
"73","15583808366","9000003652","LM1504845555457509146","100.00","0.00","NORMAL","2017/9/8","2017/9/9","2017/9/8 12:44:23"
"74","15583808366","9000003652","LM1504845683254587054","100.00","0.00","NORMAL","2017/9/8","2017/9/9","2017/9/8 12:46:24"
"75","15583808366","9000003652","LM1504845711499592792","100.00","0.00","NORMAL","2017/9/8","2017/9/9","2017/9/8 12:46:51"
"76","18580150311","8600301824","C900101170908000054","100.00","0.00","NORMAL","2017/9/8","2017/9/9","2017/9/8 12:54:25"
"77","15281073767","9000005072","LM1504846355659348391","100.00","100.00","NORMAL","2017/9/8","2017/9/9","2017/9/8 12:57:33"
"78","15986779333","9000004282","LM1504846563996725433","100.00","0.00","NORMAL","2017/9/8","2017/9/9","2017/9/8 13:01:02"
"79","13688006677","9000001524","LM1504846637150569518","100.00","0.00","NORMAL","2017/9/8","2017/9/9","2017/9/8 13:02:16"
"80","13880794660","8600326060","LM1504846739791137896","100.00","0.00","NORMAL","2017/9/8","2017/9/9","2017/9/8 13:03:58"
"81","13882211566","9000003297","LM1504846867488022351","100.00","0.00","NORMAL","2017/9/8","2017/9/9","2017/9/8 13:06:06"
"82","13880794660","8600326060","LM1504846971286297085","100.00","0.00","NORMAL","2017/9/8","2017/9/9","2017/9/8 13:07:46"
"83","18502808425","9000003279","LM1504847068241122028","100.00","100.00","NORMAL","2017/9/8","2017/9/9","2017/9/8 13:09:25"
"84","13981811185","8600253959","LM1504847271572609798","100.00","100.00","FROZEN","2017/9/8","2017/9/9","2017/9/8 13:12:51"
"85","13981811185","8600253959","LM1504847546013936622","100.00","0.00","NORMAL","2017/9/8","2017/9/9","2017/9/8 13:17:34"
"86","15528360808","9000003682","LM1504847660514434592","100.00","0.00","FROZEN","2017/9/8","2017/9/9","2017/9/8 13:19:23"
"87","13709056573","8600277297","LM1504847931282234807","100.00","0.00","NORMAL","2017/9/8","2017/9/9","2017/9/8 13:24:22"
"88","13709056573","8600277297","LM1504847992883948369","100.00","0.00","NORMAL","2017/9/8","2017/9/9","2017/9/8 13:24:57"
"89","13982503331","8600015846","LM1504848517466753448","100.00","0.00","NORMAL","2017/9/8","2017/9/9","2017/9/8 13:33:58"
"90","13982503331","8600015846","LM1504848559572033696","100.00","0.00","NORMAL","2017/9/8","2017/9/9","2017/9/8 13:34:16"
"91","13982503331","8600015846","LM1504848701886315728","100.00","0.00","NORMAL","2017/9/8","2017/9/9","2017/9/8 13:36:58"
"92","18982209755","9000002138","LM1504848901564402629","100.00","0.00","NORMAL","2017/9/8","2017/9/9","2017/9/8 13:39:59"
"93","15986779333","9000004282","LM1504849018818434907","100.00","0.00","NORMAL","2017/9/8","2017/9/9","2017/9/8 13:41:58"
"94","18980051880","9000004344","LM1504849126484441618","100.00","0.00","NORMAL","2017/9/8","2017/9/9","2017/9/8 13:43:44"
"95","13658068887","8600302731","LM1504850684233142185","100.00","0.00","NORMAL","2017/9/8","2017/9/9","2017/9/8 14:09:42"
"96","13658068887","8600302731","LM1504850704863836398","100.00","0.00","NORMAL","2017/9/8","2017/9/9","2017/9/8 14:10:03"
"97","13668265906","8700026016","LM1504851384538610297","100.00","0.00","NORMAL","2017/9/8","2017/9/9","2017/9/8 14:21:24"
"98","13408409848","9000002464","LM1504852262182933248","100.00","0.00","NORMAL","2017/9/8","2017/9/9","2017/9/8 14:35:59"
"99","18990816958","9000004986","LM1504852500135882154","100.00","0.00","NORMAL","2017/9/8","2017/9/9","2017/9/8 14:40:06"
"100","18990816958","9000004986","LM1504852548233594360","100.00","0.00","NORMAL","2017/9/8","2017/9/9","2017/9/8 14:40:47"
"101","15928725764","9000001048","LM1504852732647771159","100.00","0.00","NORMAL","2017/9/8","2017/9/9","2017/9/8 14:43:50"
"102","13648020755","9000005168","LM1504853427710756042","100.00","0.00","NORMAL","2017/9/8","2017/9/9","2017/9/8 14:55:26"
"103","15308009894","9000004201","LM1504853484925158360","100.00","0.00","NORMAL","2017/9/8","2017/9/9","2017/9/8 14:56:30"
"104","13438994029","9000005193","LM1504853497536813098","100.00","0.00","NORMAL","2017/9/8","2017/9/9","2017/9/8 14:56:41"
"105","13982095316","9000000492","LM1504853674842825971","100.00","0.00","NORMAL","2017/9/8","2017/9/9","2017/9/8 14:59:32"
"106","13558677897","9000002390","LM1504863166328611270","100.00","0.00","NORMAL","2017/9/8","2017/9/9","2017/9/8 17:37:44"
"107","13558677897","9000002390","LM1504863183615615112","100.00","0.00","NORMAL","2017/9/8","2017/9/9","2017/9/8 17:38:01"
"108","18108160317","8600294425","LM1504864398742804359","100.00","0.00","NORMAL","2017/9/8","2017/9/9","2017/9/8 17:58:30"
"109","18108160317","8600294425","LM1504864481811084305","100.00","0.00","NORMAL","2017/9/8","2017/9/9","2017/9/8 17:59:39"
"110","18328518130","9000002165","LM1504865298920074418","100.00","0.00","NORMAL","2017/9/8","2017/9/9","2017/9/8 18:13:17"
"111","18328518130","9000002165","LM1504865345808277128","100.00","0.00","NORMAL","2017/9/8","2017/9/9","2017/9/8 18:14:03"
"112","13628037777","9000000572","LM1504865426463834375","100.00","0.00","NORMAL","2017/9/8","2017/9/9","2017/9/8 18:15:26"
"113","13628037777","9000000572","LM1504865450061359165","100.00","0.00","NORMAL","2017/9/8","2017/9/9","2017/9/8 18:15:47"
"114","18108160317","8600294425","LM1504865769558528053","100.00","0.00","NORMAL","2017/9/8","2017/9/9","2017/9/8 18:21:09"
"115","18108160317","8600294425","LM1504865799191939098","100.00","0.00","NORMAL","2017/9/8","2017/9/9","2017/9/8 18:21:36"
"116","13628021830","9000000598","LM1504865850148879261","100.00","0.00","NORMAL","2017/9/8","2017/9/9","2017/9/8 18:22:31"
"117","13896054056","9000004022","LM1504866058268170350","100.00","0.00","NORMAL","2017/9/8","2017/9/9","2017/9/8 18:26:32"
"118","13896054056","9000004022","LM1504866158389270134","100.00","0.00","NORMAL","2017/9/8","2017/9/9","2017/9/8 18:27:36"
"119","18982080008","8800004699","LM1504866331738195015","100.00","0.00","NORMAL","2017/9/8","2017/9/9","2017/9/8 18:30:38"
"120","18982080008","8800004699","LM1504866367532735509","100.00","0.00","NORMAL","2017/9/8","2017/9/9","2017/9/8 18:31:07"
"121","13880709178","9000005195","LM1504866501937546629","100.00","0.00","NORMAL","2017/9/8","2017/9/9","2017/9/8 18:33:25"
"122","13880709178","9000005195","LM1504866531605728403","100.00","0.00","NORMAL","2017/9/8","2017/9/9","2017/9/8 18:33:50"
"123","13880709178","9000005195","LM1504866560381479465","100.00","0.00","NORMAL","2017/9/8","2017/9/9","2017/9/8 18:34:18"
"124","18908371085","9000002954","LM1504866771337908612","100.00","0.00","NORMAL","2017/9/8","2017/9/9","2017/9/8 18:37:49"
"125","18608035318","9000002501","LM1504866991955648950","100.00","0.00","NORMAL","2017/9/8","2017/9/9","2017/9/8 18:41:29"
"126","18608035318","9000002501","LM1504867008429828451","100.00","0.00","NORMAL","2017/9/8","2017/9/9","2017/9/8 18:41:46"
"127","18608035318","9000002501","LM1504867032337347727","100.00","0.00","NORMAL","2017/9/8","2017/9/9","2017/9/8 18:42:10"
"128","18608035318","9000002501","LM1504867048278630004","100.00","0.00","NORMAL","2017/9/8","2017/9/9","2017/9/8 18:42:25"
"129","13880285965","9000003783","LM1504867084293364438","100.00","0.00","NORMAL","2017/9/8","2017/9/9","2017/9/8 18:43:02"
"130","13258376120","9000000586","LM1504867095367885348","100.00","0.00","NORMAL","2017/9/8","2017/9/9","2017/9/8 18:43:19"
"131","15108309544","9000001531","LM1504867114602814401","100.00","0.00","NORMAL","2017/9/8","2017/9/9","2017/9/8 18:43:32"
"132","18140187737","9000004600","LM1504867288594249076","100.00","0.00","NORMAL","2017/9/8","2017/9/9","2017/9/8 18:46:27"
"133","18140187737","9000004600","LM1504867305287539835","100.00","0.00","NORMAL","2017/9/8","2017/9/9","2017/9/8 18:46:42"
"134","13258376120","9000000586","LM1504867437363029426","100.00","0.00","NORMAL","2017/9/8","2017/9/9","2017/9/8 18:49:01"
"135","15928557262","8600328165","LM1504868809234313286","100.00","0.00","NORMAL","2017/9/8","2017/9/9","2017/9/8 19:11:47"
"136","18780297288","9000004872","LM1504868834314450501","100.00","0.00","ABORT","2017/9/8","2017/9/9","2017/9/8 19:12:15"
"137","18780297288","9000004872","LM1504868892541745121","100.00","0.00","ABORT","2017/9/8","2017/9/9","2017/9/8 19:13:11"
"138","13880707115","8600244917","LM1504869532731995652","100.00","0.00","NORMAL","2017/9/8","2017/9/9","2017/9/8 19:23:55"
"139","13880707115","8600244917","LM1504869560507136668","100.00","0.00","NORMAL","2017/9/8","2017/9/9","2017/9/8 19:24:18"
"140","13881101525","8600274468","LM1504869929693543608","100.00","0.00","NORMAL","2017/9/8","2017/9/9","2017/9/8 19:30:31"
"141","13881101525","8600274468","LM1504869996887605637","100.00","0.00","NORMAL","2017/9/8","2017/9/9","2017/9/8 19:31:38"
"142","13981813677","9000004323","LM1504870799693293584","100.00","0.00","NORMAL","2017/9/8","2017/9/9","2017/9/8 19:45:06"
"143","13981813677","9000004323","LM1504870837054349236","100.00","0.00","NORMAL","2017/9/8","2017/9/9","2017/9/8 19:45:40"
"144","13981813677","9000004323","LM1504870863883638304","100.00","0.00","NORMAL","2017/9/8","2017/9/9","2017/9/8 19:46:03"
"145","18402863334","9000004771","LM1504871743947292138","100.00","100.00","ABORT","2017/9/8","2017/9/9","2017/9/8 20:00:45"
"146","18402863334","9000004771","LM1504871777569236867","100.00","100.00","ABORT","2017/9/8","2017/9/9","2017/9/8 20:01:16"
"147","18402863334","9000004771","LM1504871804876131009","100.00","100.00","ABORT","2017/9/8","2017/9/9","2017/9/8 20:01:44"
"148","18402863334","9000004771","LM1504871844937171673","100.00","100.00","ABORT","2017/9/8","2017/9/9","2017/9/8 20:02:23"
"149","13880008311","9000005036","LM1504872965098234250","100.00","0.00","NORMAL","2017/9/8","2017/9/9","2017/9/8 20:21:57"
"150","13880008311","9000005036","LM1504873043839064491","100.00","0.00","NORMAL","2017/9/8","2017/9/9","2017/9/8 20:22:23"
"151","13880008311","9000005036","LM1504873060323164564","100.00","0.00","NORMAL","2017/9/8","2017/9/9","2017/9/8 20:22:39"
"152","15681499999","8600015960","LM1504872803628671767","100.00","0.00","NORMAL","2017/9/8","2017/9/9","2017/9/8 20:38:42"
"153","15681499999","8600015960","LM1504874046426754839","100.00","0.00","NORMAL","2017/9/8","2017/9/9","2017/9/8 20:39:04"
"154","15681499999","8600015960","LM1504874066202424641","100.00","0.00","NORMAL","2017/9/8","2017/9/9","2017/9/8 20:39:24"
"155","15681499999","8600015960","LM1504874089489124601","100.00","0.00","NORMAL","2017/9/8","2017/9/9","2017/9/8 20:39:47"
"156","15681499999","8600015960","LM1504874103338325445","100.00","0.00","NORMAL","2017/9/8","2017/9/9","2017/9/8 20:40:01"
"157","15681499999","8600015960","LM1504874120216208514","100.00","0.00","NORMAL","2017/9/8","2017/9/9","2017/9/8 20:40:18"
"158","15681499999","8600015960","LM1504874153925487688","100.00","0.00","NORMAL","2017/9/8","2017/9/9","2017/9/8 20:40:53"
"159","15681499999","8600015960","LM1504874179792872475","100.00","0.00","NORMAL","2017/9/8","2017/9/9","2017/9/8 20:41:20"
"160","15681499999","8600015960","LM1504874277040164541","100.00","0.00","NORMAL","2017/9/8","2017/9/9","2017/9/8 20:42:55"
"161","15681499999","8600015960","LM1504874297911702543","100.00","0.00","NORMAL","2017/9/8","2017/9/9","2017/9/8 20:43:15"
"162","13705646444","9000002760","LM1504876374965497025","100.00","0.00","NORMAL","2017/9/8","2017/9/9","2017/9/8 21:17:57"
"163","15198261350","8600240592","LM1504881918196678221","100.00","100.00","NORMAL","2017/9/8","2017/9/9","2017/9/8 22:50:18"
