	17090115590156933529630,60.0,,0.0,,,,,,,	2017-09-01 15:59:08,仁恒置地-法味朵风
	17090419502529878675856,60.0,,0.0,,,,,,,	2017-09-04 19:50:38,仁恒置地-法味朵风
	17090514124945891283520,60.0,,0.0,,,,,,,	2017-09-05 14:13:17,仁恒置地-法味朵风
	17090514134759240295833,60.0,,0.0,,,,,,,	2017-09-05 14:13:56,仁恒置地-法味朵风
	17090521405343374536204,60.0,,0.0,,,,,,,	2017-09-05 21:41:04,仁恒置地-法味朵风
	17090609232490944950405,60.0,,0.0,,,,,,,	2017-09-06 09:23:33,仁恒置地-法味朵风
	17090609234223360814376,60.0,,0.0,,,,,,,	2017-09-06 09:23:46,仁恒置地-法味朵风
	17090616152380211740746,60.0,,0.0,,,,,,,	2017-09-06 16:15:51,仁恒置地-法味朵风
	17090616162356011295297,60.0,,0.0,,,,,,,	2017-09-06 16:16:28,仁恒置地-法味朵风
	17090712281835498981295,60.0,,0.0,,,,,,,	2017-09-07 12:28:26,仁恒置地-法味朵风
	17090714581289677438798,60.0,,0.0,,,,,,,	2017-09-07 14:58:24,仁恒置地-法味朵风
	17090715254357661798870,60.0,,0.0,,,,,,,	2017-09-07 15:25:51,仁恒置地-法味朵风
	17090715260661086411994,60.0,,0.0,,,,,,,	2017-09-07 15:26:10,仁恒置地-法味朵风
	17090810441007805634073,60.0,,0.0,,,,,,,	2017-09-08 10:44:19,仁恒置地-法味朵风
	17090811191378886708871,60.0,,0.0,,,,,,,	2017-09-08 11:19:20,仁恒置地-法味朵风
	17090811283465304382217,60.0,,0.0,,,,,,,	2017-09-08 11:28:45,仁恒置地-法味朵风
	17090811480586295425561,60.0,,0.0,,,,,,,	2017-09-08 11:48:15,仁恒置地-法味朵风
	17090812275661947786291,60.0,,0.0,,,,,,,	2017-09-08 12:28:06,仁恒置地-法味朵风
	17090812295984883773757,60.0,,0.0,,,,,,,	2017-09-08 12:30:10,仁恒置地-法味朵风
	17090812304645600382521,60.0,,0.0,,,,,,,	2017-09-08 12:30:51,仁恒置地-法味朵风
	17090819071471089627274,60.0,,0.0,,,,,,,	2017-09-08 19:07:23,仁恒置地-法味朵风
	17090819081269594721880,60.0,,0.0,,,,,,,	2017-09-08 19:08:19,仁恒置地-法味朵风
	17090819554407614996033,60.0,,0.0,,,,,,,	2017-09-08 19:55:52,仁恒置地-法味朵风
	17090819561771161290997,60.0,,0.0,,,,,,,	2017-09-08 19:56:24,仁恒置地-法味朵风
	17090819564503140472016,60.0,,0.0,,,,,,,	2017-09-08 19:56:52,仁恒置地-法味朵风
	17090819572506855292273,60.0,,0.0,,,,,,,	2017-09-08 19:57:31,仁恒置地-法味朵风
	17090115590156933529630,60.0,,60.0,,,,,,	仁恒置地-法味朵风,	2017-09-01 19:15:31
	17090419502529878675856,60.0,,60.0,,,,,,	仁恒置地-法味朵风,	2017-09-04 19:51:20
	17090514134759240295833,60.0,,60.0,,,,,,	仁恒置地-法味朵风,	2017-09-05 14:18:20
	17090514124945891283520,60.0,,60.0,,,,,,	仁恒置地-法味朵风,	2017-09-05 14:18:44
	17090521405343374536204,60.0,,60.0,,,,,,	仁恒置地-法味朵风,	2017-09-05 21:43:49
	17090609234223360814376,60.0,,60.0,,,,,,	仁恒置地-法味朵风,	2017-09-06 12:43:24
	17090609232490944950405,60.0,,60.0,,,,,,	仁恒置地-法味朵风,	2017-09-06 12:43:39
	17090616162356011295297,60.0,,60.0,,,,,,	仁恒置地-法味朵风,	2017-09-06 16:20:47
	17090616152380211740746,60.0,,60.0,,,,,,	仁恒置地-法味朵风,	2017-09-06 16:21:02
	17090715260661086411994,60.0,,60.0,,,,,,	仁恒置地-法味朵风,	2017-09-07 18:06:49
	17090715254357661798870,60.0,,60.0,,,,,,	仁恒置地-法味朵风,	2017-09-07 18:06:54
	17090714581289677438798,60.0,,60.0,,,,,,	仁恒置地-法味朵风,	2017-09-07 18:10:07
	17090712281835498981295,60.0,,60.0,,,,,,	仁恒置地-法味朵风,	2017-09-07 21:57:18
	17090811480586295425561,60.0,,60.0,,,,,,	仁恒置地-法味朵风,	2017-09-08 12:02:05
	17090810441007805634073,60.0,,60.0,,,,,,	仁恒置地-法味朵风,	2017-09-08 12:31:15
	17090811191378886708871,60.0,,60.0,,,,,,	仁恒置地-法味朵风,	2017-09-08 12:40:29
	17090811283465304382217,60.0,,60.0,,,,,,	仁恒置地-法味朵风,	2017-09-08 13:02:40
	17090812275661947786291,60.0,,60.0,,,,,,	仁恒置地-法味朵风,	2017-09-08 13:08:11
	17090812304645600382521,60.0,,60.0,,,,,,	仁恒置地-法味朵风,	2017-09-08 19:44:03
	17090812295984883773757,60.0,,60.0,,,,,,	仁恒置地-法味朵风,	2017-09-08 19:44:16
	17090819572506855292273,60.0,,60.0,,,,,,	仁恒置地-法味朵风,	2017-09-08 21:46:30
	17090819564503140472016,60.0,,60.0,,,,,,	仁恒置地-法味朵风,	2017-09-08 21:46:45
	17090819561771161290997,60.0,,60.0,,,,,,	仁恒置地-法味朵风,	2017-09-08 21:46:59
	17090819554407614996033,60.0,,60.0,,,,,,	仁恒置地-法味朵风,	2017-09-08 21:47:17
	17090819081269594721880,60.0,,60.0,,,,,,	仁恒置地-法味朵风,	2017-09-08 22:26:21
	17090819071471089627274,60.0,,60.0,,,,,,	仁恒置地-法味朵风,	2017-09-08 23:31:58
