	17090522542834931069956,60.0,,60.0,,,,,,,	2017-09-05 22:54:35,仁恒置地-法味朵风
	17090711180333625942578,60.0,,60.0,,,,,,,	2017-09-07 11:18:12,仁恒置地-法味朵风
	17090722544811073114734,60.0,,60.0,,,,,,,	2017-09-07 22:54:56,仁恒置地-法味朵风
	17090811450087224923940,60.0,,60.0,,,,,,,	2017-09-08 11:45:21,仁恒置地-法味朵风
	17090812391580916178099,60.0,,60.0,,,,,,,	2017-09-08 12:39:32,仁恒置地-法味朵风
	17090812415173320225431,60.0,,60.0,,,,,,,	2017-09-08 12:42:00,仁恒置地-法味朵风
	17090813122622390232293,60.0,,60.0,,,,,,,	2017-09-08 13:12:43,仁恒置地-法味朵风
	17090813404561108917996,60.0,,60.0,,,,,,,	2017-09-08 13:41:19,仁恒置地-法味朵风
	17090814513774705573761,60.0,,60.0,,,,,,,	2017-09-08 14:51:55,仁恒置地-法味朵风
	17090814543505869919263,60.0,,60.0,,,,,,,	2017-09-08 14:54:41,仁恒置地-法味朵风
	17090817544196303860391,60.0,,60.0,,,,,,,	2017-09-08 17:54:48,仁恒置地-法味朵风
	17090818364858595853590,60.0,,60.0,,,,,,,	2017-09-08 18:36:55,仁恒置地-法味朵风
	17090819064951786777524,60.0,,60.0,,,,,,,	2017-09-08 19:06:56,仁恒置地-法味朵风
	17090820363751762036724,60.0,,60.0,,,,,,,	2017-09-08 20:36:44,仁恒置地-法味朵风
