	17090115590156933529630,60.0,,60.0,,,,,,	仁恒置地-法味朵风,	2017-09-01 19:15:31
	17090419502529878675856,60.0,,60.0,,,,,,	仁恒置地-法味朵风,	2017-09-04 19:51:20
	17090313574220807946997,60.0,,60.0,,,,,,	仁恒置地-法味朵风,	2017-09-04 20:32:07
	17090514134759240295833,60.0,,60.0,,,,,,	仁恒置地-法味朵风,	2017-09-05 14:18:20
	17090514124945891283520,60.0,,60.0,,,,,,	仁恒置地-法味朵风,	2017-09-05 14:18:44
	17090521405343374536204,60.0,,60.0,,,,,,	仁恒置地-法味朵风,	2017-09-05 21:43:49
	17090609234223360814376,60.0,,60.0,,,,,,	仁恒置地-法味朵风,	2017-09-06 12:43:24
	17090609232490944950405,60.0,,60.0,,,,,,	仁恒置地-法味朵风,	2017-09-06 12:43:39
	17090616162356011295297,60.0,,60.0,,,,,,	仁恒置地-法味朵风,	2017-09-06 16:20:47
	17090616152380211740746,60.0,,60.0,,,,,,	仁恒置地-法味朵风,	2017-09-06 16:21:02
	17090710061589039228385,70.0,,70.0,,,,,,	仁恒置地-法味朵风,	2017-09-07 10:08:09
	17090710070613591533195,70.0,,70.0,,,,,,	仁恒置地-法味朵风,	2017-09-07 10:23:59
	17090709591267324953974,70.0,,70.0,,,,,,	仁恒置地-法味朵风,	2017-09-07 10:24:22
	17090710455500340012154,70.0,,70.0,,,,,,	仁恒置地-法味朵风,	2017-09-07 10:48:39
	17090713264645594846374,70.0,,70.0,,,,,,	仁恒置地-法味朵风,	2017-09-07 14:52:32
	17090713162526820806880,70.0,,70.0,,,,,,	仁恒置地-法味朵风,	2017-09-07 16:14:46
	17090715260661086411994,60.0,,60.0,,,,,,	仁恒置地-法味朵风,	2017-09-07 18:06:49
	17090715254357661798870,60.0,,60.0,,,,,,	仁恒置地-法味朵风,	2017-09-07 18:06:54
	17090714581289677438798,60.0,,60.0,,,,,,	仁恒置地-法味朵风,	2017-09-07 18:10:07
	17090519101839177135232,60.0,,60.0,,,,,,	仁恒置地-法味朵风,	2017-09-07 18:10:21
	17090712473991752399550,70.0,,70.0,,,,,,	仁恒置地-法味朵风,	2017-09-07 20:59:01
	17090712281835498981295,60.0,,60.0,,,,,,	仁恒置地-法味朵风,	2017-09-07 21:57:18
	17090713443113104166649,60.0,,60.0,,,,,,	仁恒置地-法味朵风,	2017-09-08 12:00:19
	17090713404506605169731,70.0,,70.0,,,,,,	仁恒置地-法味朵风,	2017-09-08 12:00:32
	17090811480586295425561,60.0,,60.0,,,,,,	仁恒置地-法味朵风,	2017-09-08 12:02:05
	17090413112838485334637,60.0,,60.0,,,,,,	仁恒置地-法味朵风,	2017-09-08 12:10:52
	17090420101117351460359,70.0,,70.0,,,,,,	仁恒置地-法味朵风,	2017-09-08 12:26:56
	17090810441007805634073,60.0,,60.0,,,,,,	仁恒置地-法味朵风,	2017-09-08 12:31:15
	17090711283871253469957,70.0,,70.0,,,,,,	仁恒置地-法味朵风,	2017-09-08 12:31:43
	17090811191378886708871,60.0,,60.0,,,,,,	仁恒置地-法味朵风,	2017-09-08 12:40:29
	17090811283465304382217,60.0,,60.0,,,,,,	仁恒置地-法味朵风,	2017-09-08 13:02:40
	17090812275661947786291,60.0,,60.0,,,,,,	仁恒置地-法味朵风,	2017-09-08 13:08:11
	17090615130459452913758,60.0,,60.0,,,,,,	仁恒置地-法味朵风,	2017-09-08 14:08:17
	17090615140868454219431,60.0,,60.0,,,,,,	仁恒置地-法味朵风,	2017-09-08 14:08:29
	17090516232884637821080,60.0,,60.0,,,,,,	仁恒置地-法味朵风,	2017-09-08 14:24:51
	17090712053137799955866,60.0,,60.0,,,,,,	仁恒置地-法味朵风,	2017-09-08 19:43:40
	17090712051284037333595,60.0,,60.0,,,,,,	仁恒置地-法味朵风,	2017-09-08 19:43:50
	17090812304645600382521,60.0,,60.0,,,,,,	仁恒置地-法味朵风,	2017-09-08 19:44:03
	17090812295984883773757,60.0,,60.0,,,,,,	仁恒置地-法味朵风,	2017-09-08 19:44:16
	17090819572506855292273,60.0,,60.0,,,,,,	仁恒置地-法味朵风,	2017-09-08 21:46:30
	17090819564503140472016,60.0,,60.0,,,,,,	仁恒置地-法味朵风,	2017-09-08 21:46:45
	17090819561771161290997,60.0,,60.0,,,,,,	仁恒置地-法味朵风,	2017-09-08 21:46:59
	17090819554407614996033,60.0,,60.0,,,,,,	仁恒置地-法味朵风,	2017-09-08 21:47:17
	17090819081269594721880,60.0,,60.0,,,,,,	仁恒置地-法味朵风,	2017-09-08 22:26:21
	17090819071471089627274,60.0,,60.0,,,,,,	仁恒置地-法味朵风,	2017-09-08 23:31:58
