	17090111255220067866323,60.0,,60.0,,,,,,,	2017-09-01 11:26:04,仁恒置地-法味朵风
	17090114222374570814304,60.0,,60.0,,,,,,,	2017-09-01 14:22:36,仁恒置地-法味朵风
	17090114451681715388195,0.01,,0.0,,,,,,,	2017-09-01 14:45:24,仁恒置地-法味朵风
	17090115411468228722771,60.0,,60.0,,,,,,,	2017-09-01 15:41:25,仁恒置地-法味朵风
	17090115535805339132317,0.01,,0.0,,,,,,,	2017-09-01 15:54:06,仁恒置地-法味朵风
	17090115590156933529630,60.0,,0.0,,,,,,,	2017-09-01 15:59:08,仁恒置地-法味朵风
	17090116011555441203321,0.01,,0.0,,,,,,,	2017-09-01 16:01:26,仁恒置地-法味朵风
	17090116403611263058952,0.01,,0.0,,,,,,,	2017-09-01 16:40:43,仁恒置地-法味朵风
	17090221420787963952098,60.0,,60.0,,,,,,,	2017-09-02 21:42:24,仁恒置地-法味朵风
	17090313574220807946997,60.0,,60.0,,,,,,,	2017-09-03 13:58:01,仁恒置地-法味朵风
	17090412554135077312312,60.0,,60.0,,,,,,,	2017-09-04 12:55:48,仁恒置地-法味朵风
	17090413100878004279858,60.0,,60.0,,,,,,,	2017-09-04 13:10:17,仁恒置地-法味朵风
	17090413112838485334637,60.0,,60.0,,,,,,,	2017-09-04 13:11:38,仁恒置地-法味朵风
	17090416081349405638874,70.0,,70.0,,,,,,,	2017-09-04 16:08:32,仁恒置地-法味朵风
	17090418345056194330050,70.0,,70.0,,,,,,,	2017-09-04 18:34:59,仁恒置地-法味朵风
	17090419502529878675856,60.0,,0.0,,,,,,,	2017-09-04 19:50:38,仁恒置地-法味朵风
	17090420035624264595126,70.0,,70.0,,,,,,,	2017-09-04 20:04:03,仁恒置地-法味朵风
	17090420101117351460359,70.0,,70.0,,,,,,,	2017-09-04 20:10:18,仁恒置地-法味朵风
	17090420293263049272480,70.0,,70.0,,,,,,,	2017-09-04 20:29:39,仁恒置地-法味朵风
	17090420310560970698120,60.0,,60.0,,,,,,,	2017-09-04 20:31:14,仁恒置地-法味朵风
	17090420315213831484683,60.0,,60.0,,,,,,,	2017-09-04 20:31:58,仁恒置地-法味朵风
	17090420440257331391230,70.0,,70.0,,,,,,,	2017-09-04 20:44:10,仁恒置地-法味朵风
	17090420451632379997129,60.0,,60.0,,,,,,,	2017-09-04 20:45:39,仁恒置地-法味朵风
	17090422053053145549805,60.0,,60.0,,,,,,,	2017-09-04 22:05:39,仁恒置地-法味朵风
	17090510574453924478981,60.0,,60.0,,,,,,,	2017-09-05 10:57:52,仁恒置地-法味朵风
	17090513430407953062400,70.0,,70.0,,,,,,,	2017-09-05 13:43:12,仁恒置地-法味朵风
	17090514124945891283520,60.0,,0.0,,,,,,,	2017-09-05 14:13:17,仁恒置地-法味朵风
	17090514134759240295833,60.0,,0.0,,,,,,,	2017-09-05 14:13:56,仁恒置地-法味朵风
	17090514170390604167476,70.0,,70.0,,,,,,,	2017-09-05 14:17:12,仁恒置地-法味朵风
	17090514425532351812829,70.0,,70.0,,,,,,,	2017-09-05 14:43:00,仁恒置地-法味朵风
	17090514461092705058336,70.0,,70.0,,,,,,,	2017-09-05 14:46:16,仁恒置地-法味朵风
	17090515284169037029184,70.0,,70.0,,,,,,,	2017-09-05 15:28:50,仁恒置地-法味朵风
	17090515301068853565665,70.0,,70.0,,,,,,,	2017-09-05 15:30:15,仁恒置地-法味朵风
	17090516232884637821080,60.0,,60.0,,,,,,,	2017-09-05 16:23:40,仁恒置地-法味朵风
	17090517111205893889294,70.0,,70.0,,,,,,,	2017-09-05 17:11:18,仁恒置地-法味朵风
	17090519101839177135232,60.0,,60.0,,,,,,,	2017-09-05 19:11:19,仁恒置地-法味朵风
	17090521405343374536204,60.0,,0.0,,,,,,,	2017-09-05 21:41:04,仁恒置地-法味朵风
	17090522542834931069956,60.0,,60.0,,,,,,,	2017-09-05 22:54:35,仁恒置地-法味朵风
	17090522544443038304694,60.0,,60.0,,,,,,,	2017-09-05 22:54:51,仁恒置地-法味朵风
	17090609232490944950405,60.0,,0.0,,,,,,,	2017-09-06 09:23:33,仁恒置地-法味朵风
	17090609234223360814376,60.0,,0.0,,,,,,,	2017-09-06 09:23:46,仁恒置地-法味朵风
	17090609253440378973589,70.0,,70.0,,,,,,,	2017-09-06 09:25:41,仁恒置地-法味朵风
	17090610313547100546755,60.0,,60.0,,,,,,,	2017-09-06 10:31:46,仁恒置地-法味朵风
	17090611493262035619205,60.0,,60.0,,,,,,,	2017-09-06 11:49:45,仁恒置地-法味朵风
	17090613563162856941750,70.0,,70.0,,,,,,,	2017-09-06 13:56:52,仁恒置地-法味朵风
	17090614582530508571340,70.0,,70.0,,,,,,,	2017-09-06 14:58:31,仁恒置地-法味朵风
	17090615130459452913758,60.0,,60.0,,,,,,,	2017-09-06 15:13:12,仁恒置地-法味朵风
	17090615140868454219431,60.0,,60.0,,,,,,,	2017-09-06 15:14:14,仁恒置地-法味朵风
	17090615183709013483080,70.0,,70.0,,,,,,,	2017-09-06 15:18:42,仁恒置地-法味朵风
	17090615185047358749812,70.0,,70.0,,,,,,,	2017-09-06 15:18:55,仁恒置地-法味朵风
	17090615190570371054949,70.0,,70.0,,,,,,,	2017-09-06 15:19:11,仁恒置地-法味朵风
	17090616152380211740746,60.0,,0.0,,,,,,,	2017-09-06 16:15:51,仁恒置地-法味朵风
	17090616162356011295297,60.0,,0.0,,,,,,,	2017-09-06 16:16:28,仁恒置地-法味朵风
	17090709282846509400303,70.0,,70.0,,,,,,,	2017-09-07 09:28:34,仁恒置地-法味朵风
	17090709524576803497385,70.0,,70.0,,,,,,,	2017-09-07 09:52:55,仁恒置地-法味朵风
	17090709591267324953974,70.0,,0.0,,,,,,,	2017-09-07 09:59:28,仁恒置地-法味朵风
	17090710031980426252484,70.0,,70.0,,,,,,,	2017-09-07 10:03:39,仁恒置地-法味朵风
	17090710061589039228385,70.0,,0.0,,,,,,,	2017-09-07 10:06:25,仁恒置地-法味朵风
	17090710070613591533195,70.0,,0.0,,,,,,,	2017-09-07 10:07:17,仁恒置地-法味朵风
	17090710072531707416206,70.0,,70.0,,,,,,,	2017-09-07 10:07:33,仁恒置地-法味朵风
	17090710123704655056839,70.0,,70.0,,,,,,,	2017-09-07 10:12:49,仁恒置地-法味朵风
	17090710131771532764586,70.0,,70.0,,,,,,,	2017-09-07 10:13:24,仁恒置地-法味朵风
	17090710152221577836499,70.0,,70.0,,,,,,,	2017-09-07 10:15:30,仁恒置地-法味朵风
	17090710193987187938963,70.0,,70.0,,,,,,,	2017-09-07 10:19:47,仁恒置地-法味朵风
	17090710232236869312626,70.0,,70.0,,,,,,,	2017-09-07 10:23:29,仁恒置地-法味朵风
	17090710242095662165210,70.0,,70.0,,,,,,,	2017-09-07 10:24:32,仁恒置地-法味朵风
	17090710260499540096718,70.0,,70.0,,,,,,,	2017-09-07 10:26:17,仁恒置地-法味朵风
	17090710273348030614646,70.0,,70.0,,,,,,,	2017-09-07 10:27:39,仁恒置地-法味朵风
	17090710324531473041069,70.0,,70.0,,,,,,,	2017-09-07 10:32:59,仁恒置地-法味朵风
	17090710371046471812783,70.0,,70.0,,,,,,,	2017-09-07 10:37:16,仁恒置地-法味朵风
	17090710410211669332807,70.0,,70.0,,,,,,,	2017-09-07 10:41:07,仁恒置地-法味朵风
	17090710455500340012154,70.0,,0.0,,,,,,,	2017-09-07 10:46:03,仁恒置地-法味朵风
	17090710465117074729049,70.0,,70.0,,,,,,,	2017-09-07 10:46:58,仁恒置地-法味朵风
	17090710563293414618972,70.0,,70.0,,,,,,,	2017-09-07 10:56:38,仁恒置地-法味朵风
	17090710583222292701020,70.0,,70.0,,,,,,,	2017-09-07 10:58:54,仁恒置地-法味朵风
	17090711101769770724055,70.0,,70.0,,,,,,,	2017-09-07 11:10:24,仁恒置地-法味朵风
	17090711180260882196156,70.0,,70.0,,,,,,,	2017-09-07 11:18:11,仁恒置地-法味朵风
	17090711180333625942578,60.0,,60.0,,,,,,,	2017-09-07 11:18:12,仁恒置地-法味朵风
	17090711211645620635146,70.0,,70.0,,,,,,,	2017-09-07 11:21:22,仁恒置地-法味朵风
	17090711241599993130478,70.0,,70.0,,,,,,,	2017-09-07 11:24:22,仁恒置地-法味朵风
	17090711244798178098693,70.0,,70.0,,,,,,,	2017-09-07 11:24:53,仁恒置地-法味朵风
	17090711250107683220190,70.0,,70.0,,,,,,,	2017-09-07 11:25:06,仁恒置地-法味朵风
	17090711260066330533041,70.0,,70.0,,,,,,,	2017-09-07 11:26:06,仁恒置地-法味朵风
	17090711262139862410427,70.0,,70.0,,,,,,,	2017-09-07 11:26:26,仁恒置地-法味朵风
	17090711263547055435098,70.0,,70.0,,,,,,,	2017-09-07 11:26:40,仁恒置地-法味朵风
	17090711270174492660325,60.0,,60.0,,,,,,,	2017-09-07 11:27:09,仁恒置地-法味朵风
	17090711272035215546301,70.0,,70.0,,,,,,,	2017-09-07 11:27:24,仁恒置地-法味朵风
	17090711281597153399337,70.0,,70.0,,,,,,,	2017-09-07 11:28:20,仁恒置地-法味朵风
	17090711283871253469957,70.0,,70.0,,,,,,,	2017-09-07 11:28:51,仁恒置地-法味朵风
	17090711484200459261141,70.0,,70.0,,,,,,,	2017-09-07 11:48:47,仁恒置地-法味朵风
	17090711582360687029014,70.0,,70.0,,,,,,,	2017-09-07 11:58:32,仁恒置地-法味朵风
	17090712051284037333595,60.0,,60.0,,,,,,,	2017-09-07 12:05:22,仁恒置地-法味朵风
	17090712053137799955866,60.0,,60.0,,,,,,,	2017-09-07 12:05:36,仁恒置地-法味朵风
	17090712103305302226828,70.0,,70.0,,,,,,,	2017-09-07 12:10:39,仁恒置地-法味朵风
	17090712133809658043446,70.0,,70.0,,,,,,,	2017-09-07 12:13:52,仁恒置地-法味朵风
	17090712281835498981295,60.0,,0.0,,,,,,,	2017-09-07 12:28:26,仁恒置地-法味朵风
	17090712473991752399550,70.0,,0.0,,,,,,,	2017-09-07 12:47:45,仁恒置地-法味朵风
	17090713031243780580901,70.0,,70.0,,,,,,,	2017-09-07 13:03:21,仁恒置地-法味朵风
	17090713093105620386547,70.0,,70.0,,,,,,,	2017-09-07 13:09:38,仁恒置地-法味朵风
	17090713124350491317400,70.0,,70.0,,,,,,,	2017-09-07 13:12:50,仁恒置地-法味朵风
	17090713165773900808507,70.0,,70.0,,,,,,,	2017-09-07 13:17:07,仁恒置地-法味朵风
	17090713162526820806880,70.0,,0.0,,,,,,,	2017-09-07 13:17:14,仁恒置地-法味朵风
	17090713184505937146553,70.0,,70.0,,,,,,,	2017-09-07 13:18:52,仁恒置地-法味朵风
	17090713191281271355529,70.0,,70.0,,,,,,,	2017-09-07 13:19:19,仁恒置地-法味朵风
	17090713260924360031616,70.0,,70.0,,,,,,,	2017-09-07 13:26:16,仁恒置地-法味朵风
	17090713264645594846374,70.0,,0.0,,,,,,,	2017-09-07 13:26:53,仁恒置地-法味朵风
	17090713404506605169731,70.0,,70.0,,,,,,,	2017-09-07 13:41:06,仁恒置地-法味朵风
	17090713443113104166649,60.0,,60.0,,,,,,,	2017-09-07 13:44:38,仁恒置地-法味朵风
	17090713502606427433621,70.0,,70.0,,,,,,,	2017-09-07 13:50:33,仁恒置地-法味朵风
	17090714355466517555312,70.0,,70.0,,,,,,,	2017-09-07 14:36:01,仁恒置地-法味朵风
	17090714454266686143629,70.0,,70.0,,,,,,,	2017-09-07 14:53:15,仁恒置地-法味朵风
	17090714581289677438798,60.0,,0.0,,,,,,,	2017-09-07 14:58:24,仁恒置地-法味朵风
	17090715254357661798870,60.0,,0.0,,,,,,,	2017-09-07 15:25:51,仁恒置地-法味朵风
	17090715260661086411994,60.0,,0.0,,,,,,,	2017-09-07 15:26:10,仁恒置地-法味朵风
	17090715440303027237842,70.0,,70.0,,,,,,,	2017-09-07 15:44:26,仁恒置地-法味朵风
	17090715514565057521414,70.0,,70.0,,,,,,,	2017-09-07 15:51:54,仁恒置地-法味朵风
	17090716041938127839628,70.0,,70.0,,,,,,,	2017-09-07 16:04:27,仁恒置地-法味朵风
	17090716582947084549216,70.0,,70.0,,,,,,,	2017-09-07 16:58:36,仁恒置地-法味朵风
	17090720373423688022065,60.0,,60.0,,,,,,,	2017-09-07 20:37:41,仁恒置地-法味朵风
	17090721155392039527967,70.0,,70.0,,,,,,,	2017-09-07 21:16:05,仁恒置地-法味朵风
	17090722544811073114734,60.0,,60.0,,,,,,,	2017-09-07 22:54:56,仁恒置地-法味朵风
	17090722560514229877389,70.0,,70.0,,,,,,,	2017-09-07 22:56:09,仁恒置地-法味朵风
	17090722562695134479222,60.0,,60.0,,,,,,,	2017-09-07 22:56:34,仁恒置地-法味朵风
	17090810441007805634073,60.0,,0.0,,,,,,,	2017-09-08 10:44:19,仁恒置地-法味朵风
	17090811181557983497372,60.0,,60.0,,,,,,,	2017-09-08 11:18:22,仁恒置地-法味朵风
	17090811191378886708871,60.0,,0.0,,,,,,,	2017-09-08 11:19:20,仁恒置地-法味朵风
	17090811283465304382217,60.0,,0.0,,,,,,,	2017-09-08 11:28:45,仁恒置地-法味朵风
	17090811450087224923940,60.0,,60.0,,,,,,,	2017-09-08 11:45:21,仁恒置地-法味朵风
	17090811480586295425561,60.0,,0.0,,,,,,,	2017-09-08 11:48:15,仁恒置地-法味朵风
	17090811495405981373947,60.0,,60.0,,,,,,,	2017-09-08 11:50:15,仁恒置地-法味朵风
	17090811554727793259384,60.0,,60.0,,,,,,,	2017-09-08 11:55:54,仁恒置地-法味朵风
	17090812083244499182844,60.0,,60.0,,,,,,,	2017-09-08 12:08:38,仁恒置地-法味朵风
	17090812121930246666441,60.0,,60.0,,,,,,,	2017-09-08 12:12:26,仁恒置地-法味朵风
	17090812125104097551607,60.0,,60.0,,,,,,,	2017-09-08 12:13:06,仁恒置地-法味朵风
	17090812130996176890432,60.0,,60.0,,,,,,,	2017-09-08 12:13:25,仁恒置地-法味朵风
	17090812164782463098240,60.0,,60.0,,,,,,,	2017-09-08 12:16:55,仁恒置地-法味朵风
	17090812171585522533914,60.0,,60.0,,,,,,,	2017-09-08 12:17:23,仁恒置地-法味朵风
	17090812175456281341334,60.0,,60.0,,,,,,,	2017-09-08 12:18:04,仁恒置地-法味朵风
	17090812231702124519685,60.0,,60.0,,,,,,,	2017-09-08 12:23:24,仁恒置地-法味朵风
	17090812234123641678335,60.0,,60.0,,,,,,,	2017-09-08 12:23:46,仁恒置地-法味朵风
	17090812275661947786291,60.0,,0.0,,,,,,,	2017-09-08 12:28:06,仁恒置地-法味朵风
	17090812295984883773757,60.0,,0.0,,,,,,,	2017-09-08 12:30:10,仁恒置地-法味朵风
	17090812304645600382521,60.0,,0.0,,,,,,,	2017-09-08 12:30:51,仁恒置地-法味朵风
	17090812312645931960462,60.0,,60.0,,,,,,,	2017-09-08 12:31:41,仁恒置地-法味朵风
	17090812321769645046977,70.0,,70.0,,,,,,,	2017-09-08 12:32:25,仁恒置地-法味朵风
	17090812325730902610911,60.0,,60.0,,,,,,,	2017-09-08 12:33:06,仁恒置地-法味朵风
	17090812341825197645033,60.0,,60.0,,,,,,,	2017-09-08 12:34:26,仁恒置地-法味朵风
	17090812343119022627548,60.0,,60.0,,,,,,,	2017-09-08 12:34:44,仁恒置地-法味朵风
	17090812344844046949582,60.0,,60.0,,,,,,,	2017-09-08 12:35:12,仁恒置地-法味朵风
	17090812391580916178099,60.0,,60.0,,,,,,,	2017-09-08 12:39:32,仁恒置地-法味朵风
	17090812412352936100874,60.0,,60.0,,,,,,,	2017-09-08 12:41:33,仁恒置地-法味朵风
	17090812415173320225431,60.0,,60.0,,,,,,,	2017-09-08 12:42:00,仁恒置地-法味朵风
	17090812434439899927619,70.0,,70.0,,,,,,,	2017-09-08 12:43:49,仁恒置地-法味朵风
	17090812523591227883295,60.0,,60.0,,,,,,,	2017-09-08 12:52:42,仁恒置地-法味朵风
	17090812560426789820928,60.0,,60.0,,,,,,,	2017-09-08 12:56:11,仁恒置地-法味朵风
	17090812571734358260405,60.0,,60.0,,,,,,,	2017-09-08 12:57:25,仁恒置地-法味朵风
	17090812590002192431974,60.0,,60.0,,,,,,,	2017-09-08 12:59:07,仁恒置地-法味朵风
	17090813010775973107900,60.0,,60.0,,,,,,,	2017-09-08 13:01:14,仁恒置地-法味朵风
	17090813025150567522976,60.0,,60.0,,,,,,,	2017-09-08 13:02:55,仁恒置地-法味朵风
	17090813042861477201891,60.0,,60.0,,,,,,,	2017-09-08 13:04:33,仁恒置地-法味朵风
	17090813075179094171169,60.0,,60.0,,,,,,,	2017-09-08 13:08:00,仁恒置地-法味朵风
	17090813122622390232293,60.0,,60.0,,,,,,,	2017-09-08 13:12:43,仁恒置地-法味朵风
	17090813142073714294579,60.0,,60.0,,,,,,,	2017-09-08 13:14:32,仁恒置地-法味朵风
	17090813185151574416273,60.0,,60.0,,,,,,,	2017-09-08 13:19:31,仁恒置地-法味朵风
	17090813195311429382424,60.0,,60.0,,,,,,,	2017-09-08 13:20:06,仁恒置地-法味朵风
	17090813283794561056425,60.0,,60.0,,,,,,,	2017-09-08 13:29:07,仁恒置地-法味朵风
	17090813291981323672898,60.0,,60.0,,,,,,,	2017-09-08 13:29:25,仁恒置地-法味朵风
	17090813314223336505968,60.0,,60.0,,,,,,,	2017-09-08 13:32:07,仁恒置地-法味朵风
	17090813350201943707842,60.0,,60.0,,,,,,,	2017-09-08 13:35:08,仁恒置地-法味朵风
	17090813365893351662285,60.0,,60.0,,,,,,,	2017-09-08 13:37:07,仁恒置地-法味朵风
	17090813384676308492793,60.0,,60.0,,,,,,,	2017-09-08 13:38:53,仁恒置地-法味朵风
	17090813404561108917996,60.0,,60.0,,,,,,,	2017-09-08 13:41:19,仁恒置地-法味朵风
	17090814044444385301710,60.0,,60.0,,,,,,,	2017-09-08 14:04:51,仁恒置地-法味朵风
	17090814050502192692180,60.0,,60.0,,,,,,,	2017-09-08 14:05:11,仁恒置地-法味朵风
	17090814162472209359378,60.0,,60.0,,,,,,,	2017-09-08 14:16:33,仁恒置地-法味朵风
	17090814310236722357829,60.0,,60.0,,,,,,,	2017-09-08 14:31:08,仁恒置地-法味朵风
	17090814350027101912586,60.0,,60.0,,,,,,,	2017-09-08 14:35:15,仁恒置地-法味朵风
	17090814354834609109189,60.0,,60.0,,,,,,,	2017-09-08 14:35:55,仁恒置地-法味朵风
	17090814371311067329526,70.0,,70.0,,,,,,,	2017-09-08 14:37:21,仁恒置地-法味朵风
	17090814385289124989900,60.0,,60.0,,,,,,,	2017-09-08 14:38:59,仁恒置地-法味朵风
	17090814502796311690969,60.0,,60.0,,,,,,,	2017-09-08 14:50:35,仁恒置地-法味朵风
	17090814512605990212047,60.0,,60.0,,,,,,,	2017-09-08 14:51:45,仁恒置地-法味朵风
	17090814513774705573761,60.0,,60.0,,,,,,,	2017-09-08 14:51:55,仁恒置地-法味朵风
	17090814543505869919263,60.0,,60.0,,,,,,,	2017-09-08 14:54:41,仁恒置地-法味朵风
	17090815274110676131074,70.0,,70.0,,,,,,,	2017-09-08 15:27:48,仁恒置地-法味朵风
	17090815331792919770307,70.0,,70.0,,,,,,,	2017-09-08 15:33:24,仁恒置地-法味朵风
	17090817103294268377154,70.0,,70.0,,,,,,,	2017-09-08 17:10:40,仁恒置地-法味朵风
	17090817324656020285756,60.0,,60.0,,,,,,,	2017-09-08 17:32:53,仁恒置地-法味朵风
	17090817330381814180640,60.0,,60.0,,,,,,,	2017-09-08 17:33:09,仁恒置地-法味朵风
	17090817531913872612307,60.0,,60.0,,,,,,,	2017-09-08 17:53:38,仁恒置地-法味朵风
	17090817544196303860391,60.0,,60.0,,,,,,,	2017-09-08 17:54:48,仁恒置地-法味朵风
	17090818081905982935162,60.0,,60.0,,,,,,,	2017-09-08 18:08:25,仁恒置地-法味朵风
	17090818090595561135262,60.0,,60.0,,,,,,,	2017-09-08 18:09:12,仁恒置地-法味朵风
	17090818102678065312453,60.0,,60.0,,,,,,,	2017-09-08 18:10:35,仁恒置地-法味朵风
	17090818105031847408154,60.0,,60.0,,,,,,,	2017-09-08 18:10:56,仁恒置地-法味朵风
	17090818160982359521927,60.0,,60.0,,,,,,,	2017-09-08 18:16:17,仁恒置地-法味朵风
	17090818163954294745596,60.0,,60.0,,,,,,,	2017-09-08 18:16:44,仁恒置地-法味朵风
	17090818173179616598942,60.0,,60.0,,,,,,,	2017-09-08 18:17:40,仁恒置地-法味朵风
	17090818205848621262573,60.0,,60.0,,,,,,,	2017-09-08 18:21:40,仁恒置地-法味朵风
	17090818223859594990162,60.0,,60.0,,,,,,,	2017-09-08 18:22:44,仁恒置地-法味朵风
	17090818253191355381551,60.0,,60.0,,,,,,,	2017-09-08 18:25:46,仁恒置地-法味朵风
	17090818260787483162985,60.0,,60.0,,,,,,,	2017-09-08 18:26:15,仁恒置地-法味朵风
	17090818282213403909727,60.0,,60.0,,,,,,,	2017-09-08 18:28:34,仁恒置地-法味朵风
	17090818285173342612484,60.0,,60.0,,,,,,,	2017-09-08 18:28:58,仁恒置地-法味朵风
	17090818292055985455609,60.0,,60.0,,,,,,,	2017-09-08 18:29:26,仁恒置地-法味朵风
	17090818325165151683496,60.0,,60.0,,,,,,,	2017-09-08 18:32:58,仁恒置地-法味朵风
	17090818363208976538144,60.0,,60.0,,,,,,,	2017-09-08 18:36:38,仁恒置地-法味朵风
	17090818364858595853590,60.0,,60.0,,,,,,,	2017-09-08 18:36:55,仁恒置地-法味朵风
	17090818371274975623575,60.0,,60.0,,,,,,,	2017-09-08 18:37:18,仁恒置地-法味朵风
	17090818372842356195321,60.0,,60.0,,,,,,,	2017-09-08 18:37:33,仁恒置地-法味朵风
	17090818380448906486802,60.0,,60.0,,,,,,,	2017-09-08 18:38:10,仁恒置地-法味朵风
	17090818381557208962760,60.0,,60.0,,,,,,,	2017-09-08 18:38:27,仁恒置地-法味朵风
	17090818383479402153396,60.0,,60.0,,,,,,,	2017-09-08 18:38:41,仁恒置地-法味朵风
	17090818412874360640907,60.0,,60.0,,,,,,,	2017-09-08 18:41:35,仁恒置地-法味朵风
	17090818414564109998668,60.0,,60.0,,,,,,,	2017-09-08 18:41:51,仁恒置地-法味朵风
	17090818435767603829629,60.0,,60.0,,,,,,,	2017-09-08 18:44:10,仁恒置地-法味朵风
	17090819064951786777524,60.0,,60.0,,,,,,,	2017-09-08 19:06:56,仁恒置地-法味朵风
	17090819071471089627274,60.0,,0.0,,,,,,,	2017-09-08 19:07:23,仁恒置地-法味朵风
	17090819081269594721880,60.0,,0.0,,,,,,,	2017-09-08 19:08:19,仁恒置地-法味朵风
	17090819150796343881799,70.0,,70.0,,,,,,,	2017-09-08 19:15:37,仁恒置地-法味朵风
	17090819185289181231427,60.0,,60.0,,,,,,,	2017-09-08 19:19:04,仁恒置地-法味朵风
	17090819192068238456539,60.0,,60.0,,,,,,,	2017-09-08 19:19:27,仁恒置地-法味朵风
	17090819252997193763907,60.0,,60.0,,,,,,,	2017-09-08 19:25:39,仁恒置地-法味朵风
	17090819263717700100879,60.0,,60.0,,,,,,,	2017-09-08 19:26:46,仁恒置地-法味朵风
	17090819280238427910339,70.0,,70.0,,,,,,,	2017-09-08 19:28:12,仁恒置地-法味朵风
	17090819395988138459353,60.0,,60.0,,,,,,,	2017-09-08 19:40:14,仁恒置地-法味朵风
	17090819403718403106076,60.0,,60.0,,,,,,,	2017-09-08 19:40:45,仁恒置地-法味朵风
	17090819410406695670742,60.0,,60.0,,,,,,,	2017-09-08 19:41:12,仁恒置地-法味朵风
	17090819554407614996033,60.0,,0.0,,,,,,,	2017-09-08 19:55:52,仁恒置地-法味朵风
	17090819561771161290997,60.0,,0.0,,,,,,,	2017-09-08 19:56:24,仁恒置地-法味朵风
	17090819564503140472016,60.0,,0.0,,,,,,,	2017-09-08 19:56:52,仁恒置地-法味朵风
	17090819572506855292273,60.0,,0.0,,,,,,,	2017-09-08 19:57:31,仁恒置地-法味朵风
	17090820160535187446777,60.0,,60.0,,,,,,,	2017-09-08 20:17:05,仁恒置地-法味朵风
	17090820172400661331279,60.0,,60.0,,,,,,,	2017-09-08 20:17:31,仁恒置地-法味朵风
	17090820174052288976280,60.0,,60.0,,,,,,,	2017-09-08 20:17:48,仁恒置地-法味朵风
	17090820132396994355443,60.0,,60.0,,,,,,,	2017-09-08 20:33:50,仁恒置地-法味朵风
	17090820340666278719103,60.0,,60.0,,,,,,,	2017-09-08 20:34:13,仁恒置地-法味朵风
	17090820342641413830755,60.0,,60.0,,,,,,,	2017-09-08 20:34:32,仁恒置地-法味朵风
	17090820344963918878829,60.0,,60.0,,,,,,,	2017-09-08 20:34:55,仁恒置地-法味朵风
	17090820350355096573458,60.0,,60.0,,,,,,,	2017-09-08 20:35:09,仁恒置地-法味朵风
	17090820352043900225566,60.0,,60.0,,,,,,,	2017-09-08 20:35:26,仁恒置地-法味朵风
	17090820355448379583921,60.0,,60.0,,,,,,,	2017-09-08 20:36:01,仁恒置地-法味朵风
	17090820362030459179431,60.0,,60.0,,,,,,,	2017-09-08 20:36:28,仁恒置地-法味朵风
	17090820363751762036724,60.0,,60.0,,,,,,,	2017-09-08 20:36:44,仁恒置地-法味朵风
	17090820375738302696650,60.0,,60.0,,,,,,,	2017-09-08 20:38:04,仁恒置地-法味朵风
	17090820381811843666927,60.0,,60.0,,,,,,,	2017-09-08 20:38:23,仁恒置地-法味朵风
	17090821125527336976428,60.0,,60.0,,,,,,,	2017-09-08 21:13:05,仁恒置地-法味朵风
	17090822451862852536516,60.0,,60.0,,,,,,,	2017-09-08 22:45:26,仁恒置地-法味朵风
