4006392001201709019479063562,17090111255220067866323,2017-09-01 03:25:51.880824,2017-09-01 03:26:06.100237,20170901112604,60.00,LM1504236351870480819,13708082164,李杨,8600241913,0,60团100餐饮代金券
4002242001201709019518716761,17090114222374570814304,2017-09-01 06:22:23.380921,2017-09-01 06:22:37.156064,20170901142236,60.00,LM1504246943370149002,15828192560,郭潇文,8600277925,0,60团100餐饮代金券
4004162001201709019532604560,17090115411468228722771,2017-09-01 07:41:14.394633,2017-09-01 07:41:26.220143,20170901154125,60.00,LM1504251674382856360,13551183583,兰兰,9000001040,0,60团100餐饮代金券
4001642001201709019533483261,17090115590156933529630,2017-09-01 07:59:01.366867,2017-09-01 11:15:32.383744,20170901155908,60.00,LM1504252741354746339,13550339773,龚洁,8600254569,1,60团100餐饮代金券
4003652001201709029823937786,17090221420787963952098,2017-09-02 13:42:07.742347,2017-09-02 13:42:26.246039,20170902214224,60.00,LM1504359727730133224,15528089858,Dellven,9000000333,0,60团100餐饮代金券
4007672001201709039945073948,17090313574220807946997,2017-09-03 05:57:42.106296,2017-09-04 12:32:08.529178,20170903135801,60.00,LM1504418262096136394,13808029980,中青旅豌豆,9000003149,1,60团100餐饮代金券
4007312001201709040142573014,17090412554135077312312,2017-09-04 04:55:41.160184,2017-09-04 04:55:49.440767,20170904125548,60.00,LM1504500941150079198,13666123033,王臻,8600283592,0,60团100餐饮代金券
4006882001201709040140180231,17090413100878004279858,2017-09-04 05:10:08.534191,2017-09-04 05:10:18.388834,20170904131017,60.00,LM1504501808522261794,18980051880,Cathy,9000004344,0,60团100餐饮代金券
4005352001201709040140206777,17090413112838485334637,2017-09-04 05:11:28.185679,2017-09-08 04:10:52.603940,20170904131138,60.00,LM1504501888173333362,15198057158,小明,9000001269,1,60团100餐饮代金券
4003992001201709040172675487,17090416081349405638874,2017-09-04 08:08:13.327532,2017-09-04 08:08:33.840044,20170904160832,70.00,LM1504512493317304149,18148001806,Enovash,9000001577,0,70元生活业态抵用券
4007562001201709040192293344,17090418345056194330050,2017-09-04 10:34:50.001521,2017-09-04 10:35:00.770150,20170904183459,70.00,LM1504521289989506013,13908014879,卢建红,8600319693,0,70元生活业态抵用券
4005292001201709040209627663,17090419502529878675856,2017-09-04 11:50:25.114648,2017-09-04 11:51:20.957718,20170904195038,60.00,LM1504525825102434103,13666120909,Cathy兔儿,9000001140,1,60团100餐饮代金券
4005292001201709040214662787,17090420035624264595126,2017-09-04 12:03:56.042199,2017-09-04 12:04:04.349435,20170904200403,70.00,LM1504526636031516276,13980889499,覃覃覃覃覃妖怪,9000002203,0,70元生活业态抵用券
4004052001201709040214954079,17090420101117351460359,2017-09-04 12:10:11.062049,2017-09-08 04:26:57.131165,20170904201018,70.00,LM1504527011049965917,18030589691,李佳加,9000004200,1,70元生活业态抵用券
4009842001201709040220763396,17090420293263049272480,2017-09-04 12:29:32.387798,2017-09-04 12:29:40.452394,20170904202939,70.00,LM1504528172375833297,18908371085,ZHENG Z.,9000002954,0,70元生活业态抵用券
4009792001201709040219548514,17090420310560970698120,2017-09-04 12:31:05.367980,2017-09-04 12:31:15.181913,20170904203114,60.00,LM1504528265357639846,18580150311,唐毅,8600301824,0,60团100餐饮代金券
4009792001201709040219606260,17090420315213831484683,2017-09-04 12:31:51.865444,2017-09-04 12:31:59.284567,20170904203158,60.00,LM1504528311853449363,18580150311,唐毅,8600301824,0,60团100餐饮代金券
4002122001201709040218162315,17090420440257331391230,2017-09-04 12:44:02.259251,2017-09-04 12:44:11.659274,20170904204410,70.00,LM1504529042249006126,13708155588,余惠秋,8600088173,0,70元生活业态抵用券
4007782001201709040221508246,17090420451632379997129,2017-09-04 12:45:16.153052,2017-09-04 12:45:40.964937,20170904204539,60.00,LM1504529116142625884,13880999528,薇薇九亿,8600317119,0,60团100餐饮代金券
4008802001201709040231848930,17090422053053145549805,2017-09-04 14:05:30.264974,2017-09-04 14:05:41.626119,20170904220539,60.00,LM1504533930254393887,15982128445,刘丹,9000000931,0,60团100餐饮代金券
4001392001201709050308925350,17090510574453924478981,2017-09-05 02:57:44.340064,2017-09-05 02:57:53.771634,20170905105752,60.00,LM1504580264328018851,13658070459,？？鄢？？,9000004069,0,60团100餐饮代金券
4005552001201709050335836358,17090513430407953062400,2017-09-05 05:43:03.855767,2017-09-19 17:43:36.558266,20170905134312,70.00,LM1504590183843807137,18509970723,章智宣,8600329072,1,70元生活业态抵用券
4003312001201709050342229123,17090514124945891283520,2017-09-05 06:12:49.168093,2017-09-05 06:18:45.176278,20170905141317,60.00,LM1504591969157008345,13982151108,杨蓉,8700024243,1,60团100餐饮代金券
4003312001201709050342254367,17090514134759240295833,2017-09-05 06:13:47.372442,2017-09-05 06:18:21.470916,20170905141356,60.00,LM1504592027361862417,13982151108,杨蓉,8700024243,1,60团100餐饮代金券
4003312001201709050347061082,17090514170390604167476,2017-09-05 06:17:03.605035,2017-09-05 06:17:14.258596,20170905141712,70.00,LM1504592223594326341,13982151108,杨蓉,8700024243,0,70元生活业态抵用券
4006652001201709050347986679,17090514425532351812829,2017-09-05 06:42:55.093051,2017-09-05 06:43:02.058961,20170905144300,70.00,LM1504593775081114002,13881767681,张杰,8600299002,0,70元生活业态抵用券
4006652001201709050348141657,17090514461092705058336,2017-09-05 06:46:10.839568,2017-09-05 06:46:17.402844,20170905144616,70.00,LM1504593970827385472,13881767681,张杰,8600299002,0,70元生活业态抵用券
4005272001201709050352035023,17090515284169037029184,2017-09-05 07:28:41.450799,2017-09-05 07:28:54.312212,20170905152850,70.00,LM1504596521438383691,18980668724,Cat,9000003857,0,70元生活业态抵用券
4005272001201709050355810512,17090515301068853565665,2017-09-05 07:30:10.452172,2017-09-05 07:30:16.853129,20170905153015,70.00,LM1504596610441639759,18980668724,Cat,9000003857,0,70元生活业态抵用券
4002352001201709050360146554,17090516232884637821080,2017-09-05 08:23:28.547519,2017-09-08 06:24:52.264422,20170905162340,60.00,LM1504599808537300109,13308039699,张玉萍,8600224752,1,60团100餐饮代金券
4009692001201709050373028619,17090517111205893889294,2017-09-05 09:11:11.863316,2017-09-05 09:11:20.077605,20170905171118,70.00,LM1504602671851285082,18908202409,Yulan,9000003898,0,70元生活业态抵用券
4005462001201709050392161747,17090519101839177135232,2017-09-05 11:10:18.199420,2017-09-07 10:10:22.014085,20170905191119,60.00,LM1504609818187384365,18402863334,王品申洪川（仁恒置地店）,9000004771,1,60团100餐饮代金券
4002672001201709050423452975,17090521405343374536204,2017-09-05 13:40:53.239906,2017-09-05 13:43:49.744067,20170905214104,60.00,LM1504618853227820090,13880404917,   大丸子？？,9000004615,1,60团100餐饮代金券
4001492001201709050436934245,17090522544443038304694,2017-09-05 14:54:44.311501,2017-09-05 14:54:52.498507,20170905225451,60.00,LM1504623284298981733,18602848655,Teresa Chun,9000003804,0,60团100餐饮代金券
4004442001201709060481361553,17090609232490944950405,2017-09-06 01:23:24.592638,2017-09-06 04:43:40.203215,20170906092333,60.00,LM1504661004580621508,15928860507,陈鑫,9000003234,1,60团100餐饮代金券
4004442001201709060483445093,17090609234223360814376,2017-09-06 01:23:41.192147,2017-09-06 04:43:24.856784,20170906092346,60.00,LM1504661021180472632,15928860507,陈鑫,9000003234,1,60团100餐饮代金券
4007852001201709060485147814,17090609253440378973589,2017-09-06 01:25:34.231402,2017-09-06 01:25:42.194808,20170906092541,70.00,LM1504661134219372074,18682553313,kary_ ？？,9000002069,0,70元生活业态抵用券
4008012001201709060494607651,17090610313547100546755,2017-09-06 02:31:35.331285,2017-09-06 02:31:47.856809,20170906103146,60.00,LM1504665095321026281,18980061842,孤单不寂寞,9000004599,0,60团100餐饮代金券
4009032001201709060503977543,17090611493262035619205,2017-09-06 03:49:32.402970,2017-09-06 03:49:46.989131,20170906114945,60.00,LM1504669772390827954,18581708882,Owen,9000000160,0,60团100餐饮代金券
4001122001201709060532762748,17090613563162856941750,2017-09-06 05:56:31.406350,2017-09-06 05:56:53.509938,20170906135652,70.00,LM1504677391396296032,13881889928,陈宇清,8600113229,0,70元生活业态抵用券
4000962001201709060535934159,17090614582530508571340,2017-09-06 06:58:24.811028,2017-09-06 06:58:33.040486,20170906145831,70.00,LM1504681104801468531,18615766693,魏玲,8600188502,0,70元生活业态抵用券
4007182001201709060540025084,17090615130459452913758,2017-09-06 07:13:04.402225,2017-09-08 06:08:17.637579,20170906151312,60.00,LM1504681984390083371,18608006822,胡曦,9000004107,1,60团100餐饮代金券
4007182001201709060541515599,17090615140868454219431,2017-09-06 07:14:08.474542,2017-09-08 06:08:30.364327,20170906151414,60.00,LM1504682048462278502,18608006822,胡曦,9000004107,0,60团100餐饮代金券
4007182001201709060542681920,17090615183709013483080,2017-09-06 07:18:36.845290,2017-09-06 07:18:43.216868,20170906151842,70.00,LM1504682316835083875,18608006822,胡曦,9000004107,0,70元生活业态抵用券
4007182001201709060541730318,17090615185047358749812,2017-09-06 07:18:50.164787,2017-09-06 07:18:56.776434,20170906151855,70.00,LM1504682330152816161,18608006822,胡曦,9000004107,0,70元生活业态抵用券
4007182001201709060541761448,17090615190570371054949,2017-09-06 07:19:05.197681,2017-09-06 07:19:13.006632,20170906151911,70.00,LM1504682345185774940,18608006822,胡曦,9000004107,0,70元生活业态抵用券
4008442001201709060549858224,17090616152380211740746,2017-09-06 08:15:22.554925,2017-09-06 08:21:03.007591,20170906161551,60.00,LM1504685722542982968,13982216554,？？桃子妹妹？？？,9000004675,1,60团100餐饮代金券
4008442001201709060552481471,17090616162356011295297,2017-09-06 08:16:23.375057,2017-09-06 08:20:47.983232,20170906161628,60.00,LM1504685783364752917,13982216554,？？桃子妹妹？？？,9000004675,1,60团100餐饮代金券
4003992001201709070676315491,17090709282846509400303,2017-09-07 01:28:28.249273,2017-09-07 01:28:35.928365,20170907092834,70.00,LM1504747708238562301,18148001806,Enovash,9000001577,0,70元生活业态抵用券
4002992001201709070677338000,17090709524576803497385,2017-09-07 01:52:45.646284,2017-09-07 01:52:56.584929,20170907095255,70.00,LM1504749165634097022,13880736279,周周,9000003947,0,70元生活业态抵用券
4009282001201709070675884004,17090709591267324953974,2017-09-07 01:59:12.172532,2017-09-07 02:24:23.066452,20170907095928,70.00,LM1504749552160234562,18108183691,当时曾照,9000000553,1,70元生活业态抵用券
4000912001201709070677705118,17090710031980426252484,2017-09-07 02:03:19.569724,2017-09-07 02:03:40.714751,20170907100339,70.00,LM1504749799557549418,13808177836,Sonya,9000004175,0,70元生活业态抵用券
4000952001201709070677864620,17090710061589039228385,2017-09-07 02:06:15.616921,2017-09-07 02:08:10.243690,20170907100625,70.00,LM1504749975606883380,13540242837,刘小晖,8600247613,1,70元生活业态抵用券
4003052001201709070680502532,17090710070613591533195,2017-09-07 02:07:05.934062,2017-09-07 02:23:59.682762,20170907100717,70.00,LM1504750025922149029,15828304001,小可 同学,9000000666,1,70元生活业态抵用券
4009472001201709070676150351,17090710072531707416206,2017-09-07 02:07:25.098469,2017-09-07 02:07:34.705904,20170907100733,70.00,LM1504750045088284758,13558755506,郑舒瑕,8600309561,0,70元生活业态抵用券
4009892001201709070678066108,17090710123704655056839,2017-09-07 02:12:36.888680,2017-09-07 02:12:50.745725,20170907101249,70.00,LM1504750356878598258,15002858919,惠惠,9000003381,0,70元生活业态抵用券
4009892001201709070680751803,17090710131771532764586,2017-09-07 02:13:17.602601,2017-09-07 02:13:25.772321,20170907101324,70.00,LM1504750397592499861,15002858919,惠惠,9000003381,0,70元生活业态抵用券
4000952001201709070679037426,17090710193987187938963,2017-09-07 02:19:39.554349,2017-09-07 02:19:48.928998,20170907101947,70.00,LM1504750779544358077,13540242837,刘小晖,8600247613,0,70元生活业态抵用券
4009292001201709070682794697,17090710232236869312626,2017-09-07 02:23:22.253373,2017-09-07 02:23:30.165585,20170907102329,70.00,LM1504751002239873657,18608028606,MelodyTam,9000003883,0,70元生活业态抵用券
4007412001201709070684495365,17090710242095662165210,2017-09-07 02:24:20.699292,2017-09-07 02:24:36.652234,20170907102432,70.00,LM1504751060687315488,15183866877,Micco,9000005001,0,70元生活业态抵用券
4005952001201709070679255303,17090710260499540096718,2017-09-07 02:26:04.761251,2017-09-20 03:25:42.366398,20170907102617,70.00,LM1504751164748986307,15198261350,唐莉,8600240592,1,70元生活业态抵用券
4007572001201709070684629852,17090710273348030614646,2017-09-07 02:27:33.103110,2017-09-28 08:52:32.542984,20170907102739,70.00,LM1504751253093108168,13550040276,王慧羚,8600248876,1,70元生活业态抵用券
4009112001201709070681519026,17090710324531473041069,2017-09-07 02:32:45.091332,2017-09-16 13:15:20.502707,20170907103259,70.00,LM1504751565079086007,13709005125,？？zoe？？,9000001607,1,70元生活业态抵用券
4005952001201709070683362915,17090710371046471812783,2017-09-07 02:37:10.304794,2017-09-20 03:25:24.726227,20170907103716,70.00,LM1504751830292685077,15198261350,唐莉,8600240592,1,70元生活业态抵用券
4007572001201709070681755917,17090710410211669332807,2017-09-07 02:41:01.823275,2017-09-07 02:41:08.599713,20170907104107,70.00,LM1504752061812973207,13550040276,王慧羚,8600248876,0,70元生活业态抵用券
4001162001201709070680025715,17090710455500340012154,2017-09-07 02:45:54.753486,2017-09-07 02:48:40.513177,20170907104603,70.00,LM1504752354741596675,13882219099,岳一鸣,8600247688,1,70元生活业态抵用券
4004352001201709070681993873,17090710465117074729049,2017-09-07 02:46:51.027154,2017-09-30 08:23:24.094678,20170907104658,70.00,LM1504752411015401084,18224475558,大番薯,9000004121,1,70元生活业态抵用券
4007572001201709070688399054,17090710563293414618972,2017-09-07 02:56:32.707518,2017-09-07 02:56:39.321247,20170907105638,70.00,LM1504752992695551386,13550040276,王慧羚,8600248876,0,70元生活业态抵用券
4001642001201709070685876069,17090710583222292701020,2017-09-07 02:58:31.929046,2017-09-07 02:58:55.110973,20170907105854,70.00,LM1504753111918733957,18628213239,willow,9000003211,0,70元生活业态抵用券
4005372001201709070690724871,17090711101769770724055,2017-09-07 03:10:17.552211,2017-09-07 03:10:25.111746,20170907111024,70.00,LM1504753817539677643,15982114665,蔡林珈,9000003144,0,70元生活业态抵用券
4005952001201709070687301783,17090711180260882196156,2017-09-07 03:18:02.492907,2017-09-07 03:18:13.957016,20170907111811,70.00,LM1504754282480228898,13981821377,肖玲,8600007512,0,70元生活业态抵用券
4005432001201709070687594532,17090711241599993130478,2017-09-07 03:24:15.660328,2017-09-07 03:24:23.865073,20170907112422,70.00,LM1504754655649816974,13880118303,Emma饒饒,9000004387,0,70元生活业态抵用券
4005432001201709070693125918,17090711244798178098693,2017-09-07 03:24:47.777698,2017-09-07 03:24:54.064475,20170907112453,70.00,LM1504754687765450204,13880118303,Emma饒饒,9000004387,0,70元生活业态抵用券
4005432001201709070691375744,17090711250107683220190,2017-09-07 03:25:00.845415,2017-09-07 03:25:07.644439,20170907112506,70.00,LM1504754700833454438,13880118303,Emma饒饒,9000004387,0,70元生活业态抵用券
4005432001201709070691459906,17090711260066330533041,2017-09-07 03:26:00.361558,2017-09-07 03:26:07.455196,20170907112606,70.00,LM1504754760351357179,13880118303,Emma饒饒,9000004387,0,70元生活业态抵用券
4005432001201709070690680584,17090711262139862410427,2017-09-07 03:26:21.087769,2017-09-07 03:26:27.628382,20170907112626,70.00,LM1504754781077447835,13880118303,Emma饒饒,9000004387,0,70元生活业态抵用券
4005432001201709070689742015,17090711263547055435098,2017-09-07 03:26:35.247554,2017-09-07 03:26:41.364114,20170907112640,70.00,LM1504754795235266989,13880118303,Emma饒饒,9000004387,0,70元生活业态抵用券
4001042001201709070689740308,17090711270174492660325,2017-09-07 03:27:01.533424,2017-09-07 03:27:10.503576,20170907112709,60.00,LM1504754821523069570,18666669760,王纯,8600256705,0,60团100餐饮代金券
4005432001201709070689783020,17090711272035215546301,2017-09-07 03:27:20.082769,2017-09-07 03:27:25.977583,20170907112724,70.00,LM1504754840072781525,13880118303,Emma饒饒,9000004387,0,70元生活业态抵用券
4001042001201709070691538996,17090711281597153399337,2017-09-07 03:28:15.755388,2017-09-07 03:28:21.243197,20170907112820,70.00,LM1504754895745332375,18666669760,王纯,8600256705,0,70元生活业态抵用券
4000042001201709070687746596,17090711283871253469957,2017-09-07 03:28:38.435002,2017-09-08 04:31:44.549695,20170907112851,70.00,LM1504754918422979533,13880781139,赵渌雅,8600312235,1,70元生活业态抵用券
4005952001201709070696801016,17090711484200459261141,2017-09-07 03:48:41.842002,2017-09-20 03:25:09.556242,20170907114847,70.00,LM1504756121830448634,15198261350,唐莉,8600240592,1,70元生活业态抵用券
4004092001201709070697270915,17090711582360687029014,2017-09-07 03:58:23.203624,2017-09-30 13:08:50.420600,20170907115832,70.00,LM1504756703191452952,13648098142,？？屁屁西。,9000003773,1,70元生活业态抵用券
4009282001201709070699431179,17090712051284037333595,2017-09-07 04:05:12.658180,2017-09-08 11:43:50.631869,20170907120522,60.00,LM1504757112648011920,18108183691,当时曾照,9000000553,1,60团100餐饮代金券
4009282001201709070699470821,17090712053137799955866,2017-09-07 04:05:31.054075,2017-09-08 11:43:41.339230,20170907120536,60.00,LM1504757131041938175,18108183691,当时曾照,9000000553,1,60团100餐饮代金券
4007852001201709070695932236,17090712103305302226828,2017-09-07 04:10:32.786338,2017-09-07 04:10:40.423618,20170907121039,70.00,LM1504757432774021807,18682553313,kary_ ？？,9000002069,0,70元生活业态抵用券
4006652001201709070696091641,17090712133809658043446,2017-09-07 04:13:34.810784,2017-09-07 04:13:53.199635,20170907121352,70.00,LM1504757614800574732,13881767681,张杰,8600299002,0,70元生活业态抵用券
4007872001201709070704826269,17090712281835498981295,2017-09-07 04:28:18.036791,2017-09-07 13:57:18.584099,20170907122826,60.00,LM1504758498026635288,18665260124,小雨。,9000002600,1,60团100餐饮代金券
4007492001201709070705848402,17090712473991752399550,2017-09-07 04:47:39.762952,2017-09-07 12:59:02.092940,20170907124745,70.00,LM1504759659750447902,13608179696,之乐,9000004528,1,70元生活业态抵用券
4005442001201709070710645307,17090713031243780580901,2017-09-07 05:03:12.269922,2017-09-07 05:03:22.778299,20170907130321,70.00,LM1504760592257549746,18602873587,angela-c,9000004606,0,70元生活业态抵用券
4006592001201709070712861560,17090713124350491317400,2017-09-07 05:12:43.212045,2017-09-07 05:12:51.302147,20170907131250,70.00,LM1504761163199515141,15351221988,Tina Zhang？？,9000005002,0,70元生活业态抵用券
4004932001201709070716634228,17090713162526820806880,2017-09-07 05:16:25.084193,2017-09-07 08:14:47.128704,20170907131714,70.00,LM1504761385073996676,13881736329,摩登艺匠Steven-woo,9000004783,1,70元生活业态抵用券
4006572001201709070711200180,17090713165773900808507,2017-09-07 05:16:57.623562,2017-09-07 05:17:08.578865,20170907131707,70.00,LM1504761417612839182,18180672726,笑呵 呵,9000005054,0,70元生活业态抵用券
4006592001201709070714962670,17090713191281271355529,2017-09-07 05:19:12.584039,2017-09-07 05:19:20.578144,20170907131919,70.00,LM1504761552574137024,15351221988,Tina Zhang？？,9000005002,0,70元生活业态抵用券
4001482001201709070713412364,17090713260924360031616,2017-09-07 05:26:09.081960,2017-09-07 05:26:17.218726,20170907132616,70.00,LM1504761969071781575,18200381377,峻哲妈妈,9000004869,0,70元生活业态抵用券
4009182001201709070713489256,17090713264645594846374,2017-09-07 05:26:46.297218,2017-09-07 06:52:33.262588,20170907132653,70.00,LM1504762006287913703,13881725857,回味往事,9000004854,1,70元生活业态抵用券
4004802001201709070715853228,17090713404506605169731,2017-09-07 05:40:44.912065,2017-09-08 04:00:32.764692,20170907134106,70.00,LM1504762844899374476,15608084488,Thomas 松哥,9000004476,1,70元生活业态抵用券
4004802001201709070714141098,17090713443113104166649,2017-09-07 05:44:30.751871,2017-09-08 04:00:19.638429,20170907134438,60.00,LM1504763070739869485,15608084488,Thomas 松哥,9000004476,1,60团100餐饮代金券
4009612001201709070718532613,17090713502606427433621,2017-09-07 05:50:25.900864,2017-09-07 05:50:34.399738,20170907135033,70.00,LM1504763425890624785,15928698538,汪洋,8600051494,0,70元生活业态抵用券
4005282001201709070720100173,17090714355466517555312,2017-09-07 06:35:54.404372,2017-09-07 06:36:02.857767,20170907143601,70.00,LM1504766154393430314,18681372040,王魏紫,9000002895,0,70元生活业态抵用券
4007612001201709070726098468,17090714454266686143629,2017-09-07 06:45:42.374906,2017-09-30 07:49:15.550818,20170907145315,70.00,LM1504766742364437963,13688195800,姚蕾诗,8600261796,1,70元生活业态抵用券
4005462001201709070726915033,17090714581289677438798,2017-09-07 06:58:12.741386,2017-09-07 10:10:07.915703,20170907145824,60.00,LM1504767492731150699,18402863334,王品申洪川（仁恒置地店）,9000004771,1,60团100餐饮代金券
4002512001201709070727841783,17090715254357661798870,2017-09-07 07:25:43.270009,2017-09-07 10:06:55.113423,20170907152551,60.00,LM1504769143259363898,13608013510,蒲维维,8600196083,1,60团100餐饮代金券
4002512001201709070729911798,17090715260661086411994,2017-09-07 07:26:06.374497,2017-09-07 10:06:50.309649,20170907152610,60.00,LM1504769166364358481,13608013510,蒲维维,8600196083,1,60团100餐饮代金券
4001252001201709070734586584,17090715440303027237842,2017-09-07 07:44:02.647041,2017-09-07 07:44:27.470452,20170907154426,70.00,LM1504770242635112390,18781316666,？？,9000004752,0,70元生活业态抵用券
4003282001201709070738825065,17090716041938127839628,2017-09-07 08:04:19.187323,2017-09-07 08:04:28.931259,20170907160427,70.00,LM1504771459177096735,18108207280,学会释然,9000000781,0,70元生活业态抵用券
4009352001201709070746819311,17090716582947084549216,2017-09-07 08:58:29.119513,2017-09-07 08:58:37.984734,20170907165836,70.00,LM1504774709109428574,13882188839,阿阿阿の偏爱？？？？？？？？,9000004822,0,70元生活业态抵用券
4007782001201709070785496154,17090720373423688022065,2017-09-07 12:37:34.038045,2017-09-07 12:37:42.837227,20170907203741,60.00,LM1504787854027529326,13880999528,薇薇九亿,8600317119,0,60团100餐饮代金券
4004872001201709070794744192,17090721155392039527967,2017-09-07 13:15:53.422701,2017-09-07 13:16:06.603118,20170907211605,70.00,LM1504790153412477690,18628029069,邹学宇,8600323851,0,70元生活业态抵用券
4007082001201709070810641653,17090722560514229877389,2017-09-07 14:56:04.902547,2017-09-07 14:56:10.349342,20170907225609,70.00,LM1504796164890184964,13550099655,KK,9000003023,0,70元生活业态抵用券
4007082001201709070807373301,17090722562695134479222,2017-09-07 14:56:26.892664,2017-09-07 14:56:35.567965,20170907225634,60.00,LM1504796186881505226,13550099655,KK,9000003023,0,60团100餐饮代金券
4000042001201709080867948640,17090810441007805634073,2017-09-08 02:44:09.827350,2017-09-08 04:31:16.147407,20170908104419,60.00,LM1504838649815361917,13880781139,赵渌雅,8600312235,1,60团100餐饮代金券
4004252001201709080876609558,17090811181557983497372,2017-09-08 03:18:15.423821,2017-09-08 03:18:23.738319,20170908111822,60.00,LM1504840695411441173,13668265906,段世钰,8700026016,0,60团100餐饮代金券
4006072001201709080876633576,17090811191378886708871,2017-09-08 03:19:13.575976,2017-09-08 04:40:30.487363,20170908111920,60.00,LM1504840753565638983,13666166090,斯坦克,9000001787,1,60团100餐饮代金券
4001902001201709080878410747,17090811283465304382217,2017-09-08 03:28:34.385072,2017-09-08 05:02:40.735450,20170908112845,60.00,LM1504841314372990133,13671673741,？？田？？,9000004150,1,60团100餐饮代金券
4001432001201709080879383623,17090811480586295425561,2017-09-08 03:48:05.334052,2017-09-08 04:02:06.560603,20170908114815,60.00,LM1504842485322088091,18628087553,媛熙？？,9000000567,1,60团100餐饮代金券
4003432001201709080878182739,17090811495405981373947,2017-09-08 03:49:53.815183,2017-09-08 03:50:16.299442,20170908115015,60.00,LM1504842593805185718,17761215206,许家大小姐？？晴晴？？,9000005062,0,60团100餐饮代金券
4005662001201709080879822624,17090811554727793259384,2017-09-08 03:55:47.114917,2017-09-08 03:55:55.868580,20170908115554,60.00,LM1504842947104968840,18228068593,陈欢欢,9000004446,0,60团100餐饮代金券
4002772001201709080888434070,17090812083244499182844,2017-09-08 04:08:32.138031,2017-09-08 04:08:39.821574,20170908120838,60.00,LM1504843712125895908,13699494900,   mini？？,9000003289,0,60团100餐饮代金券
4000482001201709080883992412,17090812121930246666441,2017-09-08 04:12:19.038067,2017-09-08 04:12:27.987345,20170908121226,60.00,LM1504843939026143292,13971271878,任娅,8600272066,0,60团100餐饮代金券
4003172001201709080884012095,17090812125104097551607,2017-09-08 04:12:50.881906,2017-09-08 04:13:07.708629,20170908121306,60.00,LM1504843970869998871,13658098887,李津成,9000004909,0,60团100餐饮代金券
4000482001201709080884067646,17090812130996176890432,2017-09-08 04:13:09.740203,2017-09-08 04:13:26.499693,20170908121325,60.00,LM1504843989728256760,13971271878,任娅,8600272066,0,60团100餐饮代金券
4000482001201709080885697060,17090812164782463098240,2017-09-08 04:16:47.597172,2017-09-08 04:16:56.118435,20170908121655,60.00,LM1504844207585361623,13971271878,任娅,8600272066,0,60团100餐饮代金券
4000482001201709080885724447,17090812171585522533914,2017-09-08 04:17:15.557267,2017-09-08 04:17:24.695951,20170908121723,60.00,LM1504844235545427127,13971271878,任娅,8600272066,0,60团100餐饮代金券
4003172001201709080885767618,17090812175456281341334,2017-09-08 04:17:54.398804,2017-09-08 04:18:05.869367,20170908121804,60.00,LM1504844274386649038,13658098887,李津成,9000004909,0,60团100餐饮代金券
4003012001201709080886014281,17090812231702124519685,2017-09-08 04:23:16.787702,2017-09-08 04:23:25.667342,20170908122324,60.00,LM1504844596777017265,15183662282,曦曦,9000004617,0,60团100餐饮代金券
4003012001201709080886049664,17090812234123641678335,2017-09-08 04:23:40.953830,2017-09-08 04:23:47.258754,20170908122346,60.00,LM1504844620941893187,15183662282,曦曦,9000004617,0,60团100餐饮代金券
4004692001201709080890779448,17090812275661947786291,2017-09-08 04:27:56.380441,2017-09-08 05:08:11.690088,20170908122806,60.00,LM1504844876370328065,13060091082,Lawrence,9000002332,1,60团100餐饮代金券
4003052001201709080892359655,17090812295984883773757,2017-09-08 04:29:57.749268,2017-09-08 11:44:16.729593,20170908123010,60.00,LM1504844997737362930,15828304001,小可 同学,9000000666,1,60团100餐饮代金券
4003052001201709080887682319,17090812304645600382521,2017-09-08 04:30:43.901525,2017-09-08 11:44:04.439091,20170908123051,60.00,LM1504845043889429129,15828304001,小可 同学,9000000666,1,60团100餐饮代金券
4007982001201709080887683586,17090812312645931960462,2017-09-08 04:31:26.229792,2017-09-08 04:31:42.648840,20170908123141,60.00,LM1504845086217709905,13981789045,A_史泽,9000003532,0,60团100餐饮代金券
4000042001201709080890960566,17090812321769645046977,2017-09-08 04:32:17.458989,2017-09-08 04:32:26.867523,20170908123225,70.00,LM1504845137446957443,13880781139,赵渌雅,8600312235,0,70元生活业态抵用券
4007982001201709080892509316,17090812325730902610911,2017-09-08 04:32:57.177396,2017-09-08 04:33:07.878729,20170908123306,60.00,LM1504845177167624124,13981789045,A_史泽,9000003532,0,60团100餐饮代金券
4007982001201709080892579264,17090812341825197645033,2017-09-08 04:34:18.056024,2017-09-08 04:34:27.582015,20170908123426,60.00,LM1504845258045915221,13981789045,A_史泽,9000003532,0,60团100餐饮代金券
4008892001201709080892548576,17090812343119022627548,2017-09-08 04:34:30.988329,2017-09-08 04:34:45.298634,20170908123444,60.00,LM1504845270978440535,13419431551,？？,9000004647,0,60团100餐饮代金券
4008892001201709080892590592,17090812344844046949582,2017-09-08 04:34:48.194840,2017-09-08 04:35:13.156703,20170908123512,60.00,LM1504845288183026268,13419431551,？？,9000004647,0,60团100餐饮代金券
4001872001201709080888243413,17090812412352936100874,2017-09-08 04:41:23.266515,2017-09-08 04:41:34.792095,20170908124133,60.00,LM1504845683254587054,15583808366,月儿弯弯？？,9000003652,0,60团100餐饮代金券
4006232001201709080894355625,17090812434439899927619,2017-09-08 04:43:44.035123,2017-09-08 04:43:50.930161,20170908124349,70.00,LM1504845824022362502,13648008172,Abby？？？？,9000005101,0,70元生活业态抵用券
4000152001201709080892007059,17090812523591227883295,2017-09-08 04:52:35.671272,2017-09-08 04:52:43.576556,20170908125242,60.00,LM1504846355659348391,15281073767,Wency.Li,9000005072,0,60团100餐饮代金券
4009152001201709080896913316,17090812560426789820928,2017-09-08 04:56:04.008781,2017-09-08 04:56:12.590955,20170908125611,60.00,LM1504846563996725433,15986779333,吴奕瀚,9000004282,0,60团100餐饮代金券
4007832001201709080896947354,17090812571734358260405,2017-09-08 04:57:17.160874,2017-09-08 04:57:26.695359,20170908125725,60.00,LM1504846637150569518,13688006677,快乐叶子,9000001524,0,60团100餐饮代金券
4006002001201709080897031908,17090812590002192431974,2017-09-08 04:58:59.801228,2017-09-08 04:59:08.093766,20170908125907,60.00,LM1504846739791137896,13880794660,TTTracy,9000003397,0,60团100餐饮代金券
4008762001201709080895070790,17090813010775973107900,2017-09-08 05:01:07.500152,2017-09-08 05:01:15.994023,20170908130114,60.00,LM1504846867488022351,13882211566,披星戴月,9000003297,0,60团100餐饮代金券
4006002001201709080898440752,17090813025150567522976,2017-09-08 05:02:51.298361,2017-09-08 05:02:56.381533,20170908130255,60.00,LM1504846971286297085,13880794660,TTTracy,9000003397,0,60团100餐饮代金券
4001632001201709080897258531,17090813042861477201891,2017-09-08 05:04:28.251114,2017-09-08 05:04:35.055553,20170908130433,60.00,LM1504847068241122028,18502808425,R柴,9000003279,0,60团100餐饮代金券
4008902001201709080897453279,17090813075179094171169,2017-09-08 05:07:51.583421,2017-09-08 05:08:01.789938,20170908130800,60.00,LM1504847271572609798,13981811185,吴虹,8600253959,0,60团100餐饮代金券
4004072001201709080900489215,17090813142073714294579,2017-09-08 05:14:20.526552,2017-09-08 05:14:33.484450,20170908131432,60.00,LM1504847660514434592,15528360808,niki~mi,9000003682,0,60团100餐饮代金券
4002352001201709080897970347,17090813185151574416273,2017-09-08 05:18:51.292333,2017-09-08 05:19:32.429533,20170908131931,60.00,LM1504847931282234807,13709056573,曾晓娟,8600277297,0,60团100餐饮代金券
4002352001201709080899194692,17090813195311429382424,2017-09-08 05:19:52.896008,2017-09-08 05:20:07.755687,20170908132006,60.00,LM1504847992883948369,13709056573,曾晓娟,8600277297,0,60团100餐饮代金券
4000222001201709080902359546,17090813283794561056425,2017-09-08 05:28:37.478790,2017-09-08 05:29:08.583473,20170908132907,60.00,LM1504848517466753448,13982503331,周裕春,8600015846,0,60团100餐饮代金券
4000222001201709080902422454,17090813291981323672898,2017-09-08 05:29:19.584022,2017-09-08 05:29:26.349834,20170908132925,60.00,LM1504848559572033696,13982503331,周裕春,8600015846,0,60团100餐饮代金券
4000672001201709080902510733,17090813314223336505968,2017-09-08 05:31:41.896792,2017-09-08 05:32:08.404356,20170908133207,60.00,LM1504848701886315728,13982503331,周裕春,8600015846,0,60团100餐饮代金券
4006692001201709080899701520,17090813350201943707842,2017-09-08 05:35:01.575203,2017-09-08 05:35:09.563724,20170908133508,60.00,LM1504848901564402629,18982209755,Rita.X,9000002138,0,60团100餐饮代金券
4009152001201709080899836360,17090813365893351662285,2017-09-08 05:36:58.830459,2017-09-08 05:37:08.185100,20170908133707,60.00,LM1504849018818434907,15986779333,吴奕瀚,9000004282,0,60团100餐饮代金券
4006882001201709080904794481,17090813384676308492793,2017-09-08 05:38:46.496735,2017-09-08 05:38:54.670357,20170908133853,60.00,LM1504849126484441618,18980051880,Cathy,9000004344,0,60团100餐饮代金券
4002612001201709080905661086,17090814044444385301710,2017-09-08 06:04:44.243359,2017-09-08 06:04:52.303132,20170908140451,60.00,LM1504850684233142185,13658068887,陈梅,8600302731,0,60团100餐饮代金券
4002612001201709080903862229,17090814050502192692180,2017-09-08 06:05:04.876203,2017-09-08 06:05:13.124639,20170908140511,60.00,LM1504850704863836398,13658068887,陈梅,8600302731,0,60团100餐饮代金券
4004252001201709080906185970,17090814162472209359378,2017-09-08 06:16:24.550785,2017-09-08 06:16:34.178038,20170908141633,60.00,LM1504851384538610297,13668265906,段世钰,8700026016,0,60团100餐饮代金券
4001442001201709080909468224,17090814310236722357829,2017-09-08 06:31:02.195069,2017-09-08 06:31:09.438092,20170908143108,60.00,LM1504852262182933248,13408409848,朱金福,9000002464,0,60团100餐饮代金券
4004192001201709080909611045,17090814350027101912586,2017-09-08 06:35:00.148550,2017-09-08 06:35:16.275961,20170908143515,60.00,LM1504852500135882154,18990816958,无为,9000004986,0,60团100餐饮代金券
4004192001201709080912945963,17090814354834609109189,2017-09-08 06:35:48.245749,2017-09-08 06:35:56.884594,20170908143555,60.00,LM1504852548233594360,18990816958,无为,9000004986,0,60团100餐饮代金券
4009252001201709080908063767,17090814371311067329526,2017-09-08 06:37:12.956036,2017-09-08 06:37:22.553570,20170908143721,70.00,LM1504852632945745911,18583380583,Bretta,9000000446,0,70元生活业态抵用券
4005252001201709080913056646,17090814385289124989900,2017-09-08 06:38:52.659649,2017-09-08 06:39:00.364583,20170908143859,60.00,LM1504852732647771159,15928725764,陶2,9000001048,0,60团100餐饮代金券
4009092001201709080910969716,17090814502796311690969,2017-09-08 06:50:27.721162,2017-09-08 06:50:36.173508,20170908145035,60.00,LM1504853427710756042,13648020755,小太阳,9000005168,0,60团100餐饮代金券
4008652001201709080910208032,17090814512605990212047,2017-09-08 06:51:24.935256,2017-09-08 06:51:46.836193,20170908145145,60.00,LM1504853484925158360,15308009894,君临醇（真实窖藏-纯粮酿造）,9000004201,0,60团100餐饮代金券
4007072001201709080920876245,17090815274110676131074,2017-09-08 07:27:40.983530,2017-10-10 06:32:57.484101,20170908152748,70.00,LM1504855660971031499,18608035318,冷,9000002501,1,70元生活业态抵用券
4007212001201709080934992557,17090817103294268377154,2017-09-08 09:10:32.723147,2017-09-26 08:23:39.196223,20170908171040,70.00,LM1504861832712285189,13880667204,傅磊,8600236988,1,70元生活业态抵用券
4006472001201709080935999241,17090817324656020285756,2017-09-08 09:32:46.340657,2017-09-08 09:32:54.077057,20170908173253,60.00,LM1504863166328611270,13558677897,小7？？妹儿,9000002390,0,60团100餐饮代金券
4006472001201709080938086493,17090817330381814180640,2017-09-08 09:33:03.628127,2017-09-08 09:33:10.945981,20170908173309,60.00,LM1504863183615615112,13558677897,小7？？妹儿,9000002390,0,60团100餐饮代金券
4004162001201709080943122479,17090817531913872612307,2017-09-08 09:53:18.755283,2017-09-08 09:53:39.854172,20170908175338,60.00,LM1504864398742804359,18108160317,彭欣,8600294425,0,60团100餐饮代金券
4001502001201709080948446293,17090818081905982935162,2017-09-08 10:08:18.930331,2017-09-08 10:08:26.596581,20170908180825,60.00,LM1504865298920074418,18328518130,VINCENT,9000002165,0,60团100餐饮代金券
4001502001201709080943898919,17090818090595561135262,2017-09-08 10:09:05.820210,2017-09-08 10:09:13.877629,20170908180912,60.00,LM1504865345808277128,18328518130,VINCENT,9000002165,0,60团100餐饮代金券
4009762001201709080944003257,17090818102678065312453,2017-09-08 10:10:26.475762,2017-09-08 10:10:36.011431,20170908181035,60.00,LM1504865426463834375,13628037777,秋天的树,9000000572,0,60团100餐饮代金券
4009762001201709080945755590,17090818105031847408154,2017-09-08 10:10:50.073532,2017-09-08 10:10:57.247420,20170908181056,60.00,LM1504865450061359165,13628037777,秋天的树,9000000572,0,60团100餐饮代金券
4004162001201709080948854502,17090818160982359521927,2017-09-08 10:16:09.569619,2017-09-08 10:16:18.723377,20170908181617,60.00,LM1504865769558528053,18108160317,彭欣,8600294425,0,60团100餐饮代金券
4004162001201709080946111318,17090818163954294745596,2017-09-08 10:16:39.204115,2017-09-08 10:16:45.777255,20170908181644,60.00,LM1504865799191939098,18108160317,彭欣,8600294425,0,60团100餐饮代金券
4002002001201709080947111512,17090818173179616598942,2017-09-08 10:17:30.161182,2017-09-08 10:17:41.032490,20170908181740,60.00,LM1504865850148879261,13628021830,TTony,9000000598,0,60团100餐饮代金券
4004012001201709080948994399,17090818205848621262573,2017-09-08 10:20:58.278643,2017-09-08 10:21:41.700399,20170908182140,60.00,LM1504866058268170350,13896054056,Ivy,9000004022,0,60团100餐饮代金券
4004012001201709080947363855,17090818223859594990162,2017-09-08 10:22:38.401286,2017-09-08 10:22:45.789531,20170908182244,60.00,LM1504866158389270134,13896054056,Ivy,9000004022,0,60团100餐饮代金券
4001612001201709080950732618,17090818253191355381551,2017-09-08 10:25:31.748852,2017-09-08 10:25:47.782427,20170908182546,60.00,LM1504866331738195015,18982080008,牟毅,8800004699,0,60团100餐饮代金券
4001612001201709080952616233,17090818260787483162985,2017-09-08 10:26:07.543019,2017-09-08 10:26:16.744058,20170908182615,60.00,LM1504866367532735509,18982080008,牟毅,8800004699,0,60团100餐饮代金券
4005362001201709080952758696,17090818282213403909727,2017-09-08 10:28:21.949587,2017-09-08 10:28:35.345856,20170908182834,60.00,LM1504866501937546629,13880709178,颖,9000005195,0,60团100餐饮代金券
4005362001201709080947633182,17090818285173342612484,2017-09-08 10:28:51.617868,2017-09-08 10:28:59.603611,20170908182858,60.00,LM1504866531605728403,13880709178,颖,9000005195,0,60团100餐饮代金券
4005362001201709080947663144,17090818292055985455609,2017-09-08 10:29:20.393763,2017-09-08 10:29:27.885255,20170908182926,60.00,LM1504866560381479465,13880709178,颖,9000005195,0,60团100餐饮代金券
4009842001201709080952938577,17090818325165151683496,2017-09-08 10:32:51.348062,2017-09-08 10:32:59.216192,20170908183258,60.00,LM1504866771337908612,18908371085,ZHENG Z.,9000002954,0,60团100餐饮代金券
4007072001201709080949925461,17090818363208976538144,2017-09-08 10:36:31.967550,2017-09-08 10:36:42.581869,20170908183638,60.00,LM1504866991955648950,18608035318,冷,9000002501,0,60团100餐饮代金券
4007072001201709080949949251,17090818371274975623575,2017-09-08 10:37:12.347689,2017-09-08 10:37:19.759847,20170908183718,60.00,LM1504867032337347727,18608035318,冷,9000002501,0,60团100餐饮代金券
4007072001201709080948104471,17090818372842356195321,2017-09-08 10:37:28.290498,2017-09-08 10:37:34.908056,20170908183733,60.00,LM1504867048278630004,18608035318,冷,9000002501,0,60团100餐饮代金券
4007072001201709080950000046,17090818380448906486802,2017-09-08 10:38:04.305026,2017-09-08 10:38:11.637953,20170908183810,60.00,LM1504867084293364438,13880285965,张晶磊,9000003783,0,60团100餐饮代金券
4005572001201709080953255773,17090818381557208962760,2017-09-08 10:38:15.378084,2017-09-08 10:38:28.811394,20170908183827,60.00,LM1504867095367885348,13258376120,朱元彬,9000000586,0,60团100餐饮代金券
4003562001201709080949984341,17090818383479402153396,2017-09-08 10:38:34.614870,2017-09-08 10:38:42.323767,20170908183841,60.00,LM1504867114602814401,15108309544,M_Min_H,9000001531,0,60团100餐饮代金券
4002392001201709080950138727,17090818412874360640907,2017-09-08 10:41:28.605242,2017-09-08 10:41:36.925207,20170908184135,60.00,LM1504867288594249076,18140187737,一根草？-牧羊人,9000004600,0,60团100餐饮代金券
4002392001201709080950208461,17090818414564109998668,2017-09-08 10:41:45.299847,2017-09-08 10:41:52.262137,20170908184151,60.00,LM1504867305287539835,18140187737,一根草？-牧羊人,9000004600,0,60团100餐饮代金券
4005572001201709080953526729,17090818435767603829629,2017-09-08 10:43:57.374978,2017-09-08 10:44:11.475503,20170908184410,60.00,LM1504867437363029426,13258376120,朱元彬,9000000586,0,60团100餐饮代金券
4002722001201709080957542343,17090819071471089627274,2017-09-08 11:07:14.324541,2017-09-08 15:31:59.049518,20170908190723,60.00,LM1504868834314450501,18780297288,奔奔,9000004872,1,60团100餐饮代金券
4002722001201709080955602917,17090819081269594721880,2017-09-08 11:08:12.551886,2017-09-08 14:26:22.192677,20170908190819,60.00,LM1504868892541745121,18780297288,奔奔,9000004872,1,60团100餐饮代金券
4003992001201709080957993244,17090819150796343881799,2017-09-08 11:15:07.195641,2017-09-08 11:15:39.055668,20170908191537,70.00,LM1504869307183592420,17780722040,latie,9000003854,0,70元生活业态抵用券
4006042001201709080961355828,17090819185289181231427,2017-09-08 11:18:52.742240,2017-09-08 11:19:05.053206,20170908191904,60.00,LM1504869532731995652,13880707115,张南洁,8600244917,0,60团100餐饮代金券
4006042001201709080959343308,17090819192068238456539,2017-09-08 11:19:20.519255,2017-09-08 11:19:28.210366,20170908191927,60.00,LM1504869560507136668,13880707115,张南洁,8600244917,0,60团100餐饮代金券
4007832001201709080962518593,17090819252997193763907,2017-09-08 11:25:29.705632,2017-09-08 11:25:40.618487,20170908192539,60.00,LM1504869929693543608,13881101525,李沁汶,8600274468,0,60团100餐饮代金券
4007832001201709080959779106,17090819263717700100879,2017-09-08 11:26:36.896885,2017-09-08 11:26:47.492364,20170908192646,60.00,LM1504869996887605637,13881101525,李沁汶,8600274468,0,60团100餐饮代金券
4007072001201709080962639756,17090819280238427910339,2017-09-08 11:28:02.187957,2017-10-10 06:33:48.744167,20170908192812,70.00,LM1504870082177981247,18608035318,冷,9000002501,1,70元生活业态抵用券
4007172001201709080968447433,17090819395988138459353,2017-09-08 11:39:59.705233,2017-09-08 11:40:15.998901,20170908194014,60.00,LM1504870799693293584,13981813677,何海涛,9000004323,0,60团100餐饮代金券
4007172001201709080966431895,17090819403718403106076,2017-09-08 11:40:37.064596,2017-09-08 11:40:49.824564,20170908194045,60.00,LM1504870837054349236,13981813677,何海涛,9000004323,0,60团100餐饮代金券
4007172001201709080963332973,17090819410406695670742,2017-09-08 11:41:03.895622,2017-09-08 11:41:13.303954,20170908194112,60.00,LM1504870863883638304,13981813677,何海涛,9000004323,0,60团100餐饮代金券
4005462001201709080966048340,17090819554407614996033,2017-09-08 11:55:43.959331,2017-09-08 13:47:18.311724,20170908195552,60.00,LM1504871743947292138,18402863334,王品申洪川（仁恒置地店）,9000004771,1,60团100餐饮代金券
4005462001201709080967368241,17090819561771161290997,2017-09-08 11:56:17.579352,2017-09-08 13:47:00.304760,20170908195624,60.00,LM1504871777569236867,18402863334,王品申洪川（仁恒置地店）,9000004771,1,60团100餐饮代金券
4005462001201709080964081591,17090819564503140472016,2017-09-08 11:56:44.888029,2017-09-08 13:46:46.093817,20170908195652,60.00,LM1504871804876131009,18402863334,王品申洪川（仁恒置地店）,9000004771,1,60团100餐饮代金券
4005462001201709080969365878,17090819572506855292273,2017-09-08 11:57:24.947328,2017-09-08 13:46:31.193664,20170908195731,60.00,LM1504871844937171673,18402863334,王品申洪川（仁恒置地店）,9000004771,1,60团100餐饮代金券
4001362001201709080977217568,17090820132396994355443,2017-09-08 12:13:23.640796,2017-09-08 12:33:51.924787,20170908203350,60.00,LM1504872803628671767,15681499999,罗灿,8600015960,0,60团100餐饮代金券
4006892001201709080972991194,17090820160535187446777,2017-09-08 12:16:05.110244,2017-09-08 12:17:07.413403,20170908201705,60.00,LM1504872965098234250,13880008311,胡燕,9000005036,0,60团100餐饮代金券
4006892001201709080971202193,17090820172400661331279,2017-09-08 12:17:23.850990,2017-09-08 12:17:32.447185,20170908201731,60.00,LM1504873043839064491,13880008311,胡燕,9000005036,0,60团100餐饮代金券
4006892001201709080976344121,17090820174052288976280,2017-09-08 12:17:40.335218,2017-09-08 12:17:49.188526,20170908201748,60.00,LM1504873060323164564,13880008311,胡燕,9000005036,0,60团100餐饮代金券
4001362001201709080973888773,17090820340666278719103,2017-09-08 12:34:06.436993,2017-09-08 12:34:14.232679,20170908203413,60.00,LM1504874046426754839,15681499999,罗灿,8600015960,0,60团100餐饮代金券
4001362001201709080972088114,17090820342641413830755,2017-09-08 12:34:26.214324,2017-09-08 12:34:33.957331,20170908203432,60.00,LM1504874066202424641,15681499999,罗灿,8600015960,0,60团100餐饮代金券
4001362001201709080975398718,17090820344963918878829,2017-09-08 12:34:49.499125,2017-09-08 12:34:57.311233,20170908203455,60.00,LM1504874089489124601,15681499999,罗灿,8600015960,0,60团100餐饮代金券
4001362001201709080977298143,17090820350355096573458,2017-09-08 12:35:03.350308,2017-09-08 12:35:10.372812,20170908203509,60.00,LM1504874103338325445,15681499999,罗灿,8600015960,0,60团100餐饮代金券
4001362001201709080977336810,17090820352043900225566,2017-09-08 12:35:20.226355,2017-09-08 12:35:27.413024,20170908203526,60.00,LM1504874120216208514,15681499999,罗灿,8600015960,0,60团100餐饮代金券
4001362001201709080974029858,17090820355448379583921,2017-09-08 12:35:53.937596,2017-09-08 12:36:02.968642,20170908203601,60.00,LM1504874153925487688,15681499999,罗灿,8600015960,0,60团100餐饮代金券
4001362001201709080972208278,17090820362030459179431,2017-09-08 12:36:19.802930,2017-09-08 12:36:29.630035,20170908203628,60.00,LM1504874179792872475,15681499999,罗灿,8600015960,0,60团100餐饮代金券
4001362001201709080977264203,17090820375738302696650,2017-09-08 12:37:57.050089,2017-09-08 12:38:05.304580,20170908203804,60.00,LM1504874277040164541,15681499999,罗灿,8600015960,0,60团100餐饮代金券
4001362001201709080974132752,17090820381811843666927,2017-09-08 12:38:17.923731,2017-09-08 12:38:24.932372,20170908203823,60.00,LM1504874297911702543,15681499999,罗灿,8600015960,0,60团100餐饮代金券
4009682001201709080983293706,17090821125527336976428,2017-09-08 13:12:54.977711,2017-09-08 13:13:06.744864,20170908211305,60.00,LM1504876374965497025,13705646444,会开的花,9000002760,0,60团100餐饮代金券
4005952001201709081001067643,17090822451862852536516,2017-09-08 14:45:18.209135,2017-09-08 14:45:27.791389,20170908224526,60.00,LM1504881918196678221,15198261350,唐莉,8600240592,0,60团100餐饮代金券
4004162001201709121653873460,17091212420622018701351,2017-09-12 04:42:05.890232,2017-10-16 05:31:21.133184,20170912124213,70.00,LM1505191325878148588,18581898209,Ivy,9000004876,1,70元生活业态抵用券
4004162001201709121654049866,17091212461423731087951,2017-09-12 04:46:13.969754,2017-10-16 05:31:09.362597,20170912124624,70.00,LM1505191573959493088,18581898209,Ivy,9000004876,1,70元生活业态抵用券
4003312001201709121681324836,17091215204014314040031,2017-09-12 07:20:39.927150,2017-09-12 07:21:35.441800,20170912152134,70.00,LM1505200839915279870,13982151108,杨蓉,8700024243,0,70元生活业态抵用券
